timestamp_s,session_id,scenario_id,phase,steer_in_deg,throttle_in,brake_in,speed_mps,yaw_rad,yaw_rate_rps,mode_id,fault_flag,rtt_s,jitter_s,steer_ref_deg,throttle_ref,brake_ref,speed_ref_mps,tol_steer_deg,tol_throttle,tol_brake,tol_speed_mps,e_steer_deg,e_throttle,e_brake,e_speed_mps
0.6,S20260416_140847,SC01,start,0.0,0.0,0.0,1.0398968015579158e-06,-0.6981316804885864,7.377814522642253e-20,3,0,0.548423800006276,0.0006844000017736107,0.0,0.0,0.0,0.0,2.0,0.05,0.05,0.5,0.0,0.0,0.0,1.0398968015579158e-06
0.629,S20260416_140847,SC01,start,0.0,0.0,0.0,1.0398968015579158e-06,-0.6981316804885864,1.7253948432211638e-19,3,0,0.6160163000167813,0.06759250001050532,0.0,0.0,0.0,0.0,2.0,0.05,0.05,0.5,0.0,0.0,0.0,1.0398968015579158e-06
0.693,S20260416_140847,SC01,start,0.0,0.0,0.0,5.431180625237175e-07,-0.6981316804885864,6.70802927094094e-11,2,0,0.07373492085025646,0.0029752000118605793,0.0,0.0,0.0,0.0,2.0,0.05,0.05,0.5,0.0,0.0,0.0,5.431180625237175e-07
0.76,S20260416_140847,SC01,start,0.0,0.0,0.0,2.4930543077061884e-05,-0.6981316804885864,-3.1614050266526306e-10,2,0,0.13987042085500434,0.00045369999133981764,0.0,0.0,0.0,0.0,2.0,0.05,0.05,0.5,0.0,0.0,0.0,2.4930543077061884e-05
0.823,S20260416_140847,SC01,start,0.0,0.0,0.0,0.0008951585041359067,-0.6981316804885864,4.277673254136048e-14,1,0,0.1607107844320126,0.005772289208834991,0.0,0.0,0.0,0.0,2.0,0.05,0.05,0.5,0.0,0.0,0.0,0.0008951585041359067
0.879,S20260416_140847,SC01,start,0.0,0.0,0.0,0.0024271919392049313,-0.6981316804885864,-1.0797324855019619e-15,1,0,0.1388880202139262,0.018043793184915558,0.0,0.0,0.0,0.0,2.0,0.05,0.05,0.5,0.0,0.0,0.0,0.0024271919392049313
0.942,S20260416_140847,SC01,start,0.0,0.0,0.0,0.00393707025796175,-0.6981316804885864,2.5784363187756666e-16,1,0,0.149321329430677,0.025582945032510906,0.0,0.0,0.0,0.0,2.0,0.05,0.05,0.5,0.0,0.0,0.0,0.00393707025796175
1.196,S20260416_140847,SC01,start,0.0,0.0,0.0,0.006117204669862986,-0.6981316804885864,-3.7829136625254845e-17,1,0,0.1774150775745511,0.0007241000130306929,0.0,0.0,0.0,0.0,2.0,0.05,0.05,0.5,0.0,0.0,0.0,0.006117204669862986
1.256,S20260416_140847,SC01,start,0.0,0.0,0.0,0.006086013745516539,-0.6981316804885864,8.883778827243138e-17,1,0,0.022057582740671933,0.20714269482414238,0.0,0.0,0.0,0.0,2.0,0.05,0.05,0.5,0.0,0.0,0.0,0.006086013745516539
1.319,S20260416_140847,SC01,start,0.0,0.0,0.0,0.006086013745516539,-0.6981316804885864,8.883778827243138e-17,1,0,0.022057582740671933,0.20714269482414238,0.0,0.0,0.0,0.0,2.0,0.05,0.05,0.5,0.0,0.0,0.0,0.006086013745516539
1.381,S20260416_140847,SC01,start,0.0,0.0,0.0,0.005836641415953636,-0.6981316804885864,1.9573892472197514e-17,1,0,0.08445274893892929,0.019362101651495323,0.0,0.0,0.0,0.0,2.0,0.05,0.05,0.5,0.0,0.0,0.0,0.005836641415953636
1.446,S20260416_140847,SC01,start,0.0,0.0,0.0,0.005646109580993652,-0.6981316804885864,1.7249443813390827e-17,1,0,0.0718977187643759,0.018961230176500976,0.0,0.0,0.0,0.0,2.0,0.05,0.05,0.5,0.0,0.0,0.0,0.005646109580993652
1.509,S20260416_140847,SC01,start,0.0,0.0,0.0,0.0051861233077943325,-0.6981316804885864,4.624338325226675e-18,1,0,0.03915274335304275,0.01554070069687441,0.0,0.0,0.0,0.0,2.0,0.05,0.05,0.5,0.0,0.0,0.0,0.0051861233077943325
1.569,S20260416_140847,SC01,start,0.0,0.0,0.0,0.004932527896016836,-0.6981316804885864,3.1625739048395572e-18,1,0,0.03787662857212126,0.020057417772477493,0.0,0.0,0.0,0.0,2.0,0.05,0.05,0.5,0.0,0.0,0.0,0.004932527896016836
1.629,S20260416_140847,SC01,start,0.0,0.0,0.0,0.00467144139111042,-0.6981316804885864,1.4927825766640296e-17,1,0,0.04282583942404017,0.019859697757055983,0.0,0.0,0.0,0.0,2.0,0.05,0.05,0.5,0.0,0.0,0.0,0.00467144139111042
1.694,S20260416_140847,SC01,start,0.0,0.0,0.0,0.004144820850342512,-0.6981316804885864,1.4152556734584412e-18,1,0,0.028063362726243213,0.01830016353051178,0.0,0.0,0.0,0.0,2.0,0.05,0.05,0.5,0.0,0.0,0.0,0.004144820850342512
1.755,S20260416_140847,SC01,start,0.0,0.0,0.0,0.003886088263243437,-0.6981316804885864,1.4428191926250863e-18,1,0,0.030082140729064122,0.01903647044673562,0.0,0.0,0.0,0.0,2.0,0.05,0.05,0.5,0.0,0.0,0.0,0.003886088263243437
1.817,S20260416_140847,SC01,start,0.0,0.0,0.0,0.0033895394299179316,-0.6981316804885864,6.29421977472994e-17,1,0,0.03054410286131315,0.019716644717846066,0.0,0.0,0.0,0.0,2.0,0.05,0.05,0.5,0.0,0.0,0.0,0.0033895394299179316
1.881,S20260416_140847,SC01,start,0.0,0.0,0.0,0.0030040089040994644,-0.6981316804885864,-1.0327434320147031e-17,1,0,0.04910582516458817,0.0009510000236332417,0.0,0.0,0.0,0.0,2.0,0.05,0.05,0.5,0.0,0.0,0.0,0.0030040089040994644
1.943,S20260416_140847,SC01,start,0.0,0.0,0.0,0.0027169836685061455,-0.6981316804885864,7.124345150263657e-17,1,0,0.02491337779792957,0.019607592868851498,0.0,0.0,0.0,0.0,2.0,0.05,0.05,0.5,0.0,0.0,0.0,0.0027169836685061455
2.008,S20260416_140847,SC01,start,0.0,0.0,0.0,0.00232413737103343,-0.6981316804885864,-1.4268663734470264e-17,1,0,0.022349752485752106,0.01942173094721511,0.0,0.0,0.0,0.0,2.0,0.05,0.05,0.5,0.0,0.0,0.0,0.00232413737103343
2.069,S20260416_140847,SC01,start,0.0,0.0,0.0,0.0020314757712185383,-0.6981316804885864,8.31178674238517e-17,1,0,0.04038299518288113,0.0009349999891128391,0.0,0.0,0.0,0.0,2.0,0.05,0.05,0.5,0.0,0.0,0.0,0.0020314757712185383
2.129,S20260416_140847,SC01,start,0.0,0.0,0.0,0.0018194435397163033,-0.6981316804885864,8.028643480452758e-17,1,0,0.0416344202531036,0.020437964441953227,0.0,0.0,0.0,0.0,2.0,0.05,0.05,0.5,0.0,0.0,0.0,0.0018194435397163033
2.195,S20260416_140847,SC01,start,0.0,0.0,0.0,0.0015363130951300263,-0.6981316804885864,2.2678751297362256e-17,1,0,0.021219490008661523,0.019184308854164556,0.0,0.0,0.0,0.0,2.0,0.05,0.05,0.5,0.0,0.0,0.0,0.0015363130951300263
2.262,S20260416_140847,SC01,start,0.0,0.0,0.0,0.001409537740983069,-0.6981316804885864,1.0057141805338998e-16,1,0,0.023688505607424304,0.018538395612267777,0.0,0.0,0.0,0.0,2.0,0.05,0.05,0.5,0.0,0.0,0.0,0.001409537740983069
2.325,S20260416_140847,SC01,start,0.0,0.0,0.0,0.0011832009768113494,-0.6981316804885864,2.4261923704590773e-17,1,0,0.026505105750402436,0.019767597783356905,0.0,0.0,0.0,0.0,2.0,0.05,0.05,0.5,0.0,0.0,0.0,0.0011832009768113494
2.386,S20260416_140847,SC01,start,0.0,0.0,0.0,0.0010826548095792532,-0.6981316804885864,8.827732377658995e-17,1,0,0.021621109190164134,0.020321258052717894,0.0,0.0,0.0,0.0,2.0,0.05,0.05,0.5,0.0,0.0,0.0,0.0010826548095792532
2.444,S20260416_140847,SC01,start,0.0,0.0,0.0,0.0009043487370945513,-0.6981316804885864,-2.74851024445751e-18,1,0,0.03859465639106929,0.022996290383161977,0.0,0.0,0.0,0.0,2.0,0.05,0.05,0.5,0.0,0.0,0.0,0.0009043487370945513
2.509,S20260416_140847,SC01,start,0.0,0.0,0.0,0.0007767024217173457,-0.6981316804885864,4.7474644902774385e-17,1,0,0.03916706386371516,0.0009358999959658831,0.0,0.0,0.0,0.0,2.0,0.05,0.05,0.5,0.0,0.0,0.0,0.0007767024217173457
2.567,S20260416_140847,SC01,start,0.0,0.0,0.0,0.0006867790943942964,-0.6981316804885864,4.3134358745537194e-17,1,0,0.047371441061841324,0.02036861897795461,0.0,0.0,0.0,0.0,2.0,0.05,0.05,0.5,0.0,0.0,0.0,0.0006867790943942964
2.629,S20260416_140847,SC01,start,0.0,0.0,0.0,0.0006257860222831368,-0.6981316804885864,-1.362180146441859e-18,1,0,0.028727742173941806,0.02288575319107622,0.0,0.0,0.0,0.0,2.0,0.05,0.05,0.5,0.0,0.0,0.0,0.0006257860222831368
2.692,S20260416_140847,SC01,start,0.0,0.0,0.0,0.000518668326549232,-0.6981316804885864,3.434833082912965e-17,1,0,0.031886318523902446,0.019200853072106838,0.0,0.0,0.0,0.0,2.0,0.05,0.05,0.5,0.0,0.0,0.0,0.000518668326549232
2.757,S20260416_140847,SC01,start,0.0,0.0,0.0,0.0004570964374579489,-0.6981316804885864,3.088029008421738e-17,1,0,0.04773261307855137,0.017683717072941363,0.0,0.0,0.0,0.0,2.0,0.05,0.05,0.5,0.0,0.0,0.0,0.0004570964374579489
2.817,S20260416_140847,SC01,start,0.0,0.0,0.0,0.0003898108843713999,-0.6981316804885864,4.0962844201462986e-17,1,0,0.027594023471465334,0.01892520926776342,0.0,0.0,0.0,0.0,2.0,0.05,0.05,0.5,0.0,0.0,0.0,0.0003898108843713999
2.885,S20260416_140847,SC01,start,0.0,0.0,0.0,0.0003214466560166329,-0.6981316804885864,-4.77295931345015e-19,1,0,0.025151543610263616,0.019064911553869024,0.0,0.0,0.0,0.0,2.0,0.05,0.05,0.5,0.0,0.0,0.0,0.0003214466560166329
2.944,S20260416_140847,SC01,start,0.0,0.0,0.0,0.0002917033270932734,-0.6981316804885864,1.0565797994182762e-17,1,0,0.023392803443130106,0.020412320329342037,0.0,0.0,0.0,0.0,2.0,0.05,0.05,0.5,0.0,0.0,0.0,0.0002917033270932734
3.019,S20260416_140847,SC01,start,0.0,0.0,0.0,0.00021743391698691994,-0.6981316804885864,8.187461827190695e-18,1,0,0.02511562645668164,0.02024375562905334,0.0,0.0,0.0,0.0,2.0,0.05,0.05,0.5,0.0,0.0,0.0,0.00021743391698691994
3.069,S20260416_140847,SC01,start,0.0,0.0,0.0,0.00019698547839652747,-0.6981316804885864,2.246244025845719e-17,1,0,0.022053045366192237,0.01866365413297899,0.0,0.0,0.0,0.0,2.0,0.05,0.05,0.5,0.0,0.0,0.0,0.00019698547839652747
3.128,S20260416_140847,SC01,start,0.0,0.0,0.0,0.00016148686700034887,-0.6981316804885864,-2.0847889219980568e-19,1,0,0.03211994719458744,0.019161477801389992,0.0,0.0,0.0,0.0,2.0,0.05,0.05,0.5,0.0,0.0,0.0,0.00016148686700034887
3.191,S20260416_140847,SC01,start,0.0,0.0,0.0,0.0001321829913649708,-0.6981316804885864,1.562149446524359e-17,1,0,0.021684885286958888,0.018755754310404882,0.0,0.0,0.0,0.0,2.0,0.05,0.05,0.5,0.0,0.0,0.0,0.0001321829913649708
3.255,S20260416_140847,SC01,start,0.0,0.0,0.0,0.00011952243949053809,-0.6981316804885864,9.317376481867717e-18,1,0,0.01447606025612913,0.019973703107098117,0.0,0.0,0.0,0.0,2.0,0.05,0.05,0.5,0.0,0.0,0.0,0.00011952243949053809
3.32,S20260416_140847,SC01,start,0.0,0.0,0.0,9.76132505456917e-05,-0.6981316804885864,1.1815355225478841e-17,1,0,0.022855186136439443,0.018686956929741427,0.0,0.0,0.0,0.0,2.0,0.05,0.05,0.5,0.0,0.0,0.0,9.76132505456917e-05
3.381,S20260416_140847,SC01,start,0.0,0.0,0.0,7.959976937854663e-05,-0.6981316804885864,-1.005057208359004e-19,1,0,0.03286253270925954,0.019137365597998723,0.0,0.0,0.0,0.0,2.0,0.05,0.05,0.5,0.0,0.0,0.0,7.959976937854663e-05
3.444,S20260416_140847,SC01,start,0.0,0.0,0.0,6.480993033619598e-05,-0.6981316804885864,8.08046601495696e-18,1,0,0.02533384517300874,0.01936222391668707,0.0,0.0,0.0,0.0,2.0,0.05,0.05,0.5,0.0,0.0,0.0,6.480993033619598e-05
3.506,S20260416_140847,SC01,start,0.0,0.0,0.0,5.268252789392136e-05,-0.6981316804885864,-6.693951998501987e-20,1,0,0.014804557373281568,0.01908308727433905,0.0,0.0,0.0,0.0,2.0,0.05,0.05,0.5,0.0,0.0,0.0,5.268252789392136e-05
3.567,S20260416_140847,SC01,start,0.0,0.0,0.0,4.74679509352427e-05,-0.6981316804885864,5.949302995524314e-18,1,0,0.024784281908068806,0.022001875448040664,0.0,0.0,0.0,0.0,2.0,0.05,0.05,0.5,0.0,0.0,0.0,4.74679509352427e-05
3.629,S20260416_140847,SC01,start,0.0,0.0,0.0,3.8483194657601416e-05,-0.6981316804885864,-4.965270534062603e-20,1,0,0.029851569735910743,0.02352529196650721,0.0,0.0,0.0,0.0,2.0,0.05,0.05,0.5,0.0,0.0,0.0,3.8483194657601416e-05
3.695,S20260416_140847,SC01,start,0.0,0.0,0.0,3.1136867619352415e-05,-0.6981316804885864,4.087644105057876e-18,1,0,0.02049379955860786,0.019234681269153953,0.0,0.0,0.0,0.0,2.0,0.05,0.05,0.5,0.0,0.0,0.0,3.1136867619352415e-05
3.762,S20260416_140847,SC01,start,0.0,0.0,0.0,2.513627623557113e-05,-0.6981316804885864,-3.3062632034768993e-20,1,0,0.026962516916682944,0.019976401526946574,0.0,0.0,0.0,0.0,2.0,0.05,0.05,0.5,0.0,0.0,0.0,2.513627623557113e-05
3.816,S20260416_140847,SC01,start,0.0,0.0,0.0,2.0239551304257475e-05,-0.6981316804885864,2.747850774714152e-18,1,0,0.014826627651927993,0.020024362369440496,0.0,0.0,0.0,0.0,2.0,0.05,0.05,0.5,0.0,0.0,0.0,2.0239551304257475e-05
3.879,S20260416_140847,SC01,start,0.0,0.0,0.0,1.624718788661994e-05,-0.6981316804885864,7.580736014821318e-19,1,0,0.02245609456440434,0.018961681809742004,0.0,0.0,0.0,0.0,2.0,0.05,0.05,0.5,0.0,0.0,0.0,1.624718788661994e-05
3.943,S20260416_140847,SC01,start,0.0,0.0,0.0,1.2994895769224968e-05,-0.6981316804885864,1.2015581116987355e-18,1,0,0.029026170406723395,0.01962672860827297,0.0,0.0,0.0,0.0,2.0,0.05,0.05,0.5,0.0,0.0,0.0,1.2994895769224968e-05
4.011,S20260416_140847,SC01,start,0.0,0.0,0.0,1.0347577699576505e-05,-0.6981316804885864,5.063330727729233e-19,1,0,0.01752182500786148,0.018374470411799848,0.0,0.0,0.0,0.0,2.0,0.05,0.05,0.5,0.0,0.0,0.0,1.0347577699576505e-05
4.069,S20260416_140847,SC01,start,0.0,0.0,0.0,9.215295904141385e-06,-0.6981316804885864,1.3566206655448901e-18,1,0,0.02395672129932791,0.027443803701316938,0.0,0.0,0.0,0.0,2.0,0.05,0.05,0.5,0.0,0.0,0.0,9.215295904141385e-06
4.129,S20260416_140847,SC01,start,0.0,0.0,0.0,7.27383576304419e-06,-0.6981316804885864,3.711761550787628e-19,1,0,0.015963971702149138,0.020017010625451803,0.0,0.0,0.0,0.0,2.0,0.05,0.05,0.5,0.0,0.0,0.0,7.27383576304419e-06
4.194,S20260416_140847,SC01,start,0.0,0.0,0.0,5.696342213923344e-06,-0.6981316804885864,5.890530468833926e-19,1,0,0.020988484437111765,0.019473190157441422,0.0,0.0,0.0,0.0,2.0,0.05,0.05,0.5,0.0,0.0,0.0,5.696342213923344e-06
4.261,S20260416_140847,SC01,start,0.0,0.0,0.0,4.415415332914563e-06,-0.6981316804885864,2.475554083999965e-19,1,0,0.02928297032485716,0.019854135491186753,0.0,0.0,0.0,0.0,2.0,0.05,0.05,0.5,0.0,0.0,0.0,4.415415332914563e-06
4.32,S20260416_140847,SC01,start,0.0,0.0,0.0,3.375942469574511e-06,-0.6981316804885864,3.901228562562606e-19,1,0,0.017427147220587358,0.020159280218649656,0.0,0.0,0.0,0.0,2.0,0.05,0.05,0.5,0.0,0.0,0.0,3.375942469574511e-06
4.381,S20260416_140847,SC01,start,0.0,0.0,0.0,2.5329029540444026e-06,-0.6981316804885864,1.637056606691446e-19,1,0,0.022002924320986494,0.020119515887927264,0.0,0.0,0.0,0.0,2.0,0.05,0.05,0.5,0.0,0.0,0.0,2.5329029540444026e-06
4.443,S20260416_140847,SC01,start,0.0,0.0,0.0,1.8495567246645805e-06,-0.6981316804885864,-3.986613118070656e-21,1,0,0.029044457070995122,0.019713960238732398,0.0,0.0,0.0,0.0,2.0,0.05,0.05,0.5,0.0,0.0,0.0,1.8495567246645805e-06
4.504,S20260416_140847,SC01,start,0.0,0.0,0.0,1.4676771797894617e-06,-0.6981316804885864,-3.5454318147215236e-21,1,0,0.033942199719604105,0.011698156042257324,0.0,0.0,0.0,0.0,2.0,0.05,0.05,0.5,0.0,0.0,0.0,1.4676771797894617e-06
4.567,S20260416_140847,SC01,start,0.0,0.0,0.0,1.0599790130072506e-06,-0.6981316804885864,1.8833916393445912e-19,1,0,0.02966692909831181,0.020047973055625334,0.0,0.0,0.0,0.0,2.0,0.05,0.05,0.5,0.0,0.0,0.0,1.0599790130072506e-06
4.629,S20260416_140847,SC01,start,0.0,0.0,0.0,6.566680781361356e-07,-0.6981316804885864,7.880897370143908e-20,1,0,0.01658426018548198,0.01590020419098437,0.0,0.0,0.0,0.0,2.0,0.05,0.05,0.5,0.0,0.0,0.0,6.566680781361356e-07
4.693,S20260416_140847,SC01,start,0.0,0.0,0.0,3.3032560509127507e-07,-0.6981316804885864,1.2376810115007438e-19,1,0,0.0221420438028872,0.019828825548756868,0.0,0.0,0.0,0.0,2.0,0.05,0.05,0.5,0.0,0.0,0.0,3.3032560509127507e-07
4.759,S20260416_140847,SC01,start,0.0,0.0,0.0,6.638149585569408e-08,-0.6981316804885864,1.5359266682234492e-19,1,0,0.029290241072885692,0.018995490187080577,0.0,0.0,0.0,0.0,2.0,0.05,0.05,0.5,0.0,0.0,0.0,6.638149585569408e-08
4.823,S20260416_140847,SC01,start,0.0,0.0,0.0,1.4700344763696194e-07,-0.6981316804885864,2.846611417491791e-21,1,0,0.016109561984194443,0.01990180803113617,0.0,0.0,0.0,0.0,2.0,0.05,0.05,0.5,0.0,0.0,0.0,1.4700344763696194e-07
4.887,S20260416_140847,SC01,start,0.0,0.0,0.0,3.194430746589205e-07,-0.6981316804885864,9.052873357638034e-20,1,0,0.02270213855081238,0.019445566867943853,0.0,0.0,0.0,0.0,2.0,0.05,0.05,0.5,0.0,0.0,0.0,3.194430746589205e-07
4.944,S20260416_140847,SC01,start,0.0,0.0,0.0,4.587393220845115e-07,-0.6981316804885864,4.269828450698875e-20,1,0,0.03254066954832524,0.01626893092179671,0.0,0.0,0.0,0.0,2.0,0.05,0.05,0.5,0.0,0.0,0.0,4.587393220845115e-07
5.012,S20260416_140847,SC01,accel_1,0.0,0.3,0.0,5.712200277230295e-07,-0.6981316804885864,1.109554741272372e-19,1,0,0.019199257832951844,0.019591715739807114,0.0,0.3,0.0,3.0,2.0,0.05,0.05,0.5,0.0,0.0,0.0,-2.9999994287799723
5.068,S20260416_140847,SC01,accel_1,0.0,0.3,0.0,6.19047796135419e-07,-0.6981316804885864,7.925474650342274e-20,1,0,0.03478957441984676,0.019550383411115035,0.0,0.3,0.0,3.0,2.0,0.05,0.05,0.5,0.0,0.0,0.0,-2.999999380952204
5.129,S20260416_140847,SC01,accel_1,0.0,0.3,0.0,7.006108262430644e-07,-0.6981316804885864,1.5048670701978488e-19,1,0,0.01955079092294909,0.02018340039649047,0.0,0.3,0.0,3.0,2.0,0.05,0.05,0.5,0.0,0.0,0.0,-2.9999992993891738
5.191,S20260416_140847,SC01,accel_1,0.0,0.3,0.0,7.664145300623204e-07,-0.6981316804885864,1.2250212707195612e-19,1,0,0.026149611338041723,0.020241351565346122,0.0,0.3,0.0,3.0,2.0,0.05,0.05,0.5,0.0,0.0,0.0,-2.99999923358547
5.255,S20260416_140847,SC01,accel_1,0.0,0.3,0.0,8.194866154553893e-07,-0.6981316804885864,1.719376458029987e-19,1,0,0.01209763897350058,0.019180104020051658,0.0,0.3,0.0,3.0,2.0,0.05,0.05,0.5,0.0,0.0,0.0,-2.9999991805133845
5.318,S20260416_140847,SC01,accel_1,0.0,0.3,0.0,8.62276920088334e-07,-0.6981316804885864,1.6436303661157698e-19,1,0,0.020005639991723,0.019762364245252684,0.0,0.3,0.0,3.0,2.0,0.05,0.05,0.5,0.0,0.0,0.0,-2.99999913772308
5.381,S20260416_140847,SC01,accel_1,0.0,0.3,0.0,8.967668350123859e-07,-0.6981316804885864,1.8196041233954473e-19,1,0,0.02548133285017684,0.01947587131871842,0.0,0.3,0.0,3.0,2.0,0.05,0.05,0.5,0.0,0.0,0.0,-2.999999103233165
5.443,S20260416_140847,SC01,accel_1,0.0,0.3,0.0,9.245584919881367e-07,-0.6981316804885864,1.8488777867797576e-19,1,0,0.012487689673434943,0.019985008315416053,0.0,0.3,0.0,3.0,2.0,0.05,0.05,0.5,0.0,0.0,0.0,-2.999999075441508
5.504,S20260416_140847,SC01,accel_1,0.0,0.3,0.0,9.36357309910818e-07,-0.6981316804885864,1.9874535453431763e-19,1,0,0.027576098742429167,0.018935190921183676,0.0,0.3,0.0,3.0,2.0,0.05,0.05,0.5,0.0,0.0,0.0,-2.99999906364269
5.569,S20260416_140847,SC01,accel_1,0.0,0.3,0.0,9.564490710545215e-07,-0.6981316804885864,8.664998028654262e-20,1,0,0.014753873518202454,0.01901998691027984,0.0,0.3,0.0,3.0,2.0,0.05,0.05,0.5,0.0,0.0,0.0,-2.999999043550929
5.629,S20260416_140847,SC01,accel_1,0.0,0.3,0.0,9.72627731243847e-07,-0.6981316804885864,2.0535707379393934e-19,1,0,0.023337815975537524,0.019441804208327085,0.0,0.3,0.0,3.0,2.0,0.05,0.05,0.5,0.0,0.0,0.0,-2.9999990273722688
5.693,S20260416_140847,SC01,accel_1,0.0,0.3,0.0,9.856521501205862e-07,-0.6981316804885864,9.036689051965551e-20,1,0,0.02998509453027509,0.01975423513795249,0.0,0.3,0.0,3.0,2.0,0.05,0.05,0.5,0.0,0.0,0.0,-2.99999901434785
5.761,S20260416_140847,SC01,accel_1,0.0,0.3,0.0,9.961346449927078e-07,-0.6981316804885864,2.1299696563026739e-19,1,0,0.017624928150326014,0.019825602212222293,0.0,0.3,0.0,3.0,2.0,0.05,0.05,0.5,0.0,0.0,0.0,-2.999999003865355
5.826,S20260416_140847,SC01,accel_1,0.0,0.3,0.0,1.00456929885695e-06,-0.6981316804885864,2.16880604455598e-19,1,0,0.023336705256951973,0.01933028022176586,0.0,0.3,0.0,3.0,2.0,0.05,0.05,0.5,0.0,0.0,0.0,-2.999998995430701
5.879,S20260416_140847,SC01,accel_1,0.0,0.3,0.0,1.0113545840795268e-06,-0.6981316804885864,2.190025036725555e-19,1,0,0.02703591706813313,0.018330001446884125,0.0,0.3,0.0,3.0,2.0,0.05,0.05,0.5,0.0,0.0,0.0,-2.999998988645416
5.943,S20260416_140847,SC01,accel_1,0.0,0.3,0.0,1.0151231890631607e-06,-0.6981316804885864,2.206551071388599e-19,1,0,0.03408353513805196,0.010716319782659411,0.0,0.3,0.0,3.0,2.0,0.05,0.05,0.5,0.0,0.0,0.0,-2.999998984876811
6.015,S20260416_140847,SC01,accel_1,0.0,0.3,0.0,1.0212000915998942e-06,-0.6981316804885864,2.233336472092773e-19,1,0,0.021985695755574852,0.020115846360567957,0.0,0.3,0.0,3.0,2.0,0.05,0.05,0.5,0.0,0.0,0.0,-2.9999989787999084
6.069,S20260416_140847,SC01,accel_1,0.0,0.3,0.0,1.0230602356386953e-06,-0.6981316804885864,9.527013930988283e-20,1,0,0.027771736175054684,0.026860359561396763,0.0,0.3,0.0,3.0,2.0,0.05,0.05,0.5,0.0,0.0,0.0,-2.9999989769397644
6.129,S20260416_140847,SC01,accel_1,0.0,0.3,0.0,1.026223230837786e-06,-0.6981316804885864,2.2555920249674536e-19,1,0,0.019969882239820436,0.020228810142725706,0.0,0.3,0.0,3.0,2.0,0.05,0.05,0.5,0.0,0.0,0.0,-2.999998973776769
6.194,S20260416_140847,SC01,accel_1,0.0,0.3,0.0,1.0287652685292414e-06,-0.6981316804885864,2.238155057654836e-19,1,0,0.02506318100495264,0.019964095059549436,0.0,0.3,0.0,3.0,2.0,0.05,0.05,0.5,0.0,0.0,0.0,-2.9999989712347315
6.255,S20260416_140847,SC01,accel_1,0.0,0.3,0.0,1.0308078799425857e-06,-0.6981316804885864,2.275985904476007e-19,1,0,0.012397646205499768,0.019742757343919948,0.0,0.3,0.0,3.0,2.0,0.05,0.05,0.5,0.0,0.0,0.0,-2.99999896919212
6.316,S20260416_140847,SC01,accel_1,0.0,0.3,0.0,1.0324489494450972e-06,-0.6981316804885864,2.2488218101476485e-19,1,0,0.019849234173307195,0.019938424782594666,0.0,0.3,0.0,3.0,2.0,0.05,0.05,0.5,0.0,0.0,0.0,-2.9999989675510506
6.378,S20260416_140847,SC01,accel_1,0.0,0.3,0.0,1.0337670346416417e-06,-0.6981316804885864,2.2892047676524873e-19,1,0,0.026628095569321886,0.018932039121864364,0.0,0.3,0.0,3.0,2.0,0.05,0.05,0.5,0.0,0.0,0.0,-2.9999989662329654
6.445,S20260416_140847,SC01,accel_1,0.0,0.3,0.0,1.0348256864745053e-06,-0.6981316804885864,2.2599941767898843e-19,1,0,0.011829832481453195,0.019010309886652976,0.0,0.3,0.0,3.0,2.0,0.05,0.05,0.5,0.0,0.0,0.0,-2.9999989651743135
6.504,S20260416_140847,SC01,accel_1,0.0,0.3,0.0,1.0352740673624794e-06,-0.6981316804885864,2.257370721778384e-19,1,0,0.023856850137235597,0.020034082321217284,0.0,0.3,0.0,3.0,2.0,0.05,0.05,0.5,0.0,0.0,0.0,-2.9999989647259326
6.568,S20260416_140847,SC01,accel_1,0.0,0.3,0.0,1.0360357691752142e-06,-0.6981316804885864,2.259610571780813e-19,1,0,0.02936224444420077,0.020542771060718223,0.0,0.3,0.0,3.0,2.0,0.05,0.05,0.5,0.0,0.0,0.0,-2.999998963964231
6.628,S20260416_140847,SC01,accel_1,0.0,0.3,0.0,1.036647176988481e-06,-0.6981316804885864,2.261019105267626e-19,1,0,0.018466946203261614,0.019939704623539,0.0,0.3,0.0,3.0,2.0,0.05,0.05,0.5,0.0,0.0,0.0,-2.999998963352823
6.694,S20260416_140847,SC01,accel_1,0.0,0.3,0.0,1.0371379630669253e-06,-0.6981316804885864,9.717827696198074e-20,1,0,0.02295232575852424,0.020320534124039114,0.0,0.3,0.0,3.0,2.0,0.05,0.05,0.5,0.0,0.0,0.0,-2.999998962862037
6.759,S20260416_140847,SC01,accel_1,0.0,0.3,0.0,1.0375318879596307e-06,-0.6981316804885864,2.2639902346303397e-19,1,0,0.03008013969520107,0.020242325612343848,0.0,0.3,0.0,3.0,2.0,0.05,0.05,0.5,0.0,0.0,0.0,-2.999998962468112
6.823,S20260416_140847,SC01,accel_1,0.0,0.3,0.0,1.0378479373684968e-06,-0.6981316804885864,2.2648993578223237e-19,1,0,0.015260774089256302,0.019967305153841153,0.0,0.3,0.0,3.0,2.0,0.05,0.05,0.5,0.0,0.0,0.0,-2.9999989621520626
6.887,S20260416_140847,SC01,accel_1,0.0,0.3,0.0,1.038101459016616e-06,-0.6981316804885864,2.2712316839053586e-19,1,0,0.02266476210206747,0.019576531427446753,0.0,0.3,0.0,3.0,2.0,0.05,0.05,0.5,0.0,0.0,0.0,-2.999998961898541
6.943,S20260416_140847,SC01,accel_1,0.0,0.3,0.0,1.0383048447693e-06,-0.6981316804885864,2.266273253120986e-19,1,0,0.03038403214304708,0.017081991623854265,0.0,0.3,0.0,3.0,2.0,0.05,0.05,0.5,0.0,0.0,0.0,-2.9999989616951552
7.01,S20260416_140847,SC01,accel_1,0.0,0.3,0.0,1.0384679853814305e-06,-0.6981316804885864,2.266738542215547e-19,1,0,0.015164544194703922,0.019429961568675935,0.0,0.3,0.0,3.0,2.0,0.05,0.05,0.5,0.0,0.0,0.0,-2.9999989615320146
7.068,S20260416_140847,SC01,accel_1,0.0,0.3,0.0,1.0385789437350468e-06,-0.6981316804885864,2.2728726034455107e-19,1,0,0.04016171579132788,0.0008325999951921403,0.0,0.3,0.0,3.0,2.0,0.05,0.05,0.5,0.0,0.0,0.0,-2.9999989614210563
7.128,S20260416_140847,SC01,accel_1,0.0,0.3,0.0,1.0386542044216185e-06,-0.6981316804885864,2.267283188950125e-19,1,0,0.015176769345998764,0.020100530091440305,0.0,0.3,0.0,3.0,2.0,0.05,0.05,0.5,0.0,0.0,0.0,-2.9999989613457956
7.192,S20260416_140847,SC01,accel_1,0.0,0.3,0.0,1.0387481097495765e-06,-0.6981316804885864,2.2675378054824265e-19,1,0,0.022627291007665917,0.019807374774245545,0.0,0.3,0.0,3.0,2.0,0.05,0.05,0.5,0.0,0.0,0.0,-2.9999989612518903
7.256,S20260416_140847,SC01,accel_1,0.0,0.3,0.0,1.038823484122986e-06,-0.6981316804885864,2.2737119332733106e-19,1,0,0.029316229949472472,0.019891736301360652,0.0,0.3,0.0,3.0,2.0,0.05,0.05,0.5,0.0,0.0,0.0,-2.999998961176516
7.319,S20260416_140847,SC01,accel_1,0.0,0.3,0.0,1.0388838518338162e-06,-0.6981316804885864,2.2679570826554143e-19,1,0,0.01631328643998131,0.01965763801126741,0.0,0.3,0.0,3.0,2.0,0.05,0.05,0.5,0.0,0.0,0.0,-2.999998961116148
7.381,S20260416_140847,SC01,accel_1,0.0,0.3,0.0,1.0389321687398478e-06,-0.6981316804885864,2.2680995128171383e-19,1,0,0.023242903844220564,0.01920481986599043,0.0,0.3,0.0,3.0,2.0,0.05,0.05,0.5,0.0,0.0,0.0,-2.9999989610678313
7.443,S20260416_140847,SC01,accel_1,0.0,0.3,0.0,1.0389710496383486e-06,-0.6981316804885864,2.26776553864482e-19,1,0,0.029198909469414502,0.019104302366031334,0.0,0.3,0.0,3.0,2.0,0.05,0.05,0.5,0.0,0.0,0.0,-2.9999989610289504
7.503,S20260416_140847,SC01,accel_1,0.0,0.3,0.0,1.0389874205429805e-06,-0.6981316804885864,2.268262105506293e-19,1,0,0.02157980893389322,0.01987850430305116,0.0,0.3,0.0,3.0,2.0,0.05,0.05,0.5,0.0,0.0,0.0,-2.9999989610125795
7.566,S20260416_140847,SC01,accel_1,0.0,0.3,0.0,1.0390152738182223e-06,-0.6981316804885864,2.2683241440522347e-19,1,0,0.030342042562551796,0.019958152115577832,0.0,0.3,0.0,3.0,2.0,0.05,0.05,0.5,0.0,0.0,0.0,-2.999998960984726
7.629,S20260416_140847,SC01,accel_1,0.0,0.3,0.0,1.0390375564384158e-06,-0.6981316804885864,2.312838868716776e-19,1,0,0.01971129229059443,0.018146295187762007,0.0,0.3,0.0,3.0,2.0,0.05,0.05,0.5,0.0,0.0,0.0,-2.9999989609624436
7.694,S20260416_140847,SC01,accel_1,0.0,0.3,0.0,1.039055405271938e-06,-0.6981316804885864,2.2684595948775402e-19,1,0,0.02509113957057707,0.01921930257230997,0.0,0.3,0.0,3.0,2.0,0.05,0.05,0.5,0.0,0.0,0.0,-2.9999989609445947
7.761,S20260416_140847,SC01,accel_1,0.0,0.3,0.0,1.0390696161266533e-06,-0.6981316804885864,2.2685061237869964e-19,1,0,0.010062076471513137,0.018829386739525944,0.0,0.3,0.0,3.0,2.0,0.05,0.05,0.5,0.0,0.0,0.0,-2.999998960930384
7.816,S20260416_140847,SC01,accel_1,0.0,0.3,0.0,1.0390810984972632e-06,-0.6981316804885864,2.268087880589774e-19,1,0,0.015063111408380792,0.019426609156653285,0.0,0.3,0.0,3.0,2.0,0.05,0.05,0.5,0.0,0.0,0.0,-2.9999989609189015
7.879,S20260416_140847,SC01,accel_1,0.0,0.3,0.0,1.0390903071311186e-06,-0.6981316804885864,9.744453864634332e-20,1,0,0.021949437650619075,0.019074667943641543,0.0,0.3,0.0,3.0,2.0,0.05,0.05,0.5,0.0,0.0,0.0,-2.999998960909693
7.942,S20260416_140847,SC01,accel_1,0.0,0.3,0.0,1.0390976967755705e-06,-0.6981316804885864,2.268574883175415e-19,1,0,0.027710126101737842,0.018694982019951567,0.0,0.3,0.0,3.0,2.0,0.05,0.05,0.5,0.0,0.0,0.0,-2.9999989609023032
8.009,S20260416_140847,SC01,accel_1,0.0,0.3,0.0,1.0391034948042943e-06,-0.6981316804885864,2.268570747272352e-19,1,0,0.012583008327055722,0.01976170827401802,0.0,0.3,0.0,3.0,2.0,0.05,0.05,0.5,0.0,0.0,0.0,-2.999998960896505
8.069,S20260416_140847,SC01,accel_1,0.0,0.3,0.0,1.0391082696514786e-06,-0.6981316804885864,2.274687230914299e-19,1,0,0.020510171598289162,0.018809249304467812,0.0,0.3,0.0,3.0,2.0,0.05,0.05,0.5,0.0,0.0,0.0,-2.9999989608917303
8.129,S20260416_140847,SC01,accel_1,0.0,0.3,0.0,1.0391102023277199e-06,-0.6981316804885864,2.268622704554578e-19,1,0,0.014362477406393737,0.019402858713874593,0.0,0.3,0.0,3.0,2.0,0.05,0.05,0.5,0.0,0.0,0.0,-2.9999989608897977
8.192,S20260416_140847,SC01,accel_1,0.0,0.3,0.0,1.0391136129328515e-06,-0.6981316804885864,2.274697570671956e-19,1,0,0.021912235533818603,0.018150955205783248,0.0,0.3,0.0,3.0,2.0,0.05,0.05,0.5,0.0,0.0,0.0,-2.999998960886387
8.26,S20260416_140847,SC01,accel_1,0.0,0.3,0.0,1.0391163414169569e-06,-0.6981316804885864,9.744859053887512e-20,1,0,0.029922093672212213,0.01886915130307898,0.0,0.3,0.0,3.0,2.0,0.05,0.05,0.5,0.0,0.0,0.0,-2.9999989608836586
8.32,S20260416_140847,SC01,accel_1,0.0,0.3,0.0,1.0391185014668736e-06,-0.6981316804885864,2.268646485997189e-19,1,0,0.016528541687875986,0.01949593544122763,0.0,0.3,0.0,3.0,2.0,0.05,0.05,0.5,0.0,0.0,0.0,-2.9999989608814985
8.38,S20260416_140847,SC01,accel_1,0.0,0.3,0.0,1.0391202067694394e-06,-0.6981316804885864,2.2686198611212224e-19,1,0,0.021686273743398488,0.019225413911044598,0.0,0.3,0.0,3.0,2.0,0.05,0.05,0.5,0.0,0.0,0.0,-2.9999989608797932
8.441,S20260416_140847,SC01,accel_1,0.0,0.3,0.0,1.039121571011492e-06,-0.6981316804885864,2.313225834147086e-19,1,0,0.02813391890958883,0.01968070861767046,0.0,0.3,0.0,3.0,2.0,0.05,0.05,0.5,0.0,0.0,0.0,-2.999998960878429
8.508,S20260416_140847,SC01,accel_1,0.0,0.3,0.0,1.0391227078798693e-06,-0.6981316804885864,2.2686462275032475e-19,1,0,0.01537042879499495,0.019635884615126997,0.0,0.3,0.0,3.0,2.0,0.05,0.05,0.5,0.0,0.0,0.0,-2.999998960877292
8.568,S20260416_140847,SC01,accel_1,0.0,0.3,0.0,1.0391231626272202e-06,-0.6981316804885864,2.2747335013298135e-19,1,0,0.027847359975567088,0.018870968808187172,0.0,0.3,0.0,3.0,2.0,0.05,0.05,0.5,0.0,0.0,0.0,-2.9999989608768374
8.629,S20260416_140847,SC01,accel_1,0.0,0.3,0.0,1.0391239584350842e-06,-0.6981316804885864,9.744932724660817e-20,1,0,0.031851987121626735,0.02283137638005428,0.0,0.3,0.0,3.0,2.0,0.05,0.05,0.5,0.0,0.0,0.0,-2.9999989608760416
8.694,S20260416_140847,SC01,accel_1,0.0,0.3,0.0,1.0391246405561105e-06,-0.6981316804885864,2.2686658730427957e-19,1,0,0.023391008871840313,0.019550348544726148,0.0,0.3,0.0,3.0,2.0,0.05,0.05,0.5,0.0,0.0,0.0,-2.9999989608753594
8.76,S20260416_140847,SC01,accel_1,0.0,0.3,0.0,1.0391250953034614e-06,-0.6981316804885864,2.268206270814946e-19,1,0,0.03106322925304994,0.019279742060462013,0.0,0.3,0.0,3.0,2.0,0.05,0.05,0.5,0.0,0.0,0.0,-2.9999989608749047
8.822,S20260416_140847,SC01,accel_1,0.0,0.3,0.0,1.0391255500508123e-06,-0.6981316804885864,2.3132322964956214e-19,1,0,0.01815856181201525,0.018719600717304274,0.0,0.3,0.0,3.0,2.0,0.05,0.05,0.5,0.0,0.0,0.0,-2.99999896087445
8.883,S20260416_140847,SC01,accel_1,0.0,0.3,0.0,1.0391258911113255e-06,-0.6981316804885864,2.2686713014155655e-19,1,0,0.02265006265952252,0.019567486859159544,0.0,0.3,0.0,3.0,2.0,0.05,0.05,0.5,0.0,0.0,0.0,-2.999998960874109
8.943,S20260416_140847,SC01,accel_1,0.0,0.3,0.0,1.039126118485001e-06,-0.6981316804885864,2.2686669070185614e-19,1,0,0.030116590816760436,0.019908228132408112,0.0,0.3,0.0,3.0,2.0,0.05,0.05,0.5,0.0,0.0,0.0,-2.9999989608738815
9.008,S20260416_140847,SC01,accel_1,0.0,0.3,0.0,1.0391263458586764e-06,-0.6981316804885864,2.2747446165692947e-19,1,0,0.015761462709633633,0.019875373458489776,0.0,0.3,0.0,3.0,2.0,0.05,0.05,0.5,0.0,0.0,0.0,-2.999998960873654
9.07,S20260416_140847,SC01,accel_1,0.0,0.3,0.0,1.0391263458586764e-06,-0.6981316804885864,2.268669750451917e-19,1,0,0.031206712825223804,0.020025549893034622,0.0,0.3,0.0,3.0,2.0,0.05,0.05,0.5,0.0,0.0,0.0,-2.999998960873654
9.128,S20260416_140847,SC01,accel_1,0.0,0.3,0.0,1.0391265732323518e-06,-0.6981316804885864,2.26821247466954e-19,1,0,0.018161269079428166,0.017831256438512355,0.0,0.3,0.0,3.0,2.0,0.05,0.05,0.5,0.0,0.0,0.0,-2.9999989608734268
9.191,S20260416_140847,SC01,accel_1,0.0,0.3,0.0,1.0391266869191895e-06,-0.6981316804885864,2.3132475476381654e-19,1,0,0.024773813463980332,0.019530323916114867,0.0,0.3,0.0,3.0,2.0,0.05,0.05,0.5,0.0,0.0,0.0,-2.999998960873313
9.253,S20260416_140847,SC01,accel_1,0.0,0.3,0.0,1.0391268006060272e-06,-0.6981316804885864,2.2686588937063772e-19,1,0,0.031214132846798748,0.018770215421682224,0.0,0.3,0.0,3.0,2.0,0.05,0.05,0.5,0.0,0.0,0.0,-2.9999989608731994
9.319,S20260416_140847,SC01,accel_1,0.0,0.3,0.0,1.0391268006060272e-06,-0.6981316804885864,2.268642091600185e-19,1,0,0.017647352564381436,0.018831796915037557,0.0,0.3,0.0,3.0,2.0,0.05,0.05,0.5,0.0,0.0,0.0,-2.9999989608731994
9.383,S20260416_140847,SC01,accel_1,0.0,0.3,0.0,1.039126914292865e-06,-0.6981316804885864,2.2747505619299474e-19,1,0,0.027234562003286555,0.01930404905579053,0.0,0.3,0.0,3.0,2.0,0.05,0.05,0.5,0.0,0.0,0.0,-2.9999989608730857
9.446,S20260416_140847,SC01,accel_1,0.0,0.3,0.0,1.039126914292865e-06,-0.6981316804885864,9.745058740457261e-20,1,0,0.016539172152988613,0.019600659696152434,0.0,0.3,0.0,3.0,2.0,0.05,0.05,0.5,0.0,0.0,0.0,-2.9999989608730857
9.505,S20260416_140847,SC01,accel_1,0.0,0.3,0.0,1.039126914292865e-06,-0.6981316804885864,2.2682181615362513e-19,1,0,0.035132970806444064,0.021676601347280666,0.0,0.3,0.0,3.0,2.0,0.05,0.05,0.5,0.0,0.0,0.0,-2.9999989608730857
9.569,S20260416_140847,SC01,accel_1,0.0,0.3,0.0,1.0391270279797027e-06,-0.6981316804885864,9.744943710653328e-20,1,0,0.02399311843328178,0.01790446156519465,0.0,0.3,0.0,3.0,2.0,0.05,0.05,0.5,0.0,0.0,0.0,-2.999998960872972
9.629,S20260416_140847,SC01,accel_1,0.0,0.3,0.0,1.0391270279797027e-06,-0.6981316804885864,2.2686700089458584e-19,1,0,0.030877309327479452,0.01971116548520513,0.0,0.3,0.0,3.0,2.0,0.05,0.05,0.5,0.0,0.0,0.0,-2.999998960872972
9.694,S20260416_140847,SC01,accel_1,0.0,0.3,0.0,1.0391270279797027e-06,-0.6981316804885864,2.268636663227415e-19,1,0,0.016330917977029458,0.018867061793571338,0.0,0.3,0.0,3.0,2.0,0.05,0.05,0.5,0.0,0.0,0.0,-2.999998960872972
9.759,S20260416_140847,SC01,accel_1,0.0,0.3,0.0,1.0391270279797027e-06,-0.6981316804885864,2.2747505619299474e-19,1,0,0.023489912040531635,0.018777755060000345,0.0,0.3,0.0,3.0,2.0,0.05,0.05,0.5,0.0,0.0,0.0,-2.999998960872972
9.822,S20260416_140847,SC01,accel_1,0.0,0.3,0.0,1.0391270279797027e-06,-0.6981316804885864,2.268672335391331e-19,1,0,0.027704555046511814,0.01945608772803098,0.0,0.3,0.0,3.0,2.0,0.05,0.05,0.5,0.0,0.0,0.0,-2.999998960872972
9.879,S20260416_140847,SC01,accel_1,0.0,0.3,0.0,1.0391271416665404e-06,-0.6981316804885864,2.274743065605646e-19,1,0,0.02244226762559265,0.01956772099947557,0.0,0.3,0.0,3.0,2.0,0.05,0.05,0.5,0.0,0.0,0.0,-2.9999989608728583
9.943,S20260416_140847,SC01,accel_1,0.0,0.3,0.0,1.0391271416665404e-06,-0.6981316804885864,9.745078127502868e-20,1,0,0.026797490805620328,0.019623179803602397,0.0,0.3,0.0,3.0,2.0,0.05,0.05,0.5,0.0,0.0,0.0,-2.9999989608728583
10.017,S20260416_140847,SC01,accel_2,0.0,0.45,0.0,1.0391271416665404e-06,-0.6981316804885864,2.3132452211926926e-19,1,0,0.024281765654450282,0.019523464172380045,0.0,0.45,0.0,6.0,2.0,0.05,0.05,0.5,0.0,0.0,0.0,-5.999998960872858
10.069,S20260416_140847,SC01,accel_2,0.0,0.45,0.0,1.0391271416665404e-06,-0.6981316804885864,2.2686475199729546e-19,1,0,0.028057567949872464,0.028902597696287557,0.0,0.45,0.0,6.0,2.0,0.05,0.05,0.5,0.0,0.0,0.0,-5.999998960872858
10.129,S20260416_140847,SC01,accel_2,0.0,0.45,0.0,1.0391271416665404e-06,-0.6981316804885864,2.313249098601814e-19,1,0,0.02444009846658446,0.020068461046321318,0.0,0.45,0.0,6.0,2.0,0.05,0.05,0.5,0.0,0.0,0.0,-5.999998960872858
10.193,S20260416_140847,SC01,accel_2,0.0,0.45,0.0,1.0391271416665404e-06,-0.6981316804885864,2.2686707844276827e-19,1,0,0.026263908250257373,0.019977374729933217,0.0,0.45,0.0,6.0,2.0,0.05,0.05,0.5,0.0,0.0,0.0,-5.999998960872858
10.257,S20260416_140847,SC01,accel_2,0.0,0.45,0.0,1.0391271416665404e-06,-0.6981316804885864,2.2686756958125697e-19,1,0,0.03095285312156193,0.02040697357733734,0.0,0.45,0.0,6.0,2.0,0.05,0.05,0.5,0.0,0.0,0.0,-5.999998960872858
10.321,S20260416_140847,SC01,accel_2,0.0,0.45,0.0,1.0391271416665404e-06,-0.6981316804885864,2.2682248823787283e-19,1,0,0.018065411830320954,0.019830039294902235,0.0,0.45,0.0,6.0,2.0,0.05,0.05,0.5,0.0,0.0,0.0,-5.999998960872858
10.381,S20260416_140847,SC01,accel_2,0.0,0.45,0.0,1.0391271416665404e-06,-0.6981316804885864,9.744985069683955e-20,1,0,0.025188550469465554,0.01926386504783295,0.0,0.45,0.0,6.0,2.0,0.05,0.05,0.5,0.0,0.0,0.0,-5.999998960872858
10.443,S20260416_140847,SC01,accel_2,0.0,0.45,0.0,1.0391271416665404e-06,-0.6981316804885864,2.268660703163967e-19,1,0,0.028492432669736445,0.019725402584299445,0.0,0.45,0.0,6.0,2.0,0.05,0.05,0.5,0.0,0.0,0.0,-5.999998960872858
10.503,S20260416_140847,SC01,accel_2,0.0,0.45,0.0,1.0391271416665404e-06,-0.6981316804885864,2.2747541808451274e-19,1,0,0.03347361981286667,0.010709638037951663,0.0,0.45,0.0,6.0,2.0,0.05,0.05,0.5,0.0,0.0,0.0,-5.999998960872858
10.567,S20260416_140847,SC01,accel_2,0.0,0.45,0.0,1.0391271416665404e-06,-0.6981316804885864,2.268669750451917e-19,1,0,0.028423260198906064,0.01992388116195798,0.0,0.45,0.0,6.0,2.0,0.05,0.05,0.5,0.0,0.0,0.0,-5.999998960872858
10.628,S20260416_140847,SC01,accel_2,0.0,0.45,0.0,1.0391271416665404e-06,-0.6981316804885864,2.26867207689739e-19,1,0,0.03169408006942831,0.023188516352092847,0.0,0.45,0.0,6.0,2.0,0.05,0.05,0.5,0.0,0.0,0.0,-5.999998960872858
10.692,S20260416_140847,SC01,accel_2,0.0,0.45,0.0,1.0391271416665404e-06,-0.6981316804885864,2.274753922351186e-19,1,0,0.021715322363888845,0.015564653440378606,0.0,0.45,0.0,6.0,2.0,0.05,0.05,0.5,0.0,0.0,0.0,-5.999998960872858
10.754,S20260416_140847,SC01,accel_2,0.0,0.45,0.0,1.0391271416665404e-06,-0.6981316804885864,9.745061325396675e-20,1,0,0.009538840735331178,0.01908520344295539,0.0,0.45,0.0,6.0,2.0,0.05,0.05,0.5,0.0,0.0,0.0,-5.999998960872858
10.824,S20260416_140847,SC01,accel_2,0.0,0.45,0.0,1.0391271416665404e-06,-0.6981316804885864,2.268662512621557e-19,1,0,0.014981891552451998,0.01829388178884983,0.0,0.45,0.0,6.0,2.0,0.05,0.05,0.5,0.0,0.0,0.0,-5.999998960872858
10.887,S20260416_140847,SC01,accel_2,0.0,0.45,0.0,1.0391271416665404e-06,-0.6981316804885864,2.2686462275032475e-19,1,0,0.021897366124903783,0.018983978749020025,0.0,0.45,0.0,6.0,2.0,0.05,0.05,0.5,0.0,0.0,0.0,-5.999998960872858
10.943,S20260416_140847,SC01,accel_2,0.0,0.45,0.0,1.0391271416665404e-06,-0.6981316804885864,2.2747495279541818e-19,1,0,0.029212578403530642,0.016364528419217095,0.0,0.45,0.0,6.0,2.0,0.05,0.05,0.5,0.0,0.0,0.0,-5.999998960872858
11.009,S20260416_140847,SC01,accel_2,0.0,0.45,0.0,1.0391271416665404e-06,-0.6981316804885864,2.2686578597306116e-19,1,0,0.01559943554457277,0.01980541372904554,0.0,0.45,0.0,6.0,2.0,0.05,0.05,0.5,0.0,0.0,0.0,-5.999998960872858
11.069,S20260416_140847,SC01,accel_2,0.0,0.45,0.0,1.0391271416665404e-06,-0.6981316804885864,2.274751595905713e-19,1,0,0.0286907774861902,0.01936915804981254,0.0,0.45,0.0,6.0,2.0,0.05,0.05,0.5,0.0,0.0,0.0,-5.999998960872858
11.129,S20260416_140847,SC01,accel_2,0.0,0.45,0.0,1.0391271416665404e-06,-0.6981316804885864,9.744934017130524e-20,1,0,0.01727833115728572,0.01948172677657567,0.0,0.45,0.0,6.0,2.0,0.05,0.05,0.5,0.0,0.0,0.0,-5.999998960872858
11.191,S20260416_140847,SC01,accel_2,0.0,0.45,0.0,1.0391271416665404e-06,-0.6981316804885864,2.2686689749700927e-19,1,0,0.02360892458818853,0.019166812009643763,0.0,0.45,0.0,6.0,2.0,0.05,0.05,0.5,0.0,0.0,0.0,-5.999998960872858
11.255,S20260416_140847,SC01,accel_2,0.0,0.45,0.0,1.0391271416665404e-06,-0.6981316804885864,2.2686431255759505e-19,1,0,0.027886348048923537,0.019769667414948344,0.0,0.45,0.0,6.0,2.0,0.05,0.05,0.5,0.0,0.0,0.0,-5.999998960872858
11.318,S20260416_140847,SC01,accel_2,0.0,0.45,0.0,1.0391271416665404e-06,-0.6981316804885864,2.3132348814350356e-19,1,0,0.016449699265649542,0.0186111499206163,0.0,0.45,0.0,6.0,2.0,0.05,0.05,0.5,0.0,0.0,0.0,-5.999998960872858
11.383,S20260416_140847,SC01,accel_2,0.0,0.45,0.0,1.0391271416665404e-06,-0.6981316804885864,2.2686555332851387e-19,1,0,0.023639608843950555,0.01997032720828429,0.0,0.45,0.0,6.0,2.0,0.05,0.05,0.5,0.0,0.0,0.0,-5.999998960872858
11.444,S20260416_140847,SC01,accel_2,0.0,0.45,0.0,1.0391271416665404e-06,-0.6981316804885864,2.2686658730427957e-19,1,0,0.03095137482159771,0.020217498822603375,0.0,0.45,0.0,6.0,2.0,0.05,0.05,0.5,0.0,0.0,0.0,-5.999998960872858
11.508,S20260416_140847,SC01,accel_2,0.0,0.45,0.0,1.0391271416665404e-06,-0.6981316804885864,2.268222297439314e-19,1,0,0.014331260696053505,0.019996400049421936,0.0,0.45,0.0,6.0,2.0,0.05,0.05,0.5,0.0,0.0,0.0,-5.999998960872858
11.568,S20260416_140847,SC01,accel_2,0.0,0.45,0.0,1.0391271416665404e-06,-0.6981316804885864,2.2686627711154986e-19,1,0,0.03517964589991607,0.0204837147903163,0.0,0.45,0.0,6.0,2.0,0.05,0.05,0.5,0.0,0.0,0.0,-5.999998960872858
11.628,S20260416_140847,SC01,accel_2,0.0,0.45,0.0,1.0391271416665404e-06,-0.6981316804885864,2.2682140256331886e-19,1,0,0.03887801064411178,0.019147028884617612,0.0,0.45,0.0,6.0,2.0,0.05,0.05,0.5,0.0,0.0,0.0,-5.999998960872858
11.691,S20260416_140847,SC01,accel_2,0.0,0.45,0.0,1.0391271416665404e-06,-0.6981316804885864,2.313243670229044e-19,1,0,0.014822768163867295,0.019370366353541613,0.0,0.45,0.0,6.0,2.0,0.05,0.05,0.5,0.0,0.0,0.0,-5.999998960872858
11.753,S20260416_140847,SC01,accel_2,0.0,0.45,0.0,1.0391271416665404e-06,-0.6981316804885864,2.2686622541276157e-19,1,0,0.022104160365415737,0.018460448656696826,0.0,0.45,0.0,6.0,2.0,0.05,0.05,0.5,0.0,0.0,0.0,-5.999998960872858
11.819,S20260416_140847,SC01,accel_2,0.0,0.45,0.0,1.0391271416665404e-06,-0.6981316804885864,2.274753922351186e-19,1,0,0.02545748371630907,0.018813355040038005,0.0,0.45,0.0,6.0,2.0,0.05,0.05,0.5,0.0,0.0,0.0,-5.999998960872858
11.879,S20260416_140847,SC01,accel_2,0.0,0.45,0.0,1.0391271416665404e-06,-0.6981316804885864,2.268678280751984e-19,1,0,0.02351970848394558,0.02031737769721076,0.0,0.45,0.0,6.0,2.0,0.05,0.05,0.5,0.0,0.0,0.0,-5.999998960872858
11.941,S20260416_140847,SC01,accel_2,0.0,0.45,0.0,1.0391271416665404e-06,-0.6981316804885864,2.2686705259337413e-19,1,0,0.028871592454379424,0.01976624538656324,0.0,0.45,0.0,6.0,2.0,0.05,0.05,0.5,0.0,0.0,0.0,-5.999998960872858
12.006,S20260416_140847,SC01,accel_2,0.0,0.45,0.0,1.0391271416665404e-06,-0.6981316804885864,2.268209372742243e-19,1,0,0.02729143327451311,0.019194125721696764,0.0,0.45,0.0,6.0,2.0,0.05,0.05,0.5,0.0,0.0,0.0,-5.999998960872858
12.069,S20260416_140847,SC01,accel_2,0.0,0.45,0.0,1.0391271416665404e-06,-0.6981316804885864,2.2686627711154986e-19,1,0,0.02891339859343134,0.020488218957325444,0.0,0.45,0.0,6.0,2.0,0.05,0.05,0.5,0.0,0.0,0.0,-5.999998960872858
12.128,S20260416_140847,SC01,accel_2,0.0,0.45,0.0,1.0391271416665404e-06,-0.6981316804885864,2.2686358877455906e-19,1,0,0.023020496941171587,0.01919597203959711,0.0,0.45,0.0,6.0,2.0,0.05,0.05,0.5,0.0,0.0,0.0,-5.999998960872858
12.194,S20260416_140847,SC01,accel_2,0.0,0.45,0.0,1.0391271416665404e-06,-0.6981316804885864,2.313240051313864e-19,1,0,0.019656857242807746,0.018462082487531006,0.0,0.45,0.0,6.0,2.0,0.05,0.05,0.5,0.0,0.0,0.0,-5.999998960872858
12.254,S20260416_140847,SC01,accel_2,0.0,0.45,0.0,1.0391271416665404e-06,-0.6981316804885864,2.2686436425638333e-19,1,0,0.03321209063869901,0.020659966598032042,0.0,0.45,0.0,6.0,2.0,0.05,0.05,0.5,0.0,0.0,0.0,-5.999998960872858
12.317,S20260416_140847,SC01,accel_2,0.0,0.45,0.0,1.0391271416665404e-06,-0.6981316804885864,2.2747474600026504e-19,1,0,0.005342223477782682,0.019304106623167172,0.0,0.45,0.0,6.0,2.0,0.05,0.05,0.5,0.0,0.0,0.0,-5.999998960872858
12.386,S20260416_140847,SC01,accel_2,0.0,0.45,0.0,1.0391271416665404e-06,-0.6981316804885864,9.745014796487219e-20,1,0,0.028896486706798896,0.019660936726722866,0.0,0.45,0.0,6.0,2.0,0.05,0.05,0.5,0.0,0.0,0.0,-5.999998960872858
12.443,S20260416_140847,SC01,accel_2,0.0,0.45,0.0,1.0391271416665404e-06,-0.6981316804885864,2.26866483906703e-19,1,0,0.03312921294127591,0.022158484178362414,0.0,0.45,0.0,6.0,2.0,0.05,0.05,0.5,0.0,0.0,0.0,-5.999998960872858
12.503,S20260416_140847,SC01,accel_2,0.0,0.45,0.0,1.0391271416665404e-06,-0.6981316804885864,2.268215576596837e-19,1,0,0.028948111546924338,0.019346788671100512,0.0,0.45,0.0,6.0,2.0,0.05,0.05,0.5,0.0,0.0,0.0,-5.999998960872858
12.567,S20260416_140847,SC01,accel_2,0.0,0.45,0.0,1.0391271416665404e-06,-0.6981316804885864,2.3132493570957553e-19,1,0,0.013997654023114592,0.018178583384724334,0.0,0.45,0.0,6.0,2.0,0.05,0.05,0.5,0.0,0.0,0.0,-5.999998960872858
12.629,S20260416_140847,SC01,accel_2,0.0,0.45,0.0,1.0391271416665404e-06,-0.6981316804885864,2.2686718184034484e-19,1,0,0.020051069790497422,0.020000722084660083,0.0,0.45,0.0,6.0,2.0,0.05,0.05,0.5,0.0,0.0,0.0,-5.999998960872858
12.693,S20260416_140847,SC01,accel_2,0.0,0.45,0.0,1.0391271416665404e-06,-0.6981316804885864,2.274743582593529e-19,1,0,0.014363257796503603,0.019264555478002876,0.0,0.45,0.0,6.0,2.0,0.05,0.05,0.5,0.0,0.0,0.0,-5.999998960872858
12.756,S20260416_140847,SC01,accel_2,0.0,0.45,0.0,1.0391271416665404e-06,-0.6981316804885864,2.268656825754846e-19,1,0,0.021311040472937748,0.01953595134546049,0.0,0.45,0.0,6.0,2.0,0.05,0.05,0.5,0.0,0.0,0.0,-5.999998960872858
12.817,S20260416_140847,SC01,accel_2,0.0,0.45,0.0,1.0391271416665404e-06,-0.6981316804885864,2.268686294064168e-19,1,0,0.031300871225539595,0.020048870937898755,0.0,0.45,0.0,6.0,2.0,0.05,0.05,0.5,0.0,0.0,0.0,-5.999998960872858
12.888,S20260416_140847,SC01,accel_2,0.0,0.45,0.0,1.0391271416665404e-06,-0.6981316804885864,2.2682261748484354e-19,1,0,0.015055944066261873,0.019122148485621437,0.0,0.45,0.0,6.0,2.0,0.05,0.05,0.5,0.0,0.0,0.0,-5.999998960872858
12.945,S20260416_140847,SC01,accel_2,0.0,0.45,0.0,1.0391271416665404e-06,-0.6981316804885864,2.313252200529111e-19,1,0,0.02441684078075923,0.01895981645793654,0.0,0.45,0.0,6.0,2.0,0.05,0.05,0.5,0.0,0.0,0.0,-5.999998960872858
13.011,S20260416_140847,SC01,accel_2,0.0,0.45,0.0,1.0391271416665404e-06,-0.6981316804885864,2.2686700089458584e-19,1,0,0.03187753428937867,0.018892486375989392,0.0,0.45,0.0,6.0,2.0,0.05,0.05,0.5,0.0,0.0,0.0,-5.999998960872858
13.069,S20260416_140847,SC01,accel_2,0.0,0.45,0.0,1.0391271416665404e-06,-0.6981316804885864,2.2682158350907785e-19,1,0,0.039634079090319574,0.0014674999983981252,0.0,0.45,0.0,6.0,2.0,0.05,0.05,0.5,0.0,0.0,0.0,-5.999998960872858
13.129,S20260416_140847,SC01,accel_2,0.0,0.45,0.0,1.0391271416665404e-06,-0.6981316804885864,2.2686705259337413e-19,1,0,0.012290275131817907,0.019669403787702322,0.0,0.45,0.0,6.0,2.0,0.05,0.05,0.5,0.0,0.0,0.0,-5.999998960872858
13.191,S20260416_140847,SC01,accel_2,0.0,0.45,0.0,1.0391271416665404e-06,-0.6981316804885864,2.2686658730427957e-19,1,0,0.0197433901776094,0.02066316723357886,0.0,0.45,0.0,6.0,2.0,0.05,0.05,0.5,0.0,0.0,0.0,-5.999998960872858
13.256,S20260416_140847,SC01,accel_2,0.0,0.45,0.0,1.0391271416665404e-06,-0.6981316804885864,2.2682243653908455e-19,1,0,0.04382241331040859,0.018895149958552793,0.0,0.45,0.0,6.0,2.0,0.05,0.05,0.5,0.0,0.0,0.0,-5.999998960872858
13.317,S20260416_140847,SC01,accel_2,0.0,0.45,0.0,1.0391271416665404e-06,-0.6981316804885864,9.744981838509688e-20,1,0,0.028755914885550737,0.01796554500469938,0.0,0.45,0.0,6.0,2.0,0.05,0.05,0.5,0.0,0.0,0.0,-5.999998960872858
13.383,S20260416_140847,SC01,accel_2,0.0,0.45,0.0,1.0391271416665404e-06,-0.6981316804885864,2.2686658730427957e-19,1,0,0.01163858629297465,0.019539265107596293,0.0,0.45,0.0,6.0,2.0,0.05,0.05,0.5,0.0,0.0,0.0,-5.999998960872858
13.446,S20260416_140847,SC01,accel_2,0.0,0.45,0.0,1.0391271416665404e-06,-0.6981316804885864,2.313238241856274e-19,1,0,0.026411298487801105,0.01944148782058619,0.0,0.45,0.0,6.0,2.0,0.05,0.05,0.5,0.0,0.0,0.0,-5.999998960872858
13.509,S20260416_140847,SC01,accel_2,0.0,0.45,0.0,1.0391271416665404e-06,-0.6981316804885864,2.268660444670026e-19,1,0,0.05280886756372638,0.019490305974613875,0.0,0.45,0.0,6.0,2.0,0.05,0.05,0.5,0.0,0.0,0.0,-5.999998960872858
13.569,S20260416_140847,SC01,accel_2,0.0,0.45,0.0,1.0391271416665404e-06,-0.6981316804885864,2.268660444670026e-19,1,0,0.05280886756372638,0.019490305974613875,0.0,0.45,0.0,6.0,2.0,0.05,0.05,0.5,0.0,0.0,0.0,-5.999998960872858
13.629,S20260416_140847,SC01,accel_2,0.0,0.45,0.0,1.0391271416665404e-06,-0.6981316804885864,2.2686762128004526e-19,1,0,0.14854353535338305,0.09573466778965667,0.0,0.45,0.0,6.0,2.0,0.05,0.05,0.5,0.0,0.0,0.0,-5.999998960872858
13.693,S20260416_140847,SC01,accel_2,0.0,0.45,0.0,1.0391271416665404e-06,-0.6981316804885864,2.2686736278610383e-19,1,0,0.1452225626562722,0.019955068681156263,0.0,0.45,0.0,6.0,2.0,0.05,0.05,0.5,0.0,0.0,0.0,-5.999998960872858
13.753,S20260416_140847,SC01,accel_2,0.0,0.45,0.0,1.0391271416665404e-06,-0.6981316804885864,2.2686736278610383e-19,1,0,0.1452225626562722,0.019955068681156263,0.0,0.45,0.0,6.0,2.0,0.05,0.05,0.5,0.0,0.0,0.0,-5.999998960872858
13.816,S20260416_140847,SC01,accel_2,0.0,0.45,0.0,1.0391271416665404e-06,-0.6981316804885864,2.274753922351186e-19,1,0,0.2514676247956231,0.019806166412308812,0.0,0.45,0.0,6.0,2.0,0.05,0.05,0.5,0.0,0.0,0.0,-5.999998960872858
13.88,S20260416_140847,SC01,accel_2,0.0,0.45,0.0,1.0391271416665404e-06,-0.6981316804885864,2.274753922351186e-19,1,0,0.2514676247956231,0.019806166412308812,0.0,0.45,0.0,6.0,2.0,0.05,0.05,0.5,0.0,0.0,0.0,-5.999998960872858
13.942,S20260416_140847,SC01,accel_2,0.0,0.45,0.0,1.0391271416665404e-06,-0.6981316804885864,2.268208080272536e-19,1,0,0.33163425233215094,0.08016662753652781,0.0,0.45,0.0,6.0,2.0,0.05,0.05,0.5,0.0,0.0,0.0,-5.999998960872858
15.736,S20260416_140847,SC01,accel_2,0.0,0.45,0.0,1.0391271416665404e-06,-0.6981316804885864,2.268669233464034e-19,1,0,2.122096970444545,0.018881656986195594,0.0,0.45,0.0,6.0,2.0,0.05,0.05,0.5,0.0,0.0,0.0,-5.999998960872858
15.759,S20260416_140847,SC01,accel_2,0.0,0.45,0.0,1.0391271416665404e-06,-0.6981316804885864,2.268669233464034e-19,1,0,2.122096970444545,0.018881656986195594,0.0,0.45,0.0,6.0,2.0,0.05,0.05,0.5,0.0,0.0,0.0,-5.999998960872858
15.82,S20260416_140847,SC01,accel_2,0.0,0.45,0.0,1.0391271416665404e-06,-0.6981316804885864,2.268669233464034e-19,1,0,2.122096970444545,0.018881656986195594,0.0,0.45,0.0,6.0,2.0,0.05,0.05,0.5,0.0,0.0,0.0,-5.999998960872858
15.879,S20260416_140847,SC01,accel_2,0.0,0.45,0.0,1.0391271416665404e-06,-0.6981316804885864,2.268669233464034e-19,1,0,2.122096970444545,0.018881656986195594,0.0,0.45,0.0,6.0,2.0,0.05,0.05,0.5,0.0,0.0,0.0,-5.999998960872858
15.942,S20260416_140847,SC01,accel_2,0.0,0.45,0.0,1.0391271416665404e-06,-0.6981316804885864,2.268669233464034e-19,1,0,2.122096970444545,0.018881656986195594,0.0,0.45,0.0,6.0,2.0,0.05,0.05,0.5,0.0,0.0,0.0,-5.999998960872858
16.59,S20260416_140847,SC01,accel_2,0.0,0.45,0.0,1.0391271416665404e-06,-0.6981316804885864,2.2686744033428626e-19,1,0,2.9176401902223006,0.018622662348207086,0.0,0.45,0.0,6.0,2.0,0.05,0.05,0.5,0.0,0.0,0.0,-5.999998960872858
16.629,S20260416_140847,SC01,accel_2,0.0,0.45,0.0,1.0391271416665404e-06,-0.6981316804885864,2.2686744033428626e-19,1,0,2.9176401902223006,0.018622662348207086,0.0,0.45,0.0,6.0,2.0,0.05,0.05,0.5,0.0,0.0,0.0,-5.999998960872858
16.693,S20260416_140847,SC01,accel_2,0.0,0.45,0.0,1.0391271416665404e-06,-0.6981316804885864,2.2747559903027173e-19,1,0,2.945450178172905,0.01970348204486072,0.0,0.45,0.0,6.0,2.0,0.05,0.05,0.5,0.0,0.0,0.0,-5.999998960872858
16.76,S20260416_140847,SC01,accel_2,0.0,0.45,0.0,1.0391271416665404e-06,-0.6981316804885864,2.2686573427427287e-19,1,0,2.9579911186592653,0.01913186052115634,0.0,0.45,0.0,6.0,2.0,0.05,0.05,0.5,0.0,0.0,0.0,-5.999998960872858
16.822,S20260416_140847,SC01,accel_2,0.0,0.45,0.0,1.0391271416665404e-06,-0.6981316804885864,2.2686573427427287e-19,1,0,2.9579911186592653,0.01913186052115634,0.0,0.45,0.0,6.0,2.0,0.05,0.05,0.5,0.0,0.0,0.0,-5.999998960872858
16.882,S20260416_140847,SC01,accel_2,0.0,0.45,0.0,1.0391271416665404e-06,-0.6981316804885864,2.2686573427427287e-19,1,0,2.9579911186592653,0.01913186052115634,0.0,0.45,0.0,6.0,2.0,0.05,0.05,0.5,0.0,0.0,0.0,-5.999998960872858
16.943,S20260416_140847,SC01,accel_2,0.0,0.45,0.0,1.0391271416665404e-06,-0.6981316804885864,2.2686573427427287e-19,1,0,2.9579911186592653,0.01913186052115634,0.0,0.45,0.0,6.0,2.0,0.05,0.05,0.5,0.0,0.0,0.0,-5.999998960872858
17.01,S20260416_140847,SC01,accel_2,0.0,0.45,0.0,1.0391271416665404e-06,-0.6981316804885864,9.74503676847224e-20,1,0,3.14896368040354,0.01998895112774335,0.0,0.45,0.0,6.0,2.0,0.05,0.05,0.5,0.0,0.0,0.0,-5.999998960872858
17.066,S20260416_140847,SC01,accel_2,0.0,0.45,0.0,1.0391271416665404e-06,-0.6981316804885864,9.74503676847224e-20,1,0,3.14896368040354,0.01998895112774335,0.0,0.45,0.0,6.0,2.0,0.05,0.05,0.5,0.0,0.0,0.0,-5.999998960872858
17.129,S20260416_140847,SC01,accel_2,0.0,0.45,0.0,1.0391271416665404e-06,-0.6981316804885864,2.268216610572603e-19,1,0,3.1617086781188846,0.019340422557434067,0.0,0.45,0.0,6.0,2.0,0.05,0.05,0.5,0.0,0.0,0.0,-5.999998960872858
17.192,S20260416_140847,SC01,accel_2,0.0,0.45,0.0,1.0391271416665404e-06,-0.6981316804885864,2.2686614786457915e-19,1,0,3.1812812443240546,0.020165075111435726,0.0,0.45,0.0,6.0,2.0,0.05,0.05,0.5,0.0,0.0,0.0,-5.999998960872858
17.255,S20260416_140847,SC01,accel_2,0.0,0.45,0.0,0.00010296898108208552,-0.6981316804885864,-6.366601175292544e-15,2,0,1.4817346654599532,0.011816262878710404,0.0,0.45,0.0,6.0,2.0,0.05,0.05,0.5,0.0,0.0,0.0,-5.999897031018918
17.319,S20260416_140847,SC01,accel_2,0.0,0.45,0.0,0.00010296898108208552,-0.6981316804885864,-6.366601175292544e-15,2,0,1.4817346654599532,0.011816262878710404,0.0,0.45,0.0,6.0,2.0,0.05,0.05,0.5,0.0,0.0,0.0,-5.999897031018918
17.384,S20260416_140847,SC01,accel_2,0.0,0.45,0.0,0.00010296898108208552,-0.6981316804885864,-6.366601175292544e-15,2,0,1.4817346654599532,0.011816262878710404,0.0,0.45,0.0,6.0,2.0,0.05,0.05,0.5,0.0,0.0,0.0,-5.999897031018918
17.443,S20260416_140847,SC01,accel_2,0.0,0.45,0.0,0.00010296898108208552,-0.6981316804885864,-6.366601175292544e-15,2,0,1.4817346654599532,0.011816262878710404,0.0,0.45,0.0,6.0,2.0,0.05,0.05,0.5,0.0,0.0,0.0,-5.999897031018918
17.509,S20260416_140847,SC01,accel_2,0.0,0.45,0.0,0.00010296898108208552,-0.6981316804885864,-6.366601175292544e-15,2,0,1.4817346654599532,0.011816262878710404,0.0,0.45,0.0,6.0,2.0,0.05,0.05,0.5,0.0,0.0,0.0,-5.999897031018918
17.567,S20260416_140847,SC01,accel_2,0.0,0.45,0.0,0.00010296898108208552,-0.6981316804885864,-6.366601175292544e-15,2,0,1.4817346654599532,0.011816262878710404,0.0,0.45,0.0,6.0,2.0,0.05,0.05,0.5,0.0,0.0,0.0,-5.999897031018918
17.629,S20260416_140847,SC01,accel_2,0.0,0.45,0.0,0.00010296898108208552,-0.6981316804885864,-6.366601175292544e-15,2,0,1.4817346654599532,0.011816262878710404,0.0,0.45,0.0,6.0,2.0,0.05,0.05,0.5,0.0,0.0,0.0,-5.999897031018918
17.692,S20260416_140847,SC01,accel_2,0.0,0.45,0.0,0.00010296898108208552,-0.6981316804885864,-6.366601175292544e-15,2,0,1.4817346654599532,0.011816262878710404,0.0,0.45,0.0,6.0,2.0,0.05,0.05,0.5,0.0,0.0,0.0,-5.999897031018918
17.76,S20260416_140847,SC01,accel_2,0.0,0.45,0.0,0.0015516101848334074,-0.6981316804885864,1.1823313629413888e-14,2,0,1.923977225611452,0.020188961061649024,0.0,0.45,0.0,6.0,2.0,0.05,0.05,0.5,0.0,0.0,0.0,-5.998448389815167
17.821,S20260416_140847,SC01,accel_2,0.0,0.45,0.0,0.0015516101848334074,-0.6981316804885864,1.1823313629413888e-14,2,0,1.923977225611452,0.020188961061649024,0.0,0.45,0.0,6.0,2.0,0.05,0.05,0.5,0.0,0.0,0.0,-5.998448389815167
17.879,S20260416_140847,SC01,accel_2,0.0,0.45,0.0,0.0015516101848334074,-0.6981316804885864,1.1823313629413888e-14,2,0,1.923977225611452,0.020188961061649024,0.0,0.45,0.0,6.0,2.0,0.05,0.05,0.5,0.0,0.0,0.0,-5.998448389815167
17.943,S20260416_140847,SC01,accel_2,0.0,0.45,0.0,0.0044096047058701515,-0.6981316804885864,-4.191399867375852e-16,2,0,2.0389856323890854,0.019226666947361082,0.0,0.45,0.0,6.0,2.0,0.05,0.05,0.5,0.0,0.0,0.0,-5.99559039529413
18.033,S20260416_140847,SC01,stabilize,0.0,0.3,0.0,0.00835363194346428,-0.6981316804885864,3.2052801397154554e-16,2,0,2.1014790443587117,0.01984505364089273,0.0,0.3,0.0,8.0,2.0,0.05,0.05,0.5,0.0,0.0,0.0,-7.991646368056536
18.067,S20260416_140847,SC01,stabilize,0.0,0.3,0.0,0.00835363194346428,-0.6981316804885864,3.2052801397154554e-16,2,0,2.1014790443587117,0.01984505364089273,0.0,0.3,0.0,8.0,2.0,0.05,0.05,0.5,0.0,0.0,0.0,-7.991646368056536
18.129,S20260416_140847,SC01,stabilize,0.0,0.3,0.0,0.013131249696016312,-0.6981316804885864,-2.8359893389429862e-15,2,0,2.1094024873455055,0.01962139320676215,0.0,0.3,0.0,8.0,2.0,0.05,0.05,0.5,0.0,0.0,0.0,-7.986868750303984
18.192,S20260416_140847,SC01,stabilize,0.0,0.3,0.0,0.018561983481049538,-0.6981316804885864,-1.6248636415311032e-14,2,0,1.5347519085044041,0.019190273626009002,0.0,0.3,0.0,8.0,2.0,0.05,0.05,0.5,0.0,0.0,0.0,-7.9814380165189505
18.26,S20260416_140847,SC01,stabilize,0.0,0.3,0.0,0.024531766772270203,-0.6981316804885864,-4.532872761495686e-14,2,0,1.5563533409731463,0.01946699508698657,0.0,0.3,0.0,8.0,2.0,0.05,0.05,0.5,0.0,0.0,0.0,-7.97546823322773
18.317,S20260416_140847,SC01,stabilize,0.0,0.3,0.0,0.024531766772270203,-0.6981316804885864,-4.532872761495686e-14,2,0,1.5563533409731463,0.01946699508698657,0.0,0.3,0.0,8.0,2.0,0.05,0.05,0.5,0.0,0.0,0.0,-7.97546823322773
18.389,S20260416_140847,SC01,stabilize,0.0,0.3,0.0,0.02662959322333336,-0.6981316804885864,-9.008907748758125e-15,2,0,1.674784549337346,0.11843120836419985,0.0,0.3,0.0,8.0,2.0,0.05,0.05,0.5,0.0,0.0,0.0,-7.973370406776667
18.443,S20260416_140847,SC01,stabilize,0.0,0.3,0.0,0.0309786107391119,-0.6981316804885864,-2.662594706618216e-14,2,0,1.6414617849804927,0.01976035229745321,0.0,0.3,0.0,8.0,2.0,0.05,0.05,0.5,0.0,0.0,0.0,-7.969021389260888
18.508,S20260416_140847,SC01,stabilize,0.0,0.3,0.0,0.0378747284412384,-0.6981316804885864,3.0495269272809466e-16,2,0,1.6489788420731202,0.01955483731580898,0.0,0.3,0.0,8.0,2.0,0.05,0.05,0.5,0.0,0.0,0.0,-7.962125271558762
18.567,S20260416_140847,SC01,stabilize,0.0,0.3,0.0,0.0378747284412384,-0.6981316804885864,3.0495269272809466e-16,2,0,1.6489788420731202,0.01955483731580898,0.0,0.3,0.0,8.0,2.0,0.05,0.05,0.5,0.0,0.0,0.0,-7.962125271558762
18.629,S20260416_140847,SC01,stabilize,0.0,0.3,0.0,0.04520862549543381,-0.6981316804885864,-6.683768935446949e-14,2,0,1.7114421092846896,0.02020643901778385,0.0,0.3,0.0,8.0,2.0,0.05,0.05,0.5,0.0,0.0,0.0,-7.954791374504566
18.693,S20260416_140847,SC01,stabilize,0.0,0.3,0.0,0.052972279489040375,-0.6981316804885864,2.2685390553361072e-14,2,0,1.7268413532874547,0.01930006151087582,0.0,0.3,0.0,8.0,2.0,0.05,0.05,0.5,0.0,0.0,0.0,-7.94702772051096
18.758,S20260416_140847,SC01,stabilize,0.0,0.3,0.0,0.06115426495671272,-0.6981316804885864,-2.3010015930396283e-14,2,0,1.72991989844013,0.020208999107126147,0.0,0.3,0.0,8.0,2.0,0.05,0.05,0.5,0.0,0.0,0.0,-7.938845735043287
18.817,S20260416_140847,SC01,stabilize,0.0,0.3,0.0,0.06973663717508316,-0.6981316804885864,-2.2995209794478277e-14,2,0,1.7335381114680786,0.01983592359465547,0.0,0.3,0.0,8.0,2.0,0.05,0.05,0.5,0.0,0.0,0.0,-7.930263362824917
18.882,S20260416_140847,SC01,stabilize,0.0,0.3,0.0,0.0880025327205658,-0.6981316804885864,7.245899301573655e-14,2,0,1.695946483348962,0.019706677907379344,0.0,0.3,0.0,8.0,2.0,0.05,0.05,0.5,0.0,0.0,0.0,-7.911997467279434
18.942,S20260416_140847,SC01,stabilize,0.0,0.3,0.0,0.09762807935476303,-0.6981316804885864,-2.2260580660423464e-15,2,0,1.6881185957754496,0.019426776911132038,0.0,0.3,0.0,8.0,2.0,0.05,0.05,0.5,0.0,0.0,0.0,-7.902371920645237
19.502,S20260416_140847,SC01,stabilize,0.0,0.3,0.0,0.10754149407148361,-0.6981316804885864,1.5295605553279092e-15,2,0,2.2096118556219153,0.019898833852494135,0.0,0.3,0.0,8.0,2.0,0.05,0.05,0.5,0.0,0.0,0.0,-7.892458505928516
19.508,S20260416_140847,SC01,stabilize,0.0,0.3,0.0,0.10754149407148361,-0.6981316804885864,1.5295605553279092e-15,2,0,2.2096118556219153,0.019898833852494135,0.0,0.3,0.0,8.0,2.0,0.05,0.05,0.5,0.0,0.0,0.0,-7.892458505928516
19.569,S20260416_140847,SC01,stabilize,0.0,0.3,0.0,0.11771345138549805,-0.6981316804885864,-1.8645928967904414e-15,2,0,2.206471154349856,0.01889939626562409,0.0,0.3,0.0,8.0,2.0,0.05,0.05,0.5,0.0,0.0,0.0,-7.882286548614502
19.629,S20260416_140847,SC01,stabilize,0.0,0.3,0.0,0.13872528076171875,-0.6981316804885864,-1.2014229561769087e-15,2,0,2.141282094962662,0.01965642935829237,0.0,0.3,0.0,8.0,2.0,0.05,0.05,0.5,0.0,0.0,0.0,-7.861274719238281
19.693,S20260416_140847,SC01,stabilize,0.0,0.3,0.0,0.16383008658885956,-0.6981316804885864,-1.770234620782768e-13,2,0,2.083847104891902,0.0004414999857544899,0.0,0.3,0.0,8.0,2.0,0.05,0.05,0.5,0.0,0.0,0.0,-7.83616991341114
19.757,S20260416_140847,SC01,stabilize,0.0,0.3,0.0,0.1729286164045334,-0.6981316804885864,1.6984286224067287e-14,2,0,2.059741500619566,0.0002731999848037958,0.0,0.3,0.0,8.0,2.0,0.05,0.05,0.5,0.0,0.0,0.0,-7.827071383595467
19.82,S20260416_140847,SC01,stabilize,0.0,0.3,0.0,0.1973346769809723,-0.6981316804885864,7.347032324970387e-14,2,0,2.0104387390601914,0.0002702000201679766,0.0,0.3,0.0,8.0,2.0,0.05,0.05,0.5,0.0,0.0,0.0,-7.802665323019028
19.881,S20260416_140847,SC01,stabilize,0.0,0.3,0.0,0.21709907054901123,-0.6981316804885864,-6.276822247388929e-16,2,0,1.9795815502293408,0.0003772999916691333,0.0,0.3,0.0,8.0,2.0,0.05,0.05,0.5,0.0,0.0,0.0,-7.782900929450989
19.943,S20260416_140847,SC01,stabilize,0.0,0.3,0.0,0.2287047803401947,-0.6981316804885864,-6.035162688746093e-15,2,0,1.9590189913578797,0.019610490038758144,0.0,0.3,0.0,8.0,2.0,0.05,0.05,0.5,0.0,0.0,0.0,-7.771295219659805
20.005,S20260416_140847,SC01,stabilize,0.0,0.3,0.0,0.25211670994758606,-0.6981316804885864,-6.349137155865173e-16,2,0,1.901169869408477,0.016432235424872488,0.0,0.3,0.0,8.0,2.0,0.05,0.05,0.5,0.0,0.0,0.0,-7.747883290052414
20.069,S20260416_140847,SC01,stabilize,0.0,0.3,0.0,0.2757473886013031,-0.6981316804885864,-2.957496797561767e-16,2,0,1.8496229911397677,0.0201447214349173,0.0,0.3,0.0,8.0,2.0,0.05,0.05,0.5,0.0,0.0,0.0,-7.724252611398697
20.128,S20260416_140847,SC01,stabilize,0.0,0.3,0.0,0.2995494306087494,-0.6981316804885864,-1.7072269997988094e-17,2,0,1.7986209072405472,0.01915400818688795,0.0,0.3,0.0,8.0,2.0,0.05,0.05,0.5,0.0,0.0,0.0,-7.700450569391251
20.192,S20260416_140847,SC01,stabilize,0.0,0.3,0.0,0.3115028142929077,-0.6981316804885864,5.403883591536244e-17,2,0,1.7769321355735883,0.02109608970931731,0.0,0.3,0.0,8.0,2.0,0.05,0.05,0.5,0.0,0.0,0.0,-7.688497185707092
20.259,S20260416_140847,SC01,stabilize,0.0,0.3,0.0,0.3274860680103302,-0.6981316804885864,2.523298907597495e-17,2,0,1.7896356432174798,0.030268898728536442,0.0,0.3,0.0,8.0,2.0,0.05,0.05,0.5,0.0,0.0,0.0,-7.67251393198967
20.318,S20260416_140847,SC01,stabilize,0.0,0.3,0.0,0.34752726554870605,-0.6981316804885864,9.298061318256236e-17,2,0,1.7175368056632578,0.02154218274517916,0.0,0.3,0.0,8.0,2.0,0.05,0.05,0.5,0.0,0.0,0.0,-7.652472734451294
20.386,S20260416_140847,SC01,stabilize,0.0,0.3,0.0,0.3716510534286499,-0.6981316804885864,-4.023114670137818e-17,2,0,1.6740234511962626,0.01936195360030979,0.0,0.3,0.0,8.0,2.0,0.05,0.05,0.5,0.0,0.0,0.0,-7.62834894657135
20.443,S20260416_140847,SC01,stabilize,0.0,0.3,0.0,0.39583924412727356,-0.6981316804885864,1.4315238966040675e-17,2,0,1.6322289902309421,0.019279883563285694,0.0,0.3,0.0,8.0,2.0,0.05,0.05,0.5,0.0,0.0,0.0,-7.604160755872726
20.504,S20260416_140847,SC01,stabilize,0.0,0.3,0.0,0.4079529345035553,-0.6981316804885864,-3.911392678756201e-17,2,0,1.6068523597205058,0.019790135440416634,0.0,0.3,0.0,8.0,2.0,0.05,0.05,0.5,0.0,0.0,0.0,-7.592047065496445
20.567,S20260416_140847,SC01,stabilize,0.0,0.3,0.0,0.43221229314804077,-0.6981316804885864,2.8058088800529357e-17,2,0,1.5718687936896458,0.019314314267830923,0.0,0.3,0.0,8.0,2.0,0.05,0.05,0.5,0.0,0.0,0.0,-7.567787706851959
20.629,S20260416_140847,SC01,stabilize,0.0,0.3,0.0,0.43221229314804077,-0.6981316804885864,2.8058088800529357e-17,2,0,1.5718687936896458,0.019314314267830923,0.0,0.3,0.0,8.0,2.0,0.05,0.05,0.5,0.0,0.0,0.0,-7.567787706851959
20.692,S20260416_140847,SC01,stabilize,0.0,0.3,0.0,0.43221229314804077,-0.6981316804885864,2.8058088800529357e-17,2,0,1.5718687936896458,0.019314314267830923,0.0,0.3,0.0,8.0,2.0,0.05,0.05,0.5,0.0,0.0,0.0,-7.567787706851959
20.755,S20260416_140847,SC01,stabilize,0.0,0.3,0.0,0.44435548782348633,-0.6981316804885864,-1.7971016622777984e-17,2,0,1.181942472117953,0.018795271025737748,0.0,0.3,0.0,8.0,2.0,0.05,0.05,0.5,0.0,0.0,0.0,-7.555644512176514
20.819,S20260416_140847,SC01,stabilize,0.0,0.3,0.0,0.44435548782348633,-0.6981316804885864,-1.7971016622777984e-17,2,0,1.181942472117953,0.018795271025737748,0.0,0.3,0.0,8.0,2.0,0.05,0.05,0.5,0.0,0.0,0.0,-7.555644512176514
20.879,S20260416_140847,SC01,stabilize,0.0,0.3,0.0,0.45650631189346313,-0.6981316804885864,-2.4157499596881466e-18,2,0,1.281505626917351,0.01924125070217997,0.0,0.3,0.0,8.0,2.0,0.05,0.05,0.5,0.0,0.0,0.0,-7.543493688106537
20.941,S20260416_140847,SC01,stabilize,0.0,0.3,0.0,0.4686638414859772,-0.6981316804885864,2.6441746450737463e-17,2,0,1.2899119046633132,0.020010740583529696,0.0,0.3,0.0,8.0,2.0,0.05,0.05,0.5,0.0,0.0,0.0,-7.531336158514023
21.046,S20260416_140847,SC01,stabilize,0.0,0.3,0.0,0.48082733154296875,-0.6981316804885864,-7.75479094572442e-18,2,0,1.3314895090297796,0.019887613074388355,0.0,0.3,0.0,8.0,2.0,0.05,0.05,0.5,0.0,0.0,0.0,-7.519172668457031
21.067,S20260416_140847,SC01,stabilize,0.0,0.3,0.0,0.48082733154296875,-0.6981316804885864,-7.75479094572442e-18,2,0,1.3314895090297796,0.019887613074388355,0.0,0.3,0.0,8.0,2.0,0.05,0.05,0.5,0.0,0.0,0.0,-7.519172668457031
21.129,S20260416_140847,SC01,stabilize,0.0,0.3,0.0,0.4929960370063782,-0.6981316804885864,-5.7807227595053945e-18,2,0,1.3440139440644998,0.019110504334094003,0.0,0.3,0.0,8.0,2.0,0.05,0.05,0.5,0.0,0.0,0.0,-7.507003962993622
21.191,S20260416_140847,SC01,stabilize,0.0,0.3,0.0,0.5051693320274353,-0.6981316804885864,1.4058664083638977e-17,2,0,1.355308523925487,0.01892281961045228,0.0,0.3,0.0,8.0,2.0,0.05,0.05,0.5,0.0,0.0,0.0,-7.494830667972565
21.255,S20260416_140847,SC01,stabilize,0.0,0.3,0.0,0.5295276045799255,-0.6981316804885864,-2.455870494143653e-18,2,0,1.3041162151494063,0.020278602984035388,0.0,0.3,0.0,8.0,2.0,0.05,0.05,0.5,0.0,0.0,0.0,-7.4704723954200745
21.32,S20260416_140847,SC01,stabilize,0.0,0.3,0.0,0.5417116284370422,-0.6981316804885864,2.236523082005057e-18,2,0,1.2838416640879586,0.020863899611867964,0.0,0.3,0.0,8.0,2.0,0.05,0.05,0.5,0.0,0.0,0.0,-7.458288371562958
21.379,S20260416_140847,SC01,stabilize,0.0,0.3,0.0,0.5538984537124634,-0.6981316804885864,-2.781314986780444e-18,2,0,1.2734395521110855,0.01877019985113293,0.0,0.3,0.0,8.0,2.0,0.05,0.05,0.5,0.0,0.0,0.0,-7.446101546287537
21.443,S20260416_140847,SC01,stabilize,0.0,0.3,0.0,0.5782788991928101,-0.6981316804885864,3.882453682307972e-18,2,0,1.2417279895453248,0.019969169981777668,0.0,0.3,0.0,8.0,2.0,0.05,0.05,0.5,0.0,0.0,0.0,-7.42172110080719
21.51,S20260416_140847,SC01,stabilize,0.0,0.3,0.0,0.5904719829559326,-0.6981316804885864,-2.4572140422535922e-18,2,0,1.2282163524068892,0.019010595075087622,0.0,0.3,0.0,8.0,2.0,0.05,0.05,0.5,0.0,0.0,0.0,-7.409528017044067
21.569,S20260416_140847,SC01,stabilize,0.0,0.3,0.0,0.6148627400398254,-0.6981316804885864,4.151796097464426e-18,2,0,1.1903911464323755,0.018570575513876975,0.0,0.3,0.0,8.0,2.0,0.05,0.05,0.5,0.0,0.0,0.0,-7.385137259960175
21.629,S20260416_140847,SC01,stabilize,0.0,0.3,0.0,0.6270599961280823,-0.6981316804885864,-2.7362426389854657e-19,2,0,1.1730293998261914,0.019760393945034593,0.0,0.3,0.0,8.0,2.0,0.05,0.05,0.5,0.0,0.0,0.0,-7.372940003871918
21.692,S20260416_140847,SC01,stabilize,0.0,0.3,0.0,0.6514574885368347,-0.6981316804885864,3.3788226984035296e-18,2,0,1.1307136695540976,0.019757958740228787,0.0,0.3,0.0,8.0,2.0,0.05,0.05,0.5,0.0,0.0,0.0,-7.348542511463165
21.758,S20260416_140847,SC01,stabilize,0.0,0.3,0.0,0.6758579611778259,-0.6981316804885864,-3.0640314648758088e-18,2,0,1.0846883952617645,0.019115082279313356,0.0,0.3,0.0,8.0,2.0,0.05,0.05,0.5,0.0,0.0,0.0,-7.324142038822174
21.82,S20260416_140847,SC01,stabilize,0.0,0.3,0.0,0.6880590319633484,-0.6981316804885864,4.801350013229348e-18,2,0,1.0592929874255788,0.01990346738602966,0.0,0.3,0.0,8.0,2.0,0.05,0.05,0.5,0.0,0.0,0.0,-7.311940968036652
21.878,S20260416_140847,SC01,stabilize,0.0,0.3,0.0,0.7124624252319336,-0.6981316804885864,6.177262288417776e-19,2,0,1.0124057568318676,0.019290670577902347,0.0,0.3,0.0,8.0,2.0,0.05,0.05,0.5,0.0,0.0,0.0,-7.287537574768066
21.943,S20260416_140847,SC01,stabilize,0.0,0.3,0.0,0.7368670105934143,-0.6981316804885864,-5.237949589014943e-19,2,0,0.9633039932523388,0.019592609198298305,0.0,0.3,0.0,8.0,2.0,0.05,0.05,0.5,0.0,0.0,0.0,-7.263132989406586
22.012,S20260416_140847,SC01,stabilize,0.0,0.3,0.0,0.7612721920013428,-0.6981316804885864,5.253455503187556e-18,2,0,0.919875022751512,0.013519412430468947,0.0,0.3,0.0,8.0,2.0,0.05,0.05,0.5,0.0,0.0,0.0,-7.238727807998657
22.069,S20260416_140847,SC01,stabilize,0.0,0.3,0.0,0.773474931716919,-0.6981316804885864,-6.3255216953159885e-18,2,0,0.89108755075722,0.019422721001319587,0.0,0.3,0.0,8.0,2.0,0.05,0.05,0.5,0.0,0.0,0.0,-7.226525068283081
22.129,S20260416_140847,SC01,stabilize,0.0,0.3,0.0,0.7978804707527161,-0.6981316804885864,-6.113523576124773e-18,2,0,0.8442141390114557,0.019708581123268232,0.0,0.3,0.0,8.0,2.0,0.05,0.05,0.5,0.0,0.0,0.0,-7.202119529247284
22.193,S20260416_140847,SC01,stabilize,0.0,0.3,0.0,0.8222858309745789,-0.6981316804885864,-5.303636001457779e-18,2,0,0.7984842735750135,0.019640214362880215,0.0,0.3,0.0,8.0,2.0,0.05,0.05,0.5,0.0,0.0,0.0,-7.177714169025421
22.259,S20260416_140847,SC01,stabilize,0.0,0.3,0.0,0.846690833568573,-0.6981316804885864,-2.4350176844914974e-18,2,0,0.7476791562512517,0.01996203773887828,0.0,0.3,0.0,8.0,2.0,0.05,0.05,0.5,0.0,0.0,0.0,-7.153309166431427
22.327,S20260416_140847,SC01,stabilize,0.0,0.3,0.0,0.8629605174064636,-0.6981316804885864,-5.059742625027131e-18,2,0,0.7379798691254109,0.013750379381235689,0.0,0.3,0.0,8.0,2.0,0.05,0.05,0.5,0.0,0.0,0.0,-7.137039482593536
22.389,S20260416_140847,SC01,stabilize,0.0,0.3,0.0,0.8832972645759583,-0.6981316804885864,-5.819866186862323e-18,2,0,0.6791335665038787,0.019889896793756634,0.0,0.3,0.0,8.0,2.0,0.05,0.05,0.5,0.0,0.0,0.0,-7.116702735424042
22.443,S20260416_140847,SC01,stabilize,0.0,0.3,0.0,0.895499050617218,-0.6981316804885864,4.9008499147521265e-18,2,0,0.6586840362870134,0.019652761955512688,0.0,0.3,0.0,8.0,2.0,0.05,0.05,0.5,0.0,0.0,0.0,-7.104500949382782
22.504,S20260416_140847,SC01,stabilize,0.0,0.3,0.0,0.919901967048645,-0.6981316804885864,1.0091417357509113e-18,2,0,0.6144244156312197,0.019475341774523258,0.0,0.3,0.0,8.0,2.0,0.05,0.05,0.5,0.0,0.0,0.0,-7.080098032951355
22.567,S20260416_140847,SC01,stabilize,0.0,0.3,0.0,0.9443040490150452,-0.6981316804885864,2.8785666113983037e-18,2,0,0.5710821409593336,0.019598545361077413,0.0,0.3,0.0,8.0,2.0,0.05,0.05,0.5,0.0,0.0,0.0,-7.055695950984955
22.629,S20260416_140847,SC01,stabilize,0.0,0.3,0.0,0.9565047025680542,-0.6981316804885864,-1.2977049332109539e-18,2,0,0.5497544366808143,0.019805716263363138,0.0,0.3,0.0,8.0,2.0,0.05,0.05,0.5,0.0,0.0,0.0,-7.043495297431946
22.693,S20260416_140847,SC01,stabilize,0.0,0.3,0.0,0.980905294418335,-0.6981316804885864,8.535696903462124e-19,2,0,0.5057688055094332,0.01911163082695566,0.0,0.3,0.0,8.0,2.0,0.05,0.05,0.5,0.0,0.0,0.0,-7.019094705581665
22.759,S20260416_140847,SC01,stabilize,0.0,0.3,0.0,1.0053048133850098,-0.6981316804885864,2.738904816389391e-18,2,0,0.45319891613326035,0.018923019582871348,0.0,0.3,0.0,8.0,2.0,0.05,0.05,0.5,0.0,0.0,0.0,-6.99469518661499
22.823,S20260416_140847,SC01,stabilize,0.0,0.3,0.0,1.029703140258789,-0.6981316804885864,-1.3826718917566352e-18,2,0,0.39992222673026845,0.01933077463763766,0.0,0.3,0.0,8.0,2.0,0.05,0.05,0.5,0.0,0.0,0.0,-6.970296859741211
22.886,S20260416_140847,SC01,stabilize,0.0,0.3,0.0,1.0541003942489624,-0.6981316804885864,-5.0977404072356734e-18,2,0,0.3459766226587817,0.017272704251809046,0.0,0.3,0.0,8.0,2.0,0.05,0.05,0.5,0.0,0.0,0.0,-6.945899605751038
22.943,S20260416_140847,SC01,stabilize,0.0,0.3,0.0,1.0784964561462402,-0.6981316804885864,-1.9835317528120917e-18,2,0,0.293083815893624,0.01961066509829834,0.0,0.3,0.0,8.0,2.0,0.05,0.05,0.5,0.0,0.0,0.0,-6.92150354385376
23.013,S20260416_140847,SC01,stabilize,0.0,0.3,0.0,1.102891206741333,-0.6981316804885864,-1.6451980284729226e-18,2,0,0.23973758370266296,0.019575944665120915,0.0,0.3,0.0,8.0,2.0,0.05,0.05,0.5,0.0,0.0,0.0,-6.897108793258667
23.069,S20260416_140847,SC01,stabilize,0.0,0.3,0.0,1.1150881052017212,-0.6981316804885864,1.9879645878653692e-19,2,0,0.21444181964034215,0.020180599094601348,0.0,0.3,0.0,8.0,2.0,0.05,0.05,0.5,0.0,0.0,0.0,-6.884911894798279
23.129,S20260416_140847,SC01,stabilize,0.0,0.3,0.0,1.1394810676574707,-0.6981316804885864,-2.023803454524542e-18,2,0,0.15904086572118104,0.019416316237766296,0.0,0.3,0.0,8.0,2.0,0.05,0.05,0.5,0.0,0.0,0.0,-6.860518932342529
23.191,S20260416_140847,SC01,stabilize,0.0,0.3,0.0,1.1638725996017456,-0.6981316804885864,-4.8605682868723254e-18,1,0,0.11933218527701683,0.010638459760230035,0.0,0.3,0.0,8.0,2.0,0.05,0.05,0.5,0.0,0.0,0.0,-6.836127400398254
23.255,S20260416_140847,SC01,stabilize,0.0,0.3,0.0,1.1847227811813354,-0.6981316804885864,-5.850592769583371e-14,1,0,0.059601977438433096,0.01928779954323545,0.0,0.3,0.0,8.0,2.0,0.05,0.05,0.5,0.0,0.0,0.0,-6.8152772188186646
23.318,S20260416_140847,SC01,stabilize,0.0,0.3,0.0,1.1951690912246704,-0.6981316804885864,2.276373601878441e-14,1,0,0.04852137001580559,0.013257451180834323,0.0,0.3,0.0,8.0,2.0,0.05,0.05,0.5,0.0,0.0,0.0,-6.80483090877533
23.383,S20260416_140847,SC01,stabilize,0.0,0.3,0.0,1.2050542831420898,-0.6981316804885864,2.0593186986390954e-14,1,0,0.026527960551902652,0.019407562242122367,0.0,0.3,0.0,8.0,2.0,0.05,0.05,0.5,0.0,0.0,0.0,-6.79494571685791
23.442,S20260416_140847,SC01,stabilize,0.0,0.3,0.0,1.2131125926971436,-0.6981316804885864,1.2388686945882452e-14,1,0,0.038016865379177034,0.020563173020491377,0.0,0.3,0.0,8.0,2.0,0.05,0.05,0.5,0.0,0.0,0.0,-6.7868874073028564
23.509,S20260416_140847,SC01,stabilize,0.0,0.3,0.0,1.2178691625595093,-0.6981316804885864,5.715952816859153e-15,1,0,0.035874498018529266,0.020275766524719074,0.0,0.3,0.0,8.0,2.0,0.05,0.05,0.5,0.0,0.0,0.0,-6.782130837440491
23.569,S20260416_140847,SC01,stabilize,0.0,0.3,0.0,1.2192381620407104,-0.6981316804885864,-4.477339926220979e-15,1,0,0.03185545897576958,0.01956730056554079,0.0,0.3,0.0,8.0,2.0,0.05,0.05,0.5,0.0,0.0,0.0,-6.7807618379592896
23.629,S20260416_140847,SC01,stabilize,0.0,0.3,0.0,1.2203282117843628,-0.6981316804885864,-3.6046118109952455e-15,1,0,0.02307429924258031,0.019207249395549297,0.0,0.3,0.0,8.0,2.0,0.05,0.05,0.5,0.0,0.0,0.0,-6.779671788215637
23.693,S20260416_140847,SC01,stabilize,0.0,0.3,0.0,1.2196193933486938,-0.6981316804885864,-2.3350034437181946e-15,1,0,0.020505429711192846,0.019425768579822034,0.0,0.3,0.0,8.0,2.0,0.05,0.05,0.5,0.0,0.0,0.0,-6.780380606651306
23.759,S20260416_140847,SC01,stabilize,0.0,0.3,0.0,1.218342900276184,-0.6981316804885864,2.238721420362035e-15,1,0,0.04887708826572634,0.03396430000429973,0.0,0.3,0.0,8.0,2.0,0.05,0.05,0.5,0.0,0.0,0.0,-6.781657099723816
23.821,S20260416_140847,SC01,stabilize,0.0,0.3,0.0,1.2160089015960693,-0.6981316804885864,-2.5473766793910355e-16,1,0,0.027938710351008922,0.019148589606629685,0.0,0.3,0.0,8.0,2.0,0.05,0.05,0.5,0.0,0.0,0.0,-6.783991098403931
23.879,S20260416_140847,SC01,stabilize,0.0,0.3,0.0,1.21232271194458,-0.6981316804885864,1.8492615210357997e-16,1,0,0.019534908380592242,0.018642236187588423,0.0,0.3,0.0,8.0,2.0,0.05,0.05,0.5,0.0,0.0,0.0,-6.78767728805542
23.943,S20260416_140847,SC01,stabilize,0.0,0.3,0.0,1.2078678607940674,-0.6981316804885864,2.9722333179594196e-16,1,0,0.028393318702001125,0.01947641625883989,0.0,0.3,0.0,8.0,2.0,0.05,0.05,0.5,0.0,0.0,0.0,-6.792132139205933
24.012,S20260416_140847,SC01,stabilize,0.0,0.3,0.0,1.2028104066848755,-0.6981316804885864,-2.5756567272196924e-16,1,0,0.016876020206836984,0.01977635847288184,0.0,0.3,0.0,8.0,2.0,0.05,0.05,0.5,0.0,0.0,0.0,-6.7971895933151245
24.069,S20260416_140847,SC01,stabilize,0.0,0.3,0.0,1.2000974416732788,-0.6981316804885864,-1.5854948201958359e-18,1,0,0.02823812296264805,0.023606697242939845,0.0,0.3,0.0,8.0,2.0,0.05,0.05,0.5,0.0,0.0,0.0,-6.799902558326721
24.129,S20260416_140847,SC01,stabilize,0.0,0.3,0.0,1.1943706274032593,-0.6981316804885864,-1.2547960639003986e-16,1,0,0.025996894342824817,0.0184055354911834,0.0,0.3,0.0,8.0,2.0,0.05,0.05,0.5,0.0,0.0,0.0,-6.805629372596741
24.192,S20260416_140847,SC01,stabilize,0.0,0.3,0.0,1.188315510749817,-0.6981316804885864,-3.586408967079632e-16,1,0,0.01990788575494662,0.019184471748303622,0.0,0.3,0.0,8.0,2.0,0.05,0.05,0.5,0.0,0.0,0.0,-6.811684489250183
24.254,S20260416_140847,SC01,stabilize,0.0,0.3,0.0,1.1851876974105835,-0.6981316804885864,2.3140609246742464e-16,1,0,0.03307350669638254,0.02038977906340733,0.0,0.3,0.0,8.0,2.0,0.05,0.05,0.5,0.0,0.0,0.0,-6.8148123025894165
24.316,S20260416_140847,SC01,stabilize,0.0,0.3,0.0,1.1787681579589844,-0.6981316804885864,4.5483574846244944e-17,1,0,0.026801167288795114,0.020113914797548205,0.0,0.3,0.0,8.0,2.0,0.05,0.05,0.5,0.0,0.0,0.0,-6.821231842041016
24.379,S20260416_140847,SC01,stabilize,0.0,0.3,0.0,1.1721700429916382,-0.6981316804885864,9.047039795614974e-17,1,0,0.018173671938711777,0.018878171336837113,0.0,0.3,0.0,8.0,2.0,0.05,0.05,0.5,0.0,0.0,0.0,-6.827829957008362
24.442,S20260416_140847,SC01,stabilize,0.0,0.3,0.0,1.1654317378997803,-0.6981316804885864,1.4950470332217303e-16,1,0,0.02401837258366868,0.02045082949916832,0.0,0.3,0.0,8.0,2.0,0.05,0.05,0.5,0.0,0.0,0.0,-6.83456826210022
24.504,S20260416_140847,SC01,stabilize,0.0,0.3,0.0,1.158583641052246,-0.6981316804885864,1.0566374704505834e-16,1,0,0.033603289775783196,0.01926072032074444,0.0,0.3,0.0,8.0,2.0,0.05,0.05,0.5,0.0,0.0,0.0,-6.841416358947754
24.567,S20260416_140847,SC01,stabilize,0.0,0.3,0.0,1.1551259756088257,-0.6981316804885864,-1.1213906246391125e-16,1,0,0.028583022096427158,0.019791142491158098,0.0,0.3,0.0,8.0,2.0,0.05,0.05,0.5,0.0,0.0,0.0,-6.844874024391174
24.629,S20260416_140847,SC01,stabilize,0.0,0.3,0.0,1.1481561660766602,-0.6981316804885864,-9.735488322808568e-17,1,0,0.03828865214018151,0.02411210283753462,0.0,0.3,0.0,8.0,2.0,0.05,0.05,0.5,0.0,0.0,0.0,-6.85184383392334
24.697,S20260416_140847,SC01,stabilize,0.0,0.3,0.0,1.1446479558944702,-0.6981316804885864,6.380327953007731e-17,1,0,0.037317129550501704,0.01874095288803801,0.0,0.3,0.0,8.0,2.0,0.05,0.05,0.5,0.0,0.0,0.0,-6.85535204410553
24.759,S20260416_140847,SC01,stabilize,0.0,0.3,0.0,1.1375935077667236,-0.6981316804885864,5.690028526475488e-17,1,0,0.018737193458946422,0.0195938341494184,0.0,0.3,0.0,8.0,2.0,0.05,0.05,0.5,0.0,0.0,0.0,-6.862406492233276
24.821,S20260416_140847,SC01,stabilize,0.0,0.3,0.0,1.1304978132247925,-0.6981316804885864,1.126461341055736e-17,1,0,0.026791809359565377,0.01879877579631284,0.0,0.3,0.0,8.0,2.0,0.05,0.05,0.5,0.0,0.0,0.0,-6.8695021867752075
24.882,S20260416_140847,SC01,stabilize,0.0,0.3,0.0,1.1269373893737793,-0.6981316804885864,-2.4908486121670396e-17,1,0,0.02010461816098541,0.019690391345648095,0.0,0.3,0.0,8.0,2.0,0.05,0.05,0.5,0.0,0.0,0.0,-6.873062610626221
24.943,S20260416_140847,SC01,stabilize,0.0,0.3,0.0,1.1197959184646606,-0.6981316804885864,-3.022109331046162e-17,1,0,0.03188285528449342,0.019612473755842075,0.0,0.3,0.0,8.0,2.0,0.05,0.05,0.5,0.0,0.0,0.0,-6.880204081535339
25.005,S20260416_140847,SC01,stabilize,0.0,0.3,0.0,1.112632155418396,-0.6981316804885864,-1.476986404814472e-17,1,0,0.01705456673516892,0.02018922849674709,0.0,0.3,0.0,8.0,2.0,0.05,0.05,0.5,0.0,0.0,0.0,-6.887367844581604
25.066,S20260416_140847,SC01,stabilize,0.0,0.3,0.0,1.105450987815857,-0.6981316804885864,-5.546675727496272e-18,1,0,0.02485138681367971,0.01763391646090895,0.0,0.3,0.0,8.0,2.0,0.05,0.05,0.5,0.0,0.0,0.0,-6.894549012184143
25.129,S20260416_140847,SC01,stabilize,0.0,0.3,0.0,1.0982561111450195,-0.6981316804885864,5.136208441622452e-18,1,0,0.012730087444651872,0.019271492201369256,0.0,0.3,0.0,8.0,2.0,0.05,0.05,0.5,0.0,0.0,0.0,-6.9017438888549805
25.192,S20260416_140847,SC01,stabilize,0.0,0.3,0.0,1.091050624847412,-0.6981316804885864,-8.176018610596636e-19,1,0,0.02222709872876294,0.018888656079070643,0.0,0.3,0.0,8.0,2.0,0.05,0.05,0.5,0.0,0.0,0.0,-6.908949375152588
25.255,S20260416_140847,SC01,stabilize,0.0,0.3,0.0,1.085039734840393,-0.6981316804885864,3.371477748154365e-18,1,0,0.04634702124167234,0.0008268999808933586,0.0,0.3,0.0,8.0,2.0,0.05,0.05,0.5,0.0,0.0,0.0,-6.914960265159607
25.319,S20260416_140847,SC01,stabilize,0.0,0.3,0.0,1.0802276134490967,-0.6981316804885864,-4.441150906770682e-18,1,0,0.022752193646738306,0.019395018432987854,0.0,0.3,0.0,8.0,2.0,0.05,0.05,0.5,0.0,0.0,0.0,-6.919772386550903
25.384,S20260416_140847,SC01,stabilize,0.0,0.3,0.0,1.073004961013794,-0.6981316804885864,-5.8683112602074095e-18,1,0,0.030356524395756423,0.02050639980006963,0.0,0.3,0.0,8.0,2.0,0.05,0.05,0.5,0.0,0.0,0.0,-6.926995038986206
25.442,S20260416_140847,SC01,stabilize,0.0,0.3,0.0,1.0657778978347778,-0.6981316804885864,-7.067427844930618e-18,1,0,0.01824382197810337,0.018715281563345343,0.0,0.3,0.0,8.0,2.0,0.05,0.05,0.5,0.0,0.0,0.0,-6.934222102165222
25.509,S20260416_140847,SC01,stabilize,0.0,0.3,0.0,1.0585476160049438,-0.6981316804885864,-8.732203273948716e-18,1,0,0.025835923646809533,0.01926253948477097,0.0,0.3,0.0,8.0,2.0,0.05,0.05,0.5,0.0,0.0,0.0,-6.941452383995056
25.568,S20260416_140847,SC01,stabilize,0.0,0.3,0.0,1.0513148307800293,-0.6981316804885864,-1.16101755560769e-17,1,0,0.0110074951662682,0.01956447376869619,0.0,0.3,0.0,8.0,2.0,0.05,0.05,0.5,0.0,0.0,0.0,-6.948685169219971
25.628,S20260416_140847,SC01,stabilize,0.0,0.3,0.0,1.0440800189971924,-0.6981316804885864,-9.980016808513534e-18,1,0,0.01887642577639781,0.019738928065635264,0.0,0.3,0.0,8.0,2.0,0.05,0.05,0.5,0.0,0.0,0.0,-6.955919981002808
25.694,S20260416_140847,SC01,stabilize,0.0,0.3,0.0,1.0404621362686157,-0.6981316804885864,6.5736783606237344e-18,1,0,0.03404141098144464,0.02033371478319168,0.0,0.3,0.0,8.0,2.0,0.05,0.05,0.5,0.0,0.0,0.0,-6.959537863731384
25.76,S20260416_140847,SC01,stabilize,0.0,0.3,0.0,1.033225417137146,-0.6981316804885864,7.955055507926571e-18,1,0,0.02574250038014725,0.020042867108713835,0.0,0.3,0.0,8.0,2.0,0.05,0.05,0.5,0.0,0.0,0.0,-6.966774582862854
25.822,S20260416_140847,SC01,stabilize,0.0,0.3,0.0,1.0259878635406494,-0.6981316804885864,8.131299572320794e-18,1,0,0.013566592650022358,0.019956102565629408,0.0,0.3,0.0,8.0,2.0,0.05,0.05,0.5,0.0,0.0,0.0,-6.974012136459351
25.879,S20260416_140847,SC01,stabilize,0.0,0.3,0.0,1.018749713897705,-0.6981316804885864,7.777782430850332e-18,1,0,0.02158379615866579,0.019208871759474277,0.0,0.3,0.0,8.0,2.0,0.05,0.05,0.5,0.0,0.0,0.0,-6.981250286102295
25.944,S20260416_140847,SC01,stabilize,0.0,0.3,0.0,1.0115110874176025,-0.6981316804885864,7.641152873171885e-18,1,0,0.03042168970569037,0.019521329959388822,0.0,0.3,0.0,8.0,2.0,0.05,0.05,0.5,0.0,0.0,0.0,-6.9884889125823975
26.013,S20260416_140847,SC01,hold,0.0,0.05,0.0,1.004272222518921,-0.6981316804885864,3.819403908067649e-18,1,0,0.020015103043988347,0.018696213548537344,0.0,0.05,0.0,8.0,2.0,0.05,0.05,0.5,0.0,0.0,0.0,-6.995727777481079
26.069,S20260416_140847,SC01,hold,0.0,0.05,0.0,1.00065279006958,-0.6981316804885864,-6.348939592047671e-18,1,0,0.024983442592201754,0.024858860444510356,0.0,0.05,0.0,8.0,2.0,0.05,0.05,0.5,0.0,0.0,0.0,-6.99934720993042
26.129,S20260416_140847,SC01,hold,0.0,0.05,0.0,0.9934138655662537,-0.6981316804885864,-6.867968956645094e-18,1,0,0.01634625473525375,0.018264866434037685,0.0,0.05,0.0,8.0,2.0,0.05,0.05,0.5,0.0,0.0,0.0,-7.006586134433746
26.193,S20260416_140847,SC01,hold,0.0,0.05,0.0,0.9861749410629272,-0.6981316804885864,-5.233807482097584e-18,1,0,0.02340059424750507,0.017969480162719265,0.0,0.05,0.0,8.0,2.0,0.05,0.05,0.5,0.0,0.0,0.0,-7.013825058937073
26.258,S20260416_140847,SC01,hold,0.0,0.05,0.0,0.9789361357688904,-0.6981316804885864,3.076823192663482e-18,1,0,0.029299141868250445,0.02010686552966945,0.0,0.05,0.0,8.0,2.0,0.05,0.05,0.5,0.0,0.0,0.0,-7.02106386423111
26.326,S20260416_140847,SC01,hold,0.0,0.05,0.0,0.9716974496841431,-0.6981316804885864,1.1749957499069786e-17,1,0,0.01677131454925984,0.019319065380841494,0.0,0.05,0.0,8.0,2.0,0.05,0.05,0.5,0.0,0.0,0.0,-7.028302550315857
26.388,S20260416_140847,SC01,hold,0.0,0.05,0.0,0.9644589424133301,-0.6981316804885864,8.892813624765687e-18,1,0,0.021920444298302755,0.016965304530458525,0.0,0.05,0.0,8.0,2.0,0.05,0.05,0.5,0.0,0.0,0.0,-7.03554105758667
26.443,S20260416_140847,SC01,hold,0.0,0.05,0.0,0.9572206735610962,-0.6981316804885864,5.719016740170164e-18,1,0,0.028090841427911073,0.014311731472844258,0.0,0.05,0.0,8.0,2.0,0.05,0.05,0.5,0.0,0.0,0.0,-7.042779326438904
26.508,S20260416_140847,SC01,hold,0.0,0.05,0.0,0.9499827027320862,-0.6981316804885864,6.031171128700219e-18,1,0,0.012624663300812244,0.019538190332241356,0.0,0.05,0.0,8.0,2.0,0.05,0.05,0.5,0.0,0.0,0.0,-7.050017297267914
26.567,S20260416_140847,SC01,hold,0.0,0.05,0.0,0.9463638067245483,-0.6981316804885864,-6.433326076598493e-18,1,0,0.029031071782810614,0.01888979150680825,0.0,0.05,0.0,8.0,2.0,0.05,0.05,0.5,0.0,0.0,0.0,-7.053636193275452
26.629,S20260416_140847,SC01,hold,0.0,0.05,0.0,0.939126193523407,-0.6981316804885864,-5.481668430336342e-18,1,0,0.029009383113589138,0.024305664788698778,0.0,0.05,0.0,8.0,2.0,0.05,0.05,0.5,0.0,0.0,0.0,-7.060873806476593
26.693,S20260416_140847,SC01,hold,0.0,0.05,0.0,0.9318888783454895,-0.6981316804885864,-3.0696815220498522e-18,1,0,0.020350850332761183,0.0203080119099468,0.0,0.05,0.0,8.0,2.0,0.05,0.05,0.5,0.0,0.0,0.0,-7.0681111216545105
26.756,S20260416_140847,SC01,hold,0.0,0.05,0.0,0.9246518611907959,-0.6981316804885864,-5.99599651392232e-18,1,0,0.02641233053873293,0.020647934667067602,0.0,0.05,0.0,8.0,2.0,0.05,0.05,0.5,0.0,0.0,0.0,-7.075348138809204
26.82,S20260416_140847,SC01,hold,0.0,0.05,0.0,0.9174151420593262,-0.6981316804885864,-1.7429253853405766e-18,1,0,0.014146017871098593,0.01910141037660651,0.0,0.05,0.0,8.0,2.0,0.05,0.05,0.5,0.0,0.0,0.0,-7.082584857940674
26.88,S20260416_140847,SC01,hold,0.0,0.05,0.0,0.9101787209510803,-0.6981316804885864,-8.406575560806244e-19,1,0,0.017795601801481098,0.01973436481785029,0.0,0.05,0.0,8.0,2.0,0.05,0.05,0.5,0.0,0.0,0.0,-7.08982127904892
26.942,S20260416_140847,SC01,hold,0.0,0.05,0.0,0.9029426574707031,-0.6981316804885864,-4.660793829183112e-18,1,0,0.025302956433733925,0.019193388317944482,0.0,0.05,0.0,8.0,2.0,0.05,0.05,0.5,0.0,0.0,0.0,-7.097057342529297
27.01,S20260416_140847,SC01,hold,0.0,0.05,0.0,0.895706832408905,-0.6981316804885864,-4.6323363345694505e-18,1,0,0.013254609395517036,0.019601210777182132,0.0,0.05,0.0,8.0,2.0,0.05,0.05,0.5,0.0,0.0,0.0,-7.104293167591095
27.069,S20260416_140847,SC01,hold,0.0,0.05,0.0,0.8884714245796204,-0.6981316804885864,-4.559076670028385e-18,1,0,0.0195556235848926,0.019385734689421952,0.0,0.05,0.0,8.0,2.0,0.05,0.05,0.5,0.0,0.0,0.0,-7.11152857542038
27.129,S20260416_140847,SC01,hold,0.0,0.05,0.0,0.8848537802696228,-0.6981316804885864,5.242107825954247e-18,1,0,0.03351049072807655,0.019588532828493044,0.0,0.05,0.0,8.0,2.0,0.05,0.05,0.5,0.0,0.0,0.0,-7.115146219730377
27.191,S20260416_140847,SC01,hold,0.0,0.05,0.0,0.8776187896728516,-0.6981316804885864,5.139096956321487e-18,1,0,0.022145480441395193,0.0189954471134115,0.0,0.05,0.0,8.0,2.0,0.05,0.05,0.5,0.0,0.0,0.0,-7.122381210327148
27.255,S20260416_140847,SC01,hold,0.0,0.05,0.0,0.870384156703949,-0.6981316804885864,-1.8841083654959743e-18,1,0,0.01018867688253522,0.019574850419303402,0.0,0.05,0.0,8.0,2.0,0.05,0.05,0.5,0.0,0.0,0.0,-7.129615843296051
27.319,S20260416_140847,SC01,hold,0.0,0.05,0.0,0.8631498217582703,-0.6981316804885864,-4.649548308755454e-18,1,0,0.015240623062709346,0.019500366412103176,0.0,0.05,0.0,8.0,2.0,0.05,0.05,0.5,0.0,0.0,0.0,-7.13685017824173
27.383,S20260416_140847,SC01,hold,0.0,0.05,0.0,0.8559158444404602,-0.6981316804885864,1.6374567553127685e-19,1,0,0.022441552951931953,0.0191300940932706,0.0,0.05,0.0,8.0,2.0,0.05,0.05,0.5,0.0,0.0,0.0,-7.14408415555954
27.443,S20260416_140847,SC01,hold,0.0,0.05,0.0,0.8486821055412292,-0.6981316804885864,9.97049802761458e-19,1,0,0.028414624626748264,0.019985181803349406,0.0,0.05,0.0,8.0,2.0,0.05,0.05,0.5,0.0,0.0,0.0,-7.151317894458771
27.509,S20260416_140847,SC01,hold,0.0,0.05,0.0,0.8414487242698669,-0.6981316804885864,1.4671888640490876e-18,1,0,0.013858954655006528,0.019414827082073316,0.0,0.05,0.0,8.0,2.0,0.05,0.05,0.5,0.0,0.0,0.0,-7.158551275730133
27.569,S20260416_140847,SC01,hold,0.0,0.05,0.0,0.8366266489028931,-0.6981316804885864,-4.197055698270571e-18,1,0,0.039775576879037544,0.013030329981120303,0.0,0.05,0.0,8.0,2.0,0.05,0.05,0.5,0.0,0.0,0.0,-7.163373351097107
27.629,S20260416_140847,SC01,hold,0.0,0.05,0.0,0.8305992484092712,-0.6981316804885864,-3.872163141897506e-18,1,0,0.019618450140114874,0.020190335548250005,0.0,0.05,0.0,8.0,2.0,0.05,0.05,0.5,0.0,0.0,0.0,-7.169400751590729
27.694,S20260416_140847,SC01,hold,0.0,0.05,0.0,0.8233667016029358,-0.6981316804885864,-1.4684179510417649e-18,1,0,0.023252421349752694,0.019320020015584305,0.0,0.05,0.0,8.0,2.0,0.05,0.05,0.5,0.0,0.0,0.0,-7.176633298397064
27.759,S20260416_140847,SC01,hold,0.0,0.05,0.0,0.8161343932151794,-0.6981316804885864,-1.9935600769683783e-19,1,0,0.0290479258983396,0.02066434358130209,0.0,0.05,0.0,8.0,2.0,0.05,0.05,0.5,0.0,0.0,0.0,-7.183865606784821
27.82,S20260416_140847,SC01,hold,0.0,0.05,0.0,0.8089024424552917,-0.6981316804885864,-6.05269312746793e-18,1,0,0.015442134055774659,0.020372189552290365,0.0,0.05,0.0,8.0,2.0,0.05,0.05,0.5,0.0,0.0,0.0,-7.191097557544708
27.879,S20260416_140847,SC01,hold,0.0,0.05,0.0,0.8016707897186279,-0.6981316804885864,-2.6656292286215342e-18,1,0,0.025189860112732276,0.018982121197041124,0.0,0.05,0.0,8.0,2.0,0.05,0.05,0.5,0.0,0.0,0.0,-7.198329210281372
27.943,S20260416_140847,SC01,hold,0.0,0.05,0.0,0.7944394946098328,-0.6981316804885864,-1.307461942126323e-18,1,0,0.02971982632880099,0.019937702571041882,0.0,0.05,0.0,8.0,2.0,0.05,0.05,0.5,0.0,0.0,0.0,-7.205560505390167
28.007,S20260416_140847,SC01,hold,0.0,0.05,0.0,0.7872084379196167,-0.6981316804885864,-5.835922589732589e-19,1,0,0.013914620503783226,0.01929411871242337,0.0,0.05,0.0,8.0,2.0,0.05,0.05,0.5,0.0,0.0,0.0,-7.212791562080383
28.066,S20260416_140847,SC01,hold,0.0,0.05,0.0,0.7835930585861206,-0.6981316804885864,-1.9882969335258566e-18,1,0,0.02280768603668548,0.022780334460549057,0.0,0.05,0.0,8.0,2.0,0.05,0.05,0.5,0.0,0.0,0.0,-7.216406941413879
28.128,S20260416_140847,SC01,hold,0.0,0.05,0.0,0.7763624787330627,-0.6981316804885864,-3.413018965311931e-18,1,0,0.030281614745035768,0.022857291653053835,0.0,0.05,0.0,8.0,2.0,0.05,0.05,0.5,0.0,0.0,0.0,-7.223637521266937
28.192,S20260416_140847,SC01,hold,0.0,0.05,0.0,0.7691321969032288,-0.6981316804885864,-1.1607425387335315e-18,1,0,0.01878363805008121,0.01978498973767273,0.0,0.05,0.0,8.0,2.0,0.05,0.05,0.5,0.0,0.0,0.0,-7.230867803096771
28.254,S20260416_140847,SC01,hold,0.0,0.05,0.0,0.7619022727012634,-0.6981316804885864,-3.8902978877556005e-19,1,0,0.02410479707759805,0.01972969580674544,0.0,0.05,0.0,8.0,2.0,0.05,0.05,0.5,0.0,0.0,0.0,-7.238097727298737
28.318,S20260416_140847,SC01,hold,0.0,0.05,0.0,0.7546725869178772,-0.6981316804885864,5.574799764925498e-19,1,0,0.013302089209901169,0.019535932515282184,0.0,0.05,0.0,8.0,2.0,0.05,0.05,0.5,0.0,0.0,0.0,-7.245327413082123
28.381,S20260416_140847,SC01,hold,0.0,0.05,0.0,0.7510578632354736,-0.6981316804885864,7.393188837549288e-19,1,0,0.028447121905628592,0.019197267276467755,0.0,0.05,0.0,8.0,2.0,0.05,0.05,0.5,0.0,0.0,0.0,-7.248942136764526
28.443,S20260416_140847,SC01,hold,0.0,0.05,0.0,0.7438286542892456,-0.6981316804885864,1.369395642925159e-18,1,0,0.022820282232714817,0.02010165818501264,0.0,0.05,0.0,8.0,2.0,0.05,0.05,0.5,0.0,0.0,0.0,-7.256171345710754
28.509,S20260416_140847,SC01,hold,0.0,0.05,0.0,0.7365997433662415,-0.6981316804885864,-5.485899459169551e-18,1,0,0.02878247102489695,0.0189871224865783,0.0,0.05,0.0,8.0,2.0,0.05,0.05,0.5,0.0,0.0,0.0,-7.2634002566337585
28.567,S20260416_140847,SC01,hold,0.0,0.05,0.0,0.7293711304664612,-0.6981316804885864,-2.236593392357124e-18,1,0,0.0176107581355609,0.019683014979818836,0.0,0.05,0.0,8.0,2.0,0.05,0.05,0.5,0.0,0.0,0.0,-7.270628869533539
28.629,S20260416_140847,SC01,hold,0.0,0.05,0.0,0.7257569432258606,-0.6981316804885864,-4.5900880847833046e-18,1,0,0.02645849430700764,0.022782563843065873,0.0,0.05,0.0,8.0,2.0,0.05,0.05,0.5,0.0,0.0,0.0,-7.274243056774139
28.692,S20260416_140847,SC01,hold,0.0,0.05,0.0,0.7185288071632385,-0.6981316804885864,-6.9064717326176e-18,1,0,0.018036944384220988,0.01948022868600674,0.0,0.05,0.0,8.0,2.0,0.05,0.05,0.5,0.0,0.0,0.0,-7.2814711928367615
28.758,S20260416_140847,SC01,hold,0.0,0.05,0.0,0.7113009095191956,-0.6981316804885864,1.7160616609721514e-18,1,0,0.029932166100479662,0.020542957296129316,0.0,0.05,0.0,8.0,2.0,0.05,0.05,0.5,0.0,0.0,0.0,-7.288699090480804
28.819,S20260416_140847,SC01,hold,0.0,0.05,0.0,0.7040733098983765,-0.6981316804885864,3.126732582487941e-18,1,0,0.03155554132536054,0.018621863971929997,0.0,0.05,0.0,8.0,2.0,0.05,0.05,0.5,0.0,0.0,0.0,-7.2959266901016235
28.881,S20260416_140847,SC01,hold,0.0,0.05,0.0,0.6968460083007812,-0.6981316804885864,-2.6423193823573665e-19,1,0,0.01898471559979953,0.019744844088563696,0.0,0.05,0.0,8.0,2.0,0.05,0.05,0.5,0.0,0.0,0.0,-7.303153991699219
28.942,S20260416_140847,SC01,hold,0.0,0.05,0.0,0.6896190047264099,-0.6981316804885864,-1.0849422923385863e-18,1,0,0.02890950339497067,0.0196436149708461,0.0,0.05,0.0,8.0,2.0,0.05,0.05,0.5,0.0,0.0,0.0,-7.31038099527359
29.006,S20260416_140847,SC01,hold,0.0,0.05,0.0,0.6823922991752625,-0.6981316804885864,-4.80980710781209e-19,1,0,0.01195160104543902,0.020056467095855623,0.0,0.05,0.0,8.0,2.0,0.05,0.05,0.5,0.0,0.0,0.0,-7.3176077008247375
29.069,S20260416_140847,SC01,hold,0.0,0.05,0.0,0.6751658320426941,-0.6981316804885864,1.016243805092715e-18,1,0,0.01657462486764416,0.019255220016930252,0.0,0.05,0.0,8.0,2.0,0.05,0.05,0.5,0.0,0.0,0.0,-7.324834167957306
29.129,S20260416_140847,SC01,hold,0.0,0.05,0.0,0.6715527176856995,-0.6981316804885864,-2.0722148202596675e-18,1,0,0.02990668755955994,0.019548037293134257,0.0,0.05,0.0,8.0,2.0,0.05,0.05,0.5,0.0,0.0,0.0,-7.3284472823143005
29.191,S20260416_140847,SC01,hold,0.0,0.05,0.0,0.6643267273902893,-0.6981316804885864,-3.784697684311608e-19,1,0,0.017572880547959358,0.01954471238423139,0.0,0.05,0.0,8.0,2.0,0.05,0.05,0.5,0.0,0.0,0.0,-7.335673272609711
29.255,S20260416_140847,SC01,hold,0.0,0.05,0.0,0.6571009755134583,-0.6981316804885864,2.3609360092167077e-18,1,0,0.023381279344903305,0.01961142834625207,0.0,0.05,0.0,8.0,2.0,0.05,0.05,0.5,0.0,0.0,0.0,-7.342899024486542
29.319,S20260416_140847,SC01,hold,0.0,0.05,0.0,0.6498755216598511,-0.6981316804885864,1.9111199483988934e-18,1,0,0.030665094644064084,0.019539193221135065,0.0,0.05,0.0,8.0,2.0,0.05,0.05,0.5,0.0,0.0,0.0,-7.350124478340149
29.381,S20260416_140847,SC01,hold,0.0,0.05,0.0,0.6426503658294678,-0.6981316804885864,-1.746727934616483e-18,1,0,0.016663635178701952,0.01965302968164906,0.0,0.05,0.0,8.0,2.0,0.05,0.05,0.5,0.0,0.0,0.0,-7.357349634170532
29.443,S20260416_140847,SC01,hold,0.0,0.05,0.0,0.6354254484176636,-0.6981316804885864,2.0619391691002275e-18,1,0,0.025944773602532223,0.019912633550120518,0.0,0.05,0.0,8.0,2.0,0.05,0.05,0.5,0.0,0.0,0.0,-7.364574551582336
29.509,S20260416_140847,SC01,hold,0.0,0.05,0.0,0.6282008290290833,-0.6981316804885864,-1.7990591541781322e-19,1,0,0.014121834596153349,0.01957351656164974,0.0,0.05,0.0,8.0,2.0,0.05,0.05,0.5,0.0,0.0,0.0,-7.371799170970917
29.569,S20260416_140847,SC01,hold,0.0,0.05,0.0,0.6209765076637268,-0.6981316804885864,-1.2510654917454936e-18,1,0,0.01914472386124544,0.020300699106883258,0.0,0.05,0.0,8.0,2.0,0.05,0.05,0.5,0.0,0.0,0.0,-7.379023492336273
29.629,S20260416_140847,SC01,hold,0.0,0.05,0.0,0.6173644661903381,-0.6981316804885864,-1.3817461732536118e-18,1,0,0.03329863410908729,0.019766389741562307,0.0,0.05,0.0,8.0,2.0,0.05,0.05,0.5,0.0,0.0,0.0,-7.382635533809662
29.693,S20260416_140847,SC01,hold,0.0,0.05,0.0,0.6101405024528503,-0.6981316804885864,1.2184215326541244e-18,1,0,0.020227289060130715,0.0200005613733083,0.0,0.05,0.0,8.0,2.0,0.05,0.05,0.5,0.0,0.0,0.0,-7.38985949754715
29.758,S20260416_140847,SC01,hold,0.0,0.05,0.0,0.6029168367385864,-0.6981316804885864,-1.7597237433709094e-19,1,0,0.026732296508271247,0.02069086823030375,0.0,0.05,0.0,8.0,2.0,0.05,0.05,0.5,0.0,0.0,0.0,-7.397083163261414
29.821,S20260416_140847,SC01,hold,0.0,0.05,0.0,0.5956934094429016,-0.6981316804885864,-3.74652950289688e-19,1,0,0.03079738875385374,0.019954409915953875,0.0,0.05,0.0,8.0,2.0,0.05,0.05,0.5,0.0,0.0,0.0,-7.404306590557098
29.879,S20260416_140847,SC01,hold,0.0,0.05,0.0,0.5884702801704407,-0.6981316804885864,-1.178212696668228e-18,1,0,0.019381302496185526,0.020224526902893558,0.0,0.05,0.0,8.0,2.0,0.05,0.05,0.5,0.0,0.0,0.0,-7.411529719829559
29.942,S20260416_140847,SC01,hold,0.0,0.05,0.0,0.5812474489212036,-0.6981316804885864,-1.0347097850873488e-18,1,0,0.028844125219620764,0.01982723770197481,0.0,0.05,0.0,8.0,2.0,0.05,0.05,0.5,0.0,0.0,0.0,-7.418752551078796
30.01,S20260416_140847,SC01,hold,0.0,0.05,0.0,0.5740247964859009,-0.6981316804885864,1.9352468164637162e-19,1,0,0.016348270524758846,0.020316445763455704,0.0,0.05,0.0,8.0,2.0,0.05,0.05,0.5,0.0,0.0,0.0,-7.425975203514099
30.07,S20260416_140847,SC01,hold,0.0,0.05,0.0,0.5692098736763,-0.6981316804885864,5.556365010998988e-19,1,0,0.04087178927147761,0.013182235561544076,0.0,0.05,0.0,8.0,2.0,0.05,0.05,0.5,0.0,0.0,0.0,-7.4307901263237
30.129,S20260416_140847,SC01,hold,0.0,0.05,0.0,0.5631914138793945,-0.6981316804885864,2.5590004777846205e-18,1,0,0.015750373888295144,0.018381877685897052,0.0,0.05,0.0,8.0,2.0,0.05,0.05,0.5,0.0,0.0,0.0,-7.4368085861206055
30.194,S20260416_140847,SC01,hold,0.0,0.05,0.0,0.5559694766998291,-0.6981316804885864,-1.6921511781856936e-18,1,0,0.019999041687697172,0.020190425595501438,0.0,0.05,0.0,8.0,2.0,0.05,0.05,0.5,0.0,0.0,0.0,-7.444030523300171
30.254,S20260416_140847,SC01,hold,0.0,0.05,0.0,0.5487477779388428,-0.6981316804885864,1.624013829587863e-18,1,0,0.02760753911570646,0.020076494925888255,0.0,0.05,0.0,8.0,2.0,0.05,0.05,0.5,0.0,0.0,0.0,-7.451252222061157
30.317,S20260416_140847,SC01,hold,0.0,0.05,0.0,0.5415263175964355,-0.6981316804885864,-8.439504070028332e-19,1,0,0.01391916151624173,0.01869869971415028,0.0,0.05,0.0,8.0,2.0,0.05,0.05,0.5,0.0,0.0,0.0,-7.4584736824035645
30.381,S20260416_140847,SC01,hold,0.0,0.05,0.0,0.5343051552772522,-0.6981316804885864,-2.826041883272105e-19,1,0,0.02094295682036318,0.019416813971474767,0.0,0.05,0.0,8.0,2.0,0.05,0.05,0.5,0.0,0.0,0.0,-7.465694844722748
30.443,S20260416_140847,SC01,hold,0.0,0.05,0.0,0.527084231376648,-0.6981316804885864,1.8377200250452122e-19,1,0,0.02827692704158835,0.019896537996828556,0.0,0.05,0.0,8.0,2.0,0.05,0.05,0.5,0.0,0.0,0.0,-7.472915768623352
30.504,S20260416_140847,SC01,hold,0.0,0.05,0.0,0.5198635458946228,-0.6981316804885864,1.023467986972447e-18,1,0,0.013401388801867142,0.020187513786368072,0.0,0.05,0.0,8.0,2.0,0.05,0.05,0.5,0.0,0.0,0.0,-7.480136454105377
30.567,S20260416_140847,SC01,hold,0.0,0.05,0.0,0.5162532925605774,-0.6981316804885864,1.5341919153825607e-20,1,0,0.029434387251967564,0.019722601544344798,0.0,0.05,0.0,8.0,2.0,0.05,0.05,0.5,0.0,0.0,0.0,-7.483746707439423
30.629,S20260416_140847,SC01,hold,0.0,0.05,0.0,0.5090330243110657,-0.6981316804885864,-7.5660385662999e-19,1,0,0.028567109344294295,0.023608900111867115,0.0,0.05,0.0,8.0,2.0,0.05,0.05,0.5,0.0,0.0,0.0,-7.490966975688934
30.694,S20260416_140847,SC01,hold,0.0,0.05,0.0,0.5018129348754883,-0.6981316804885864,8.306913738678559e-19,1,0,0.02155678259441629,0.020134213496930897,0.0,0.05,0.0,8.0,2.0,0.05,0.05,0.5,0.0,0.0,0.0,-7.498187065124512
30.758,S20260416_140847,SC01,hold,0.0,0.05,0.0,0.49459314346313477,-0.6981316804885864,4.852907353629166e-19,1,0,0.02719963583513163,0.020230220834491774,0.0,0.05,0.0,8.0,2.0,0.05,0.05,0.5,0.0,0.0,0.0,-7.505406856536865
30.82,S20260416_140847,SC01,hold,0.0,0.05,0.0,0.48737359046936035,-0.6981316804885864,-7.663897651680103e-19,1,0,0.016796079376945272,0.018504287640098482,0.0,0.05,0.0,8.0,2.0,0.05,0.05,0.5,0.0,0.0,0.0,-7.51262640953064
30.883,S20260416_140847,SC01,hold,0.0,0.05,0.0,0.48015427589416504,-0.6981316804885864,5.351909745018491e-19,1,0,0.029243592696730047,0.018771220900816843,0.0,0.05,0.0,8.0,2.0,0.05,0.05,0.5,0.0,0.0,0.0,-7.519845724105835
30.943,S20260416_140847,SC01,hold,0.0,0.05,0.0,0.47654470801353455,-0.6981316804885864,1.2247693166748563e-18,1,0,0.026106889185030013,0.021181706979405135,0.0,0.05,0.0,8.0,2.0,0.05,0.05,0.5,0.0,0.0,0.0,-7.5234552919864655
31.009,S20260416_140847,SC01,hold,0.0,0.05,0.0,0.4693257510662079,-0.6981316804885864,-8.206155385251357e-19,1,0,0.016010204766644165,0.01898850908037275,0.0,0.05,0.0,8.0,2.0,0.05,0.05,0.5,0.0,0.0,0.0,-7.530674248933792
31.067,S20260416_140847,SC01,hold,0.0,0.05,0.0,0.4621070325374603,-0.6981316804885864,4.438535878661672e-19,1,0,0.02153770485892892,0.019257670443039387,0.0,0.05,0.0,8.0,2.0,0.05,0.05,0.5,0.0,0.0,0.0,-7.53789296746254
31.129,S20260416_140847,SC01,hold,0.0,0.05,0.0,0.45488855242729187,-0.6981316804885864,2.6831585816688166e-19,1,0,0.029847051424439996,0.016983079898636788,0.0,0.05,0.0,8.0,2.0,0.05,0.05,0.5,0.0,0.0,0.0,-7.545111447572708
31.246,S20260416_140847,SC01,hold,0.0,0.05,0.0,0.4440613090991974,-0.6981316804885864,-3.834848352380991e-19,1,0,0.058369517617393285,0.0005130000063218176,0.0,0.05,0.0,8.0,2.0,0.05,0.05,0.5,0.0,0.0,0.0,-7.555938690900803
