row_id,wall_time_utc,session_id,scenario_id,execution_mode,scenario_time_s,program_time_s,sample_dt_s,phase,scenario_started,vehicle_mass_kg,mass_label,steer_cmd_deg,throttle_cmd,brake_cmd,speed_mps,yaw_rad,yaw_rate_rps,mode_id,fault_flag,rtt_ms,jitter_ms,steer_ref_deg,throttle_ref,brake_ref,speed_min_mps,speed_max_mps,tol_steer_deg,tol_throttle,tol_brake,speed_in_corridor,e_speed_low,e_speed_high,e_steer_actual
1,2026-04-27T10:41:40.099Z,S20260427_114139,N/A,AUTO,,0.7576,0.7414,N/A,0,1500,VIDE,0.0,0.0,0.0,0.0,0.0,0.0,0,0,0.0,0.0,,,,,,,,,,,,
2,2026-04-27T10:41:40.118Z,S20260427_114139,N/A,AUTO,,0.7766,0.019,N/A,0,1500,VIDE,0.0,0.0,0.0,0.0,0.0,0.0,0,0,0.0,0.0,,,,,,,,,,,,
3,2026-04-27T10:41:40.185Z,S20260427_114139,N/A,AUTO,,0.844,0.0674,N/A,0,1500,VIDE,0.0,0.0,0.0,0.0,0.0,0.0,0,0,0.0,0.0,,,,,,,,,,,,
4,2026-04-27T10:41:40.247Z,S20260427_114139,N/A,AUTO,,0.9052,0.0612,N/A,0,1500,VIDE,0.0,0.0,0.0,0.0,0.0,0.0,0,0,0.0,0.0,,,,,,,,,,,,
5,2026-04-27T10:41:40.309Z,S20260427_114139,N/A,AUTO,,0.9677,0.0624,N/A,0,1500,VIDE,0.0,0.0,0.0,0.0,0.0,0.0,0,0,0.0,0.0,,,,,,,,,,,,
6,2026-04-27T10:41:40.371Z,S20260427_114139,N/A,AUTO,,1.0293,0.0616,N/A,0,1500,VIDE,0.0,0.0,0.0,0.0,0.0,0.0,0,0,0.0,0.0,,,,,,,,,,,,
7,2026-04-27T10:41:40.442Z,S20260427_114139,N/A,AUTO,,1.101,0.0718,N/A,0,1500,VIDE,0.0,0.0,0.0,0.0,0.0,0.0,0,0,0.0,0.0,,,,,,,,,,,,
8,2026-04-27T10:41:40.500Z,S20260427_114139,N/A,AUTO,,1.1589,0.0579,N/A,0,1500,VIDE,0.0,0.0,0.0,0.0,0.0,0.0,0,0,0.0,0.0,,,,,,,,,,,,
9,2026-04-27T10:41:40.561Z,S20260427_114139,N/A,AUTO,,1.22,0.0611,N/A,0,1500,VIDE,0.0,0.0,0.0,0.0,0.0,0.0,0,0,0.0,0.0,,,,,,,,,,,,
10,2026-04-27T10:41:40.621Z,S20260427_114139,N/A,AUTO,,1.2797,0.0598,N/A,0,1500,VIDE,0.0,0.0,0.0,0.0,0.0,0.0,0,0,0.0,0.0,,,,,,,,,,,,
11,2026-04-27T10:41:40.687Z,S20260427_114139,N/A,AUTO,,1.3453,0.0656,N/A,0,1500,VIDE,0.0,0.0,0.0,0.0,0.0,0.0,0,0,0.0,0.0,,,,,,,,,,,,
12,2026-04-27T10:41:40.750Z,S20260427_114139,N/A,AUTO,,1.4084,0.063,N/A,0,1500,VIDE,0.0,0.0,0.0,0.0,0.0,0.0,0,0,0.0,0.0,,,,,,,,,,,,
13,2026-04-27T10:41:40.808Z,S20260427_114139,N/A,AUTO,,1.4669,0.0586,N/A,0,1500,VIDE,0.0,0.0,0.0,0.0,0.0,0.0,0,0,0.0,0.0,,,,,,,,,,,,
14,2026-04-27T10:41:40.869Z,S20260427_114139,N/A,AUTO,,1.5272,0.0603,N/A,0,1500,VIDE,0.0,0.0,0.0,0.0,0.0,0.0,0,0,0.0,0.0,,,,,,,,,,,,
15,2026-04-27T10:41:40.937Z,S20260427_114139,N/A,AUTO,,1.5952,0.0679,N/A,0,1500,VIDE,0.0,0.0,0.0,0.0,0.0,0.0,0,0,0.0,0.0,,,,,,,,,,,,
16,2026-04-27T10:41:40.995Z,S20260427_114139,N/A,AUTO,,1.6532,0.0581,N/A,0,1500,VIDE,0.0,0.0,0.0,0.0,0.0,0.0,0,0,0.0,0.0,,,,,,,,,,,,
17,2026-04-27T10:41:41.058Z,S20260427_114139,N/A,AUTO,,1.717,0.0637,N/A,0,1500,VIDE,0.0,0.0,0.0,0.0,0.0,0.0,0,0,0.0,0.0,,,,,,,,,,,,
18,2026-04-27T10:41:41.122Z,S20260427_114139,N/A,AUTO,,1.781,0.0641,N/A,0,1500,VIDE,0.0,0.0,0.0,0.0,0.0,0.0,0,0,0.0,0.0,,,,,,,,,,,,
19,2026-04-27T10:41:41.186Z,S20260427_114139,N/A,AUTO,,1.8449,0.0639,N/A,0,1500,VIDE,0.0,0.0,0.0,0.0,0.0,0.0,0,0,0.0,0.0,,,,,,,,,,,,
20,2026-04-27T10:41:41.249Z,S20260427_114139,N/A,AUTO,,1.9073,0.0623,N/A,0,1500,VIDE,0.0,0.0,0.0,0.0,0.0,0.0,0,0,0.0,0.0,,,,,,,,,,,,
21,2026-04-27T10:41:41.307Z,S20260427_114139,N/A,AUTO,,1.9657,0.0584,N/A,0,1500,VIDE,0.0,0.0,0.0,0.0,0.0,0.0,0,0,0.0,0.0,,,,,,,,,,,,
22,2026-04-27T10:41:41.369Z,S20260427_114139,N/A,AUTO,,2.0281,0.0624,N/A,0,1500,VIDE,0.0,0.0,0.0,0.0,0.0,0.0,0,0,0.0,0.0,,,,,,,,,,,,
23,2026-04-27T10:41:41.435Z,S20260427_114139,N/A,AUTO,,2.0938,0.0657,N/A,0,1500,VIDE,0.0,0.0,0.0,0.0,0.0,0.0,0,0,0.0,0.0,,,,,,,,,,,,
24,2026-04-27T10:41:41.499Z,S20260427_114139,N/A,AUTO,,2.1573,0.0635,N/A,0,1500,VIDE,0.0,0.0,0.0,0.0,0.0,0.0,0,0,0.0,0.0,,,,,,,,,,,,
25,2026-04-27T10:41:41.563Z,S20260427_114139,N/A,AUTO,,2.2212,0.0639,N/A,0,1500,VIDE,0.0,0.0,0.0,0.0,0.0,0.0,0,0,0.0,0.0,,,,,,,,,,,,
26,2026-04-27T10:41:41.627Z,S20260427_114139,N/A,AUTO,,2.2856,0.0644,N/A,0,1500,VIDE,0.0,0.0,0.0,0.0,0.0,0.0,0,0,0.0,0.0,,,,,,,,,,,,
27,2026-04-27T10:41:41.683Z,S20260427_114139,N/A,AUTO,,2.3413,0.0557,N/A,0,1500,VIDE,0.0,0.0,0.0,0.0,0.0,0.0,0,0,0.0,0.0,,,,,,,,,,,,
28,2026-04-27T10:41:41.746Z,S20260427_114139,N/A,AUTO,,2.4051,0.0637,N/A,0,1500,VIDE,0.0,0.0,0.0,0.0,0.0,0.0,0,0,0.0,0.0,,,,,,,,,,,,
29,2026-04-27T10:41:41.809Z,S20260427_114139,N/A,AUTO,,2.4674,0.0624,N/A,0,1500,VIDE,0.0,0.0,0.0,0.0,0.0,0.0,0,0,0.0,0.0,,,,,,,,,,,,
30,2026-04-27T10:41:41.869Z,S20260427_114139,N/A,AUTO,,2.5271,0.0597,N/A,0,1500,VIDE,0.0,0.0,0.0,0.0,0.0,0.0,0,0,0.0,0.0,,,,,,,,,,,,
31,2026-04-27T10:41:41.938Z,S20260427_114139,N/A,AUTO,,2.5966,0.0695,N/A,0,1500,VIDE,0.0,0.0,0.0,0.0,0.0,0.0,0,0,0.0,0.0,,,,,,,,,,,,
32,2026-04-27T10:41:42.051Z,S20260427_114139,N/A,AUTO,,2.7092,0.1126,N/A,0,1500,VIDE,0.0,0.0,0.0,0.0,0.0,0.0,0,0,0.0,0.0,,,,,,,,,,,,
33,2026-04-27T10:41:42.056Z,S20260427_114139,N/A,AUTO,,2.7143,0.0052,N/A,0,1500,VIDE,0.0,0.0,0.0,0.0,0.0,0.0,0,0,0.0,0.0,,,,,,,,,,,,
34,2026-04-27T10:41:42.123Z,S20260427_114139,N/A,AUTO,,2.7819,0.0675,N/A,0,1500,VIDE,0.0,0.0,0.0,0.0,0.0,0.0,0,0,0.0,0.0,,,,,,,,,,,,
35,2026-04-27T10:41:42.187Z,S20260427_114139,N/A,AUTO,,2.8452,0.0633,N/A,0,1500,VIDE,0.0,0.0,0.0,0.0,0.0,0.0,0,0,0.0,0.0,,,,,,,,,,,,
36,2026-04-27T10:41:42.248Z,S20260427_114139,N/A,AUTO,,2.9069,0.0617,N/A,0,1500,VIDE,0.0,0.0,0.0,0.0,0.0,0.0,0,0,0.0,0.0,,,,,,,,,,,,
37,2026-04-27T10:41:42.309Z,S20260427_114139,N/A,AUTO,,2.9675,0.0605,N/A,0,1500,VIDE,0.0,0.0,0.0,0.0,0.0,0.0,0,0,0.0,0.0,,,,,,,,,,,,
38,2026-04-27T10:41:42.369Z,S20260427_114139,N/A,AUTO,,3.0276,0.0602,N/A,0,1500,VIDE,0.0,0.0,0.0,0.0,0.0,0.0,0,0,0.0,0.0,,,,,,,,,,,,
39,2026-04-27T10:41:42.438Z,S20260427_114139,N/A,AUTO,,3.0964,0.0688,N/A,0,1500,VIDE,0.0,0.0,0.0,0.0,0.0,0.0,0,0,0.0,0.0,,,,,,,,,,,,
40,2026-04-27T10:41:42.500Z,S20260427_114139,N/A,AUTO,,3.159,0.0626,N/A,0,1500,VIDE,0.0,0.0,0.0,0.0,0.0,0.0,0,0,0.0,0.0,,,,,,,,,,,,
41,2026-04-27T10:41:42.560Z,S20260427_114139,N/A,AUTO,,3.2189,0.0599,N/A,0,1500,VIDE,0.0,0.0,0.0,0.0,0.0,0.0,0,0,0.0,0.0,,,,,,,,,,,,
42,2026-04-27T10:41:42.619Z,S20260427_114139,N/A,AUTO,,3.2772,0.0583,N/A,0,1500,VIDE,0.0,0.0,0.0,0.0,0.0,0.0,0,0,0.0,0.0,,,,,,,,,,,,
43,2026-04-27T10:41:42.682Z,S20260427_114139,N/A,AUTO,,3.3411,0.0639,N/A,0,1500,VIDE,0.0,0.0,0.0,0.0,0.0,0.0,0,0,0.0,0.0,,,,,,,,,,,,
44,2026-04-27T10:41:42.747Z,S20260427_114139,N/A,AUTO,,3.4052,0.0641,N/A,0,1500,VIDE,0.0,0.0,0.0,0.0,0.0,0.0,0,0,0.0,0.0,,,,,,,,,,,,
45,2026-04-27T10:41:42.809Z,S20260427_114139,N/A,AUTO,,3.4673,0.0621,N/A,0,1500,VIDE,0.0,0.0,0.0,0.0,0.0,0.0,0,0,0.0,0.0,,,,,,,,,,,,
46,2026-04-27T10:41:42.869Z,S20260427_114139,N/A,AUTO,,3.5274,0.0601,N/A,0,1500,VIDE,0.0,0.0,0.0,0.0,0.0,0.0,0,0,0.0,0.0,,,,,,,,,,,,
47,2026-04-27T10:41:42.934Z,S20260427_114139,N/A,AUTO,,3.593,0.0655,N/A,0,1500,VIDE,0.0,0.0,0.0,0.0,0.0,0.0,0,0,0.0,0.0,,,,,,,,,,,,
48,2026-04-27T10:41:42.995Z,S20260427_114139,N/A,AUTO,,3.6534,0.0604,N/A,0,1500,VIDE,0.0,0.0,0.0,0.0,0.0,0.0,0,0,0.0,0.0,,,,,,,,,,,,
49,2026-04-27T10:41:43.057Z,S20260427_114139,N/A,AUTO,,3.7156,0.0623,N/A,0,1500,VIDE,0.0,0.0,0.0,0.0,0.0,0.0,0,0,0.0,0.0,,,,,,,,,,,,
50,2026-04-27T10:41:43.118Z,S20260427_114139,N/A,AUTO,,3.7771,0.0614,N/A,0,1500,VIDE,0.0,0.0,0.0,0.0,0.0,0.0,0,0,0.0,0.0,,,,,,,,,,,,
51,2026-04-27T10:41:43.182Z,S20260427_114139,N/A,AUTO,,3.8408,0.0638,N/A,0,1500,VIDE,0.0,0.0,0.0,0.0,0.0,0.0,0,0,0.0,0.0,,,,,,,,,,,,
52,2026-04-27T10:41:43.244Z,S20260427_114139,N/A,AUTO,,3.9029,0.062,N/A,0,1500,VIDE,0.0,0.0,0.0,0.0,0.0,0.0,0,0,0.0,0.0,,,,,,,,,,,,
53,2026-04-27T10:41:43.307Z,S20260427_114139,N/A,AUTO,,3.9655,0.0625,N/A,0,1500,VIDE,0.0,0.0,0.0,0.0,0.0,0.0,0,0,0.0,0.0,,,,,,,,,,,,
54,2026-04-27T10:41:43.369Z,S20260427_114139,N/A,AUTO,,4.0278,0.0624,N/A,0,1500,VIDE,0.0,0.0,0.0,0.0,0.0,0.0,0,0,0.0,0.0,,,,,,,,,,,,
55,2026-04-27T10:41:43.435Z,S20260427_114139,N/A,AUTO,,4.0933,0.0655,N/A,0,1500,VIDE,0.0,0.0,0.0,0.0,0.0,0.0,0,0,0.0,0.0,,,,,,,,,,,,
56,2026-04-27T10:41:43.507Z,S20260427_114139,N/A,AUTO,,4.1661,0.0728,N/A,0,1500,VIDE,0.0,0.0,0.0,0.0,0.0,0.0,0,0,0.0,0.0,,,,,,,,,,,,
57,2026-04-27T10:41:43.564Z,S20260427_114139,N/A,AUTO,,4.2228,0.0567,N/A,0,1500,VIDE,0.0,0.0,0.0,0.0,0.0,0.0,0,0,0.0,0.0,,,,,,,,,,,,
58,2026-04-27T10:41:43.628Z,S20260427_114139,N/A,AUTO,,4.2871,0.0643,N/A,0,1500,VIDE,0.0,0.0,0.0,0.0,0.0,0.0,0,0,0.0,0.0,,,,,,,,,,,,
59,2026-04-27T10:41:43.689Z,S20260427_114139,N/A,AUTO,,4.3474,0.0604,N/A,0,1700,MI-CHARGE,0.0,0.0,0.0,0.0,0.0,0.0,0,0,0.0,0.0,,,,,,,,,,,,
60,2026-04-27T10:41:43.743Z,S20260427_114139,N/A,AUTO,,4.4021,0.0546,N/A,0,1700,MI-CHARGE,0.0,0.0,0.0,0.0,0.0,0.0,0,0,0.0,0.0,,,,,,,,,,,,
61,2026-04-27T10:41:43.806Z,S20260427_114139,N/A,AUTO,,4.4647,0.0626,N/A,0,1700,MI-CHARGE,0.0,0.0,0.0,0.0,0.0,0.0,0,0,0.0,0.0,,,,,,,,,,,,
62,2026-04-27T10:41:43.869Z,S20260427_114139,N/A,AUTO,,4.5272,0.0625,N/A,0,1700,MI-CHARGE,0.0,0.0,0.0,0.0,0.0,0.0,0,0,0.0,0.0,,,,,,,,,,,,
63,2026-04-27T10:41:43.931Z,S20260427_114139,N/A,AUTO,,4.5892,0.062,N/A,0,1700,MI-CHARGE,0.0,0.0,0.0,0.0,0.0,0.0,0,0,0.0,0.0,,,,,,,,,,,,
64,2026-04-27T10:41:43.995Z,S20260427_114139,N/A,AUTO,,4.6532,0.064,N/A,0,1700,MI-CHARGE,0.0,0.0,0.0,0.0,0.0,0.0,0,0,0.0,0.0,,,,,,,,,,,,
65,2026-04-27T10:41:44.058Z,S20260427_114139,N/A,AUTO,,4.7171,0.0639,N/A,0,1700,MI-CHARGE,0.0,0.0,0.0,0.0,0.0,0.0,0,0,0.0,0.0,,,,,,,,,,,,
66,2026-04-27T10:41:44.119Z,S20260427_114139,N/A,AUTO,,4.7772,0.0601,N/A,0,1700,MI-CHARGE,0.0,0.0,0.0,0.0,0.0,0.0,0,0,0.0,0.0,,,,,,,,,,,,
67,2026-04-27T10:41:44.182Z,S20260427_114139,N/A,AUTO,,4.8405,0.0633,N/A,0,1700,MI-CHARGE,0.0,0.0,0.0,0.0,0.0,0.0,0,0,0.0,0.0,,,,,,,,,,,,
68,2026-04-27T10:41:44.248Z,S20260427_114139,N/A,AUTO,,4.9069,0.0664,N/A,0,1700,MI-CHARGE,0.0,0.0,0.0,0.0,0.0,0.0,0,0,0.0,0.0,,,,,,,,,,,,
69,2026-04-27T10:41:44.308Z,S20260427_114139,N/A,AUTO,,4.9662,0.0593,N/A,0,1700,MI-CHARGE,0.0,0.0,0.0,0.0,0.0,0.0,0,0,0.0,0.0,,,,,,,,,,,,
70,2026-04-27T10:41:44.370Z,S20260427_114139,N/A,AUTO,,5.0289,0.0626,N/A,0,1700,MI-CHARGE,0.0,0.0,0.0,0.0,0.0,0.0,0,0,0.0,0.0,,,,,,,,,,,,
71,2026-04-27T10:41:44.448Z,S20260427_114139,N/A,AUTO,,5.1062,0.0774,N/A,0,1700,MI-CHARGE,0.0,0.0,0.0,0.0,0.0,0.0,0,0,0.0,0.0,,,,,,,,,,,,
72,2026-04-27T10:41:44.508Z,S20260427_114139,N/A,AUTO,,5.1669,0.0608,N/A,0,1700,MI-CHARGE,0.0,0.0,0.0,0.0,0.0,0.0,0,0,0.0,0.0,,,,,,,,,,,,
73,2026-04-27T10:41:44.573Z,S20260427_114139,N/A,AUTO,,5.2319,0.0649,N/A,0,1700,MI-CHARGE,0.0,0.0,0.0,0.0,0.0,0.0,0,0,0.0,0.0,,,,,,,,,,,,
74,2026-04-27T10:41:44.635Z,S20260427_114139,N/A,AUTO,,5.294,0.0622,N/A,0,1700,MI-CHARGE,0.0,0.0,0.0,0.0,0.0,0.0,0,0,0.0,0.0,,,,,,,,,,,,
75,2026-04-27T10:41:44.697Z,S20260427_114139,N/A,AUTO,,5.3558,0.0618,N/A,0,1700,MI-CHARGE,0.0,0.0,0.0,0.0,0.0,0.0,0,0,0.0,0.0,,,,,,,,,,,,
76,2026-04-27T10:41:44.761Z,S20260427_114139,N/A,AUTO,,5.4195,0.0636,N/A,0,1700,MI-CHARGE,0.0,0.0,0.0,0.0,0.0,0.0,0,0,0.0,0.0,,,,,,,,,,,,
77,2026-04-27T10:41:44.823Z,S20260427_114139,N/A,AUTO,,5.4817,0.0622,N/A,0,1700,MI-CHARGE,0.0,0.0,0.0,0.0,0.0,0.0,0,0,0.0,0.0,,,,,,,,,,,,
78,2026-04-27T10:41:44.885Z,S20260427_114139,N/A,AUTO,,5.5437,0.062,N/A,0,1700,MI-CHARGE,0.0,0.0,0.0,0.0,0.0,0.0,0,0,0.0,0.0,,,,,,,,,,,,
79,2026-04-27T10:41:44.949Z,S20260427_114139,N/A,AUTO,,5.6077,0.0641,N/A,0,1700,MI-CHARGE,0.0,0.0,0.0,0.0,0.0,0.0,0,0,0.0,0.0,,,,,,,,,,,,
80,2026-04-27T10:41:45.023Z,S20260427_114139,N/A,AUTO,,5.6812,0.0735,N/A,0,1700,MI-CHARGE,0.0,0.0,0.0,0.0,0.0,0.0,0,0,0.0,0.0,,,,,,,,,,,,
81,2026-04-27T10:41:45.085Z,S20260427_114139,N/A,AUTO,,5.7437,0.0624,N/A,0,1700,MI-CHARGE,0.0,0.0,0.0,0.0,0.0,0.0,0,0,0.0,0.0,,,,,,,,,,,,
82,2026-04-27T10:41:45.147Z,S20260427_114139,N/A,AUTO,,5.806,0.0624,N/A,0,1700,MI-CHARGE,0.0,0.0,0.0,0.0,0.0,0.0,0,0,0.0,0.0,,,,,,,,,,,,
83,2026-04-27T10:41:45.209Z,S20260427_114139,N/A,AUTO,,5.8673,0.0613,N/A,0,1700,MI-CHARGE,0.0,0.0,0.0,0.0,0.0,0.0,0,0,0.0,0.0,,,,,,,,,,,,
84,2026-04-27T10:41:45.269Z,S20260427_114139,N/A,AUTO,,5.9275,0.0602,N/A,0,1700,MI-CHARGE,0.0,0.0,0.0,0.0,0.0,0.0,0,0,0.0,0.0,,,,,,,,,,,,
85,2026-04-27T10:41:45.328Z,S20260427_114139,N/A,AUTO,,5.987,0.0595,N/A,0,1700,MI-CHARGE,0.0,0.0,0.0,0.0,0.0,0.0,0,0,0.0,0.0,,,,,,,,,,,,
86,2026-04-27T10:41:45.385Z,S20260427_114139,N/A,AUTO,,6.0437,0.0567,N/A,0,1700,MI-CHARGE,0.0,0.0,0.0,0.0,0.0,0.0,0,0,0.0,0.0,,,,,,,,,,,,
87,2026-04-27T10:41:45.449Z,S20260427_114139,N/A,AUTO,,6.1078,0.0641,N/A,0,1700,MI-CHARGE,0.0,0.0,0.0,0.0,0.0,0.0,0,0,0.0,0.0,,,,,,,,,,,,
88,2026-04-27T10:41:45.515Z,S20260427_114139,N/A,AUTO,,6.1742,0.0663,N/A,0,1700,MI-CHARGE,0.0,0.0,0.0,0.0,0.0,0.0,0,0,0.0,0.0,,,,,,,,,,,,
89,2026-04-27T10:41:45.574Z,S20260427_114139,N/A,AUTO,,6.2323,0.0583,N/A,0,1700,MI-CHARGE,0.0,0.0,0.0,0.0,0.0,0.0,0,0,0.0,0.0,,,,,,,,,,,,
90,2026-04-27T10:41:45.641Z,S20260427_114139,N/A,AUTO,,6.2993,0.067,N/A,0,1700,MI-CHARGE,0.0,0.0,0.0,0.0,0.0,0.0,0,0,0.0,0.0,,,,,,,,,,,,
91,2026-04-27T10:41:45.700Z,S20260427_114139,N/A,AUTO,,6.359,0.0596,N/A,0,1700,MI-CHARGE,0.0,0.0,0.0,0.0,0.0,0.0,0,0,0.0,0.0,,,,,,,,,,,,
92,2026-04-27T10:41:45.760Z,S20260427_114139,N/A,AUTO,,6.4185,0.0595,N/A,0,1700,MI-CHARGE,0.0,0.0,0.0,0.0,0.0,0.0,0,0,0.0,0.0,,,,,,,,,,,,
93,2026-04-27T10:41:45.822Z,S20260427_114139,N/A,AUTO,,6.4807,0.0622,N/A,0,1700,MI-CHARGE,0.0,0.0,0.0,0.0,0.0,0.0,0,0,0.0,0.0,,,,,,,,,,,,
94,2026-04-27T10:41:45.892Z,S20260427_114139,N/A,AUTO,,6.5503,0.0696,N/A,0,1700,MI-CHARGE,0.0,0.0,0.0,0.0,0.0,0.0,0,0,0.0,0.0,,,,,,,,,,,,
95,2026-04-27T10:41:45.955Z,S20260427_114139,N/A,AUTO,,6.6133,0.063,N/A,0,1700,MI-CHARGE,0.0,0.0,0.0,0.0,0.0,0.0,0,0,0.0,0.0,,,,,,,,,,,,
96,2026-04-27T10:41:46.010Z,S20260427_114139,N/A,AUTO,,6.6683,0.055,N/A,0,1700,MI-CHARGE,0.0,0.0,0.0,0.0,0.0,0.0,0,0,0.0,0.0,,,,,,,,,,,,
97,2026-04-27T10:41:46.074Z,S20260427_114139,N/A,AUTO,,6.7323,0.0639,N/A,0,1700,MI-CHARGE,0.0,0.0,0.0,0.0,0.0,0.0,0,0,0.0,0.0,,,,,,,,,,,,
98,2026-04-27T10:41:46.139Z,S20260427_114139,N/A,AUTO,,6.7975,0.0652,N/A,0,1700,MI-CHARGE,0.0,0.0,0.0,0.0,0.0,0.0,0,0,0.0,0.0,,,,,,,,,,,,
99,2026-04-27T10:41:46.197Z,S20260427_114139,N/A,AUTO,,6.856,0.0586,N/A,0,1700,MI-CHARGE,0.0,0.0,0.0,0.0,0.0,0.0,0,0,0.0,0.0,,,,,,,,,,,,
100,2026-04-27T10:41:46.268Z,S20260427_114139,N/A,AUTO,,6.9271,0.0711,N/A,0,1700,MI-CHARGE,0.0,0.0,0.0,0.0,0.0,0.0,0,0,0.0,0.0,,,,,,,,,,,,
101,2026-04-27T10:41:46.328Z,S20260427_114139,N/A,AUTO,,6.9865,0.0594,N/A,0,1700,MI-CHARGE,0.0,0.0,0.0,0.0,0.0,0.0,0,0,0.0,0.0,,,,,,,,,,,,
102,2026-04-27T10:41:46.388Z,S20260427_114139,N/A,AUTO,,7.0466,0.0601,N/A,0,1700,MI-CHARGE,0.0,0.0,0.0,0.0,0.0,0.0,0,0,0.0,0.0,,,,,,,,,,,,
103,2026-04-27T10:41:46.452Z,S20260427_114139,N/A,AUTO,,7.1105,0.0639,N/A,0,1700,MI-CHARGE,0.0,0.0,0.0,0.0,0.0,0.0,0,0,0.0,0.0,,,,,,,,,,,,
104,2026-04-27T10:41:46.510Z,S20260427_114139,N/A,AUTO,,7.1682,0.0577,N/A,0,1700,MI-CHARGE,0.0,0.0,0.0,0.0,0.0,0.0,0,0,0.0,0.0,,,,,,,,,,,,
105,2026-04-27T10:41:46.572Z,S20260427_114139,N/A,AUTO,,7.2303,0.0621,N/A,0,1700,MI-CHARGE,0.0,0.0,0.0,0.0,0.0,0.0,0,0,0.0,0.0,,,,,,,,,,,,
106,2026-04-27T10:41:46.635Z,S20260427_114139,N/A,AUTO,,7.2941,0.0637,N/A,0,1700,MI-CHARGE,0.0,0.0,0.0,0.0,0.0,0.0,0,0,0.0,0.0,,,,,,,,,,,,
107,2026-04-27T10:41:46.700Z,S20260427_114139,N/A,AUTO,,7.3589,0.0647,N/A,0,1700,MI-CHARGE,0.0,0.0,0.0,0.0,0.0,0.0,0,0,0.0,0.0,,,,,,,,,,,,
108,2026-04-27T10:41:46.759Z,S20260427_114139,N/A,AUTO,,7.4174,0.0586,N/A,0,1700,MI-CHARGE,0.0,0.0,0.0,0.0,0.0,0.0,0,0,0.0,0.0,,,,,,,,,,,,
109,2026-04-27T10:41:46.824Z,S20260427_114139,N/A,AUTO,,7.4827,0.0654,N/A,0,1700,MI-CHARGE,0.0,0.0,0.0,0.0,0.0,0.0,0,0,0.0,0.0,,,,,,,,,,,,
110,2026-04-27T10:41:46.891Z,S20260427_114139,N/A,AUTO,,7.5498,0.067,N/A,0,1700,MI-CHARGE,0.0,0.0,0.0,0.0,0.0,0.0,0,0,0.0,0.0,,,,,,,,,,,,
111,2026-04-27T10:41:46.947Z,S20260427_114139,N/A,AUTO,,7.606,0.0563,N/A,0,1700,MI-CHARGE,0.0,0.0,0.0,0.0,0.0,0.0,0,0,0.0,0.0,,,,,,,,,,,,
112,2026-04-27T10:41:47.014Z,S20260427_114139,N/A,AUTO,,7.6726,0.0666,N/A,0,1700,MI-CHARGE,0.0,0.0,0.0,0.0,0.0,0.0,0,0,0.0,0.0,,,,,,,,,,,,
113,2026-04-27T10:41:47.072Z,S20260427_114139,N/A,AUTO,,7.7307,0.058,N/A,0,1700,MI-CHARGE,0.0,0.0,0.0,0.0,0.0,0.0,0,0,0.0,0.0,,,,,,,,,,,,
114,2026-04-27T10:41:47.138Z,S20260427_114139,N/A,AUTO,,7.7967,0.0661,N/A,0,1700,MI-CHARGE,0.0,0.0,0.0,0.0,0.0,0.0,0,0,0.0,0.0,,,,,,,,,,,,
115,2026-04-27T10:41:47.199Z,S20260427_114139,N/A,AUTO,,7.858,0.0613,N/A,0,1700,MI-CHARGE,0.0,0.0,0.0,0.0,0.0,0.0,0,0,0.0,0.0,,,,,,,,,,,,
116,2026-04-27T10:41:47.260Z,S20260427_114139,N/A,AUTO,,7.9189,0.0608,N/A,0,1700,MI-CHARGE,0.0,0.0,0.0,0.0,0.0,0.0,0,0,0.0,0.0,,,,,,,,,,,,
117,2026-04-27T10:41:47.325Z,S20260427_114139,N/A,AUTO,,7.9836,0.0648,N/A,0,1700,MI-CHARGE,0.0,0.0,0.0,0.0,0.0,0.0,0,0,0.0,0.0,,,,,,,,,,,,
118,2026-04-27T10:41:47.385Z,S20260427_114139,N/A,AUTO,,8.0437,0.0601,N/A,0,1700,MI-CHARGE,0.0,0.0,0.0,0.0,0.0,0.0,0,0,0.0,0.0,,,,,,,,,,,,
119,2026-04-27T10:41:47.447Z,S20260427_114139,N/A,AUTO,,8.1057,0.062,N/A,0,1700,MI-CHARGE,0.0,0.0,0.0,0.0,0.0,0.0,0,0,0.0,0.0,,,,,,,,,,,,
120,2026-04-27T10:41:47.510Z,S20260427_114139,N/A,AUTO,,8.1686,0.0629,N/A,0,1700,MI-CHARGE,0.0,0.0,0.0,0.0,0.0,0.0,0,0,0.0,0.0,,,,,,,,,,,,
121,2026-04-27T10:41:47.575Z,S20260427_114139,N/A,AUTO,,8.2333,0.0647,N/A,0,1700,MI-CHARGE,0.0,0.0,0.0,0.0,0.0,0.0,0,0,0.0,0.0,,,,,,,,,,,,
122,2026-04-27T10:41:47.634Z,S20260427_114139,N/A,AUTO,,8.2927,0.0595,N/A,0,1700,MI-CHARGE,0.0,0.0,0.0,0.0,0.0,0.0,0,0,0.0,0.0,,,,,,,,,,,,
123,2026-04-27T10:41:47.697Z,S20260427_114139,N/A,AUTO,,8.3559,0.0631,N/A,0,1700,MI-CHARGE,0.0,0.0,0.0,0.0,0.0,0.0,0,0,0.0,0.0,,,,,,,,,,,,
124,2026-04-27T10:41:47.759Z,S20260427_114139,N/A,AUTO,,8.4179,0.0621,N/A,0,1700,MI-CHARGE,0.0,0.0,0.0,0.0,0.0,0.0,0,0,0.0,0.0,,,,,,,,,,,,
125,2026-04-27T10:41:47.823Z,S20260427_114139,N/A,AUTO,,8.4812,0.0633,N/A,0,1700,MI-CHARGE,0.0,0.0,0.0,0.0,0.0,0.0,0,0,0.0,0.0,,,,,,,,,,,,
126,2026-04-27T10:41:47.891Z,S20260427_114139,N/A,AUTO,,8.5495,0.0683,N/A,0,1700,MI-CHARGE,0.0,0.0,0.0,0.0,0.0,0.0,0,0,0.0,0.0,,,,,,,,,,,,
127,2026-04-27T10:41:47.953Z,S20260427_114139,N/A,AUTO,,8.6121,0.0626,N/A,0,1700,MI-CHARGE,0.0,0.0,0.0,0.0,0.0,0.0,0,0,0.0,0.0,,,,,,,,,,,,
128,2026-04-27T10:41:48.010Z,S20260427_114139,N/A,AUTO,,8.6687,0.0566,N/A,0,1700,MI-CHARGE,0.0,0.0,0.0,0.0,0.0,0.0,0,0,0.0,0.0,,,,,,,,,,,,
129,2026-04-27T10:41:48.076Z,S20260427_114139,N/A,AUTO,,8.7344,0.0658,N/A,0,1700,MI-CHARGE,0.0,0.0,0.0,0.0,0.0,0.0,0,0,0.0,0.0,,,,,,,,,,,,
130,2026-04-27T10:41:48.143Z,S20260427_114139,N/A,AUTO,,8.8011,0.0668,N/A,0,1700,MI-CHARGE,0.0,0.0,0.0,0.0,0.0,0.0,0,0,0.0,0.0,,,,,,,,,,,,
131,2026-04-27T10:41:48.202Z,S20260427_114139,N/A,AUTO,,8.8606,0.0593,N/A,0,1700,MI-CHARGE,0.0,0.0,0.0,0.0,0.0,0.0,0,0,0.0,0.0,,,,,,,,,,,,
132,2026-04-27T10:41:48.259Z,S20260427_114139,N/A,AUTO,,8.9176,0.0571,N/A,0,1700,MI-CHARGE,0.0,0.0,0.0,0.0,0.0,0.0,0,0,0.0,0.0,,,,,,,,,,,,
133,2026-04-27T10:41:48.326Z,S20260427_114139,N/A,AUTO,,8.9844,0.0668,N/A,0,1700,MI-CHARGE,0.0,0.0,0.0,0.0,0.0,0.0,0,0,0.0,0.0,,,,,,,,,,,,
134,2026-04-27T10:41:48.388Z,S20260427_114139,N/A,AUTO,,9.0464,0.0621,N/A,0,1700,MI-CHARGE,0.0,0.0,0.0,0.0,0.0,0.0,0,0,0.0,0.0,,,,,,,,,,,,
135,2026-04-27T10:41:48.452Z,S20260427_114139,N/A,AUTO,,9.1107,0.0643,N/A,0,1700,MI-CHARGE,0.0,0.0,0.0,0.0,0.0,0.0,0,0,0.0,0.0,,,,,,,,,,,,
136,2026-04-27T10:41:48.515Z,S20260427_114139,N/A,AUTO,,9.1736,0.0629,N/A,0,1700,MI-CHARGE,0.0,0.0,0.0,0.0,0.0,0.0,0,0,0.0,0.0,,,,,,,,,,,,
137,2026-04-27T10:41:48.573Z,S20260427_114139,N/A,AUTO,,9.2312,0.0576,N/A,0,1700,MI-CHARGE,0.0,0.0,0.0,0.0,0.0,0.0,0,0,0.0,0.0,,,,,,,,,,,,
138,2026-04-27T10:41:48.634Z,S20260427_114139,N/A,AUTO,,9.2926,0.0614,N/A,0,1700,MI-CHARGE,0.0,0.0,0.0,0.0,0.0,0.0,0,0,0.0,0.0,,,,,,,,,,,,
139,2026-04-27T10:41:48.702Z,S20260427_114139,N/A,AUTO,,9.361,0.0685,N/A,0,1700,MI-CHARGE,0.0,0.0,0.0,0.0,0.0,0.0,0,0,0.0,0.0,,,,,,,,,,,,
140,2026-04-27T10:41:48.764Z,S20260427_114139,N/A,AUTO,,9.4229,0.0618,N/A,0,1700,MI-CHARGE,0.0,0.0,0.0,0.0,0.0,0.0,0,0,0.0,0.0,,,,,,,,,,,,
141,2026-04-27T10:41:48.825Z,S20260427_114139,N/A,AUTO,,9.484,0.0611,N/A,0,1700,MI-CHARGE,0.0,0.0,0.0,0.0,0.0,0.0,0,0,0.0,0.0,,,,,,,,,,,,
142,2026-04-27T10:41:48.884Z,S20260427_114139,N/A,AUTO,,9.5428,0.0588,N/A,0,1700,MI-CHARGE,0.0,0.0,0.0,0.0,0.0,0.0,0,0,0.0,0.0,,,,,,,,,,,,
143,2026-04-27T10:41:48.947Z,S20260427_114139,N/A,AUTO,,9.6056,0.0629,N/A,0,1700,MI-CHARGE,0.0,0.0,0.0,0.0,0.0,0.0,0,0,0.0,0.0,,,,,,,,,,,,
144,2026-04-27T10:41:49.010Z,S20260427_114139,N/A,AUTO,,9.6688,0.0632,N/A,0,1700,MI-CHARGE,0.0,0.0,0.0,0.0,0.0,0.0,0,0,0.0,0.0,,,,,,,,,,,,
145,2026-04-27T10:41:49.072Z,S20260427_114139,N/A,AUTO,,9.7306,0.0618,N/A,0,1700,MI-CHARGE,0.0,0.0,0.0,0.0,0.0,0.0,0,0,0.0,0.0,,,,,,,,,,,,
146,2026-04-27T10:41:49.139Z,S20260427_114139,N/A,AUTO,,9.7976,0.0669,N/A,0,1700,MI-CHARGE,0.0,0.0,0.0,0.0,0.0,0.0,0,0,0.0,0.0,,,,,,,,,,,,
147,2026-04-27T10:41:49.203Z,S20260427_114139,N/A,AUTO,,9.8611,0.0636,N/A,0,1700,MI-CHARGE,0.0,0.0,0.0,0.0,0.0,0.0,0,0,0.0,0.0,,,,,,,,,,,,
148,2026-04-27T10:41:49.259Z,S20260427_114139,N/A,AUTO,,9.9176,0.0564,N/A,0,1700,MI-CHARGE,0.0,0.0,0.0,0.0,0.0,0.0,0,0,0.0,0.0,,,,,,,,,,,,
149,2026-04-27T10:41:49.323Z,S20260427_114139,N/A,AUTO,,9.9815,0.0639,N/A,0,1700,MI-CHARGE,0.0,0.0,0.0,0.0,0.0,0.0,0,0,0.0,0.0,,,,,,,,,,,,
150,2026-04-27T10:41:49.387Z,S20260427_114139,N/A,AUTO,,10.0455,0.0641,N/A,0,1700,MI-CHARGE,0.0,0.0,0.0,0.0,0.0,0.0,0,0,0.0,0.0,,,,,,,,,,,,
151,2026-04-27T10:41:49.451Z,S20260427_114139,N/A,AUTO,,10.1095,0.064,N/A,0,1700,MI-CHARGE,0.0,0.0,0.0,0.0,0.0,0.0,0,0,0.0,0.0,,,,,,,,,,,,
152,2026-04-27T10:41:49.515Z,S20260427_114139,N/A,AUTO,,10.1736,0.0642,N/A,0,1700,MI-CHARGE,0.0,0.0,0.0,0.0,0.0,0.0,0,0,0.0,0.0,,,,,,,,,,,,
153,2026-04-27T10:41:49.572Z,S20260427_114139,N/A,AUTO,,10.2309,0.0572,N/A,0,1700,MI-CHARGE,0.0,0.0,0.0,0.0,0.0,0.0,0,0,0.0,0.0,,,,,,,,,,,,
154,2026-04-27T10:41:49.634Z,S20260427_114139,N/A,AUTO,,10.2931,0.062,N/A,0,1700,MI-CHARGE,0.0,0.0,0.0,0.0,0.0,0.0,0,0,0.0,0.0,,,,,,,,,,,,
155,2026-04-27T10:41:49.708Z,S20260427_114139,N/A,AUTO,,10.3663,0.0735,N/A,0,1700,MI-CHARGE,0.0,0.0,0.0,0.0,0.0,0.0,0,0,0.0,0.0,,,,,,,,,,,,
156,2026-04-27T10:41:49.771Z,S20260427_114139,N/A,AUTO,,10.4295,0.0632,N/A,0,1700,MI-CHARGE,0.0,0.0,0.0,0.0,0.0,0.0,0,0,0.0,0.0,,,,,,,,,,,,
157,2026-04-27T10:41:49.833Z,S20260427_114139,N/A,AUTO,,10.4914,0.0619,N/A,0,1700,MI-CHARGE,0.0,0.0,0.0,0.0,0.0,0.0,0,0,0.0,0.0,,,,,,,,,,,,
158,2026-04-27T10:41:49.892Z,S20260427_114139,N/A,AUTO,,10.5507,0.0593,N/A,0,1700,MI-CHARGE,0.0,0.0,0.0,0.0,0.0,0.0,0,0,0.0,0.0,,,,,,,,,,,,
159,2026-04-27T10:41:49.947Z,S20260427_114139,N/A,AUTO,,10.6055,0.0548,N/A,0,1700,MI-CHARGE,0.0,0.0,0.0,0.0,0.0,0.0,0,0,0.0,0.0,,,,,,,,,,,,
160,2026-04-27T10:41:50.016Z,S20260427_114139,N/A,AUTO,,10.6746,0.0691,N/A,0,1700,MI-CHARGE,0.0,0.0,0.0,0.0,0.0,0.0,0,0,0.0,0.0,,,,,,,,,,,,
161,2026-04-27T10:41:50.078Z,S20260427_114139,N/A,AUTO,,10.7364,0.0619,N/A,0,1700,MI-CHARGE,0.0,0.0,0.0,0.0,0.0,0.0,0,0,0.0,0.0,,,,,,,,,,,,
162,2026-04-27T10:41:50.141Z,S20260427_114139,N/A,AUTO,,10.7992,0.0627,N/A,0,1700,MI-CHARGE,0.0,0.0,0.0,0.0,0.0,0.0,0,0,0.0,0.0,,,,,,,,,,,,
163,2026-04-27T10:41:50.201Z,S20260427_114139,N/A,AUTO,,10.8599,0.0608,N/A,0,1700,MI-CHARGE,0.0,0.0,0.0,0.0,0.0,0.0,0,0,0.0,0.0,,,,,,,,,,,,
164,2026-04-27T10:41:50.264Z,S20260427_114139,N/A,AUTO,,10.9224,0.0624,N/A,0,1700,MI-CHARGE,0.0,0.0,0.0,0.0,0.0,0.0,0,0,0.0,0.0,,,,,,,,,,,,
165,2026-04-27T10:41:50.323Z,S20260427_114139,N/A,AUTO,,10.9819,0.0596,N/A,0,1700,MI-CHARGE,0.0,0.0,0.0,0.0,0.0,0.0,0,0,0.0,0.0,,,,,,,,,,,,
166,2026-04-27T10:41:50.387Z,S20260427_114139,N/A,AUTO,,11.0458,0.0639,N/A,0,1700,MI-CHARGE,0.0,0.0,0.0,0.0,0.0,0.0,0,0,0.0,0.0,,,,,,,,,,,,
167,2026-04-27T10:41:50.451Z,S20260427_114139,N/A,AUTO,,11.11,0.0642,N/A,0,1700,MI-CHARGE,0.0,0.0,0.0,0.0,0.0,0.0,0,0,0.0,0.0,,,,,,,,,,,,
168,2026-04-27T10:41:50.514Z,S20260427_114139,N/A,AUTO,,11.1724,0.0625,N/A,0,1700,MI-CHARGE,0.0,0.0,0.0,0.0,0.0,0.0,0,0,0.0,0.0,,,,,,,,,,,,
169,2026-04-27T10:41:50.576Z,S20260427_114139,N/A,AUTO,,11.2345,0.062,N/A,0,1700,MI-CHARGE,0.0,0.0,0.0,0.0,0.0,0.0,0,0,0.0,0.0,,,,,,,,,,,,
170,2026-04-27T10:41:50.637Z,S20260427_114139,N/A,AUTO,,11.2953,0.0609,N/A,0,1700,MI-CHARGE,0.0,0.0,0.0,0.0,0.0,0.0,0,0,0.0,0.0,,,,,,,,,,,,
171,2026-04-27T10:41:50.696Z,S20260427_114139,N/A,AUTO,,11.3551,0.0598,N/A,0,1700,MI-CHARGE,0.0,0.0,0.0,0.0,0.0,0.0,0,0,0.0,0.0,,,,,,,,,,,,
172,2026-04-27T10:41:50.760Z,S20260427_114139,N/A,AUTO,,11.4186,0.0635,N/A,0,1700,MI-CHARGE,0.0,0.0,0.0,0.0,0.0,0.0,0,0,0.0,0.0,,,,,,,,,,,,
173,2026-04-27T10:41:50.822Z,S20260427_114139,N/A,AUTO,,11.4802,0.0616,N/A,0,1700,MI-CHARGE,0.0,0.0,0.0,0.0,0.0,0.0,0,0,0.0,0.0,,,,,,,,,,,,
174,2026-04-27T10:41:50.885Z,S20260427_114139,N/A,AUTO,,11.5437,0.0635,N/A,0,1700,MI-CHARGE,0.0,0.0,0.0,0.0,0.0,0.0,0,0,0.0,0.0,,,,,,,,,,,,
175,2026-04-27T10:41:50.947Z,S20260427_114139,N/A,AUTO,,11.6058,0.0621,N/A,0,1700,MI-CHARGE,0.0,0.0,0.0,0.0,0.0,0.0,0,0,0.0,0.0,,,,,,,,,,,,
176,2026-04-27T10:41:51.010Z,S20260427_114139,N/A,AUTO,,11.6683,0.0625,N/A,0,1700,MI-CHARGE,0.0,0.0,0.0,0.0,0.0,0.0,0,0,0.0,0.0,,,,,,,,,,,,
177,2026-04-27T10:41:51.080Z,S20260427_114139,N/A,AUTO,,11.7389,0.0707,N/A,0,1700,MI-CHARGE,0.0,0.0,0.0,0.0,0.0,0.0,0,0,0.0,0.0,,,,,,,,,,,,
178,2026-04-27T10:41:51.145Z,S20260427_114139,N/A,AUTO,,11.8032,0.0643,N/A,0,1700,MI-CHARGE,0.0,0.0,0.0,0.0,0.0,0.0,0,0,0.0,0.0,,,,,,,,,,,,
179,2026-04-27T10:41:51.208Z,S20260427_114139,N/A,AUTO,,11.8671,0.0639,N/A,0,1700,MI-CHARGE,0.0,0.0,0.0,0.0,0.0,0.0,0,0,0.0,0.0,,,,,,,,,,,,
180,2026-04-27T10:41:51.267Z,S20260427_114139,N/A,AUTO,,11.9256,0.0585,N/A,0,1700,MI-CHARGE,0.0,0.0,0.0,0.0,0.0,0.0,0,0,0.0,0.0,,,,,,,,,,,,
181,2026-04-27T10:41:51.323Z,S20260427_114139,N/A,AUTO,,11.9816,0.0559,N/A,0,1700,MI-CHARGE,0.0,0.0,0.0,0.0,0.0,0.0,0,0,0.0,0.0,,,,,,,,,,,,
182,2026-04-27T10:41:51.384Z,S20260427_114139,N/A,AUTO,,12.0426,0.061,N/A,0,1700,MI-CHARGE,0.0,0.0,0.0,0.0,0.0,0.0,0,0,0.0,0.0,,,,,,,,,,,,
183,2026-04-27T10:41:51.449Z,S20260427_114139,N/A,AUTO,,12.1077,0.0652,N/A,0,1700,MI-CHARGE,0.0,0.0,0.0,0.0,0.0,0.0,0,0,0.0,0.0,,,,,,,,,,,,
184,2026-04-27T10:41:51.518Z,S20260427_114139,N/A,AUTO,,12.1769,0.0692,N/A,0,1700,MI-CHARGE,0.0,0.0,0.0,0.0,0.0,0.0,0,0,0.0,0.0,,,,,,,,,,,,
185,2026-04-27T10:41:51.572Z,S20260427_114139,N/A,AUTO,,12.2307,0.0538,N/A,0,1700,MI-CHARGE,0.0,0.0,0.0,0.0,0.0,0.0,0,0,0.0,0.0,,,,,,,,,,,,
186,2026-04-27T10:41:51.636Z,S20260427_114139,N/A,AUTO,,12.2947,0.064,N/A,0,1700,MI-CHARGE,0.0,0.0,0.0,0.0,0.0,0.0,0,0,0.0,0.0,,,,,,,,,,,,
187,2026-04-27T10:41:51.698Z,S20260427_114139,N/A,AUTO,,12.3563,0.0615,N/A,0,1700,MI-CHARGE,0.0,0.0,0.0,0.0,0.0,0.0,0,0,0.0,0.0,,,,,,,,,,,,
188,2026-04-27T10:41:51.760Z,S20260427_114139,N/A,AUTO,,12.4187,0.0625,N/A,0,1700,MI-CHARGE,0.0,0.0,0.0,0.0,0.0,0.0,0,0,0.0,0.0,,,,,,,,,,,,
189,2026-04-27T10:41:51.822Z,S20260427_114139,N/A,AUTO,,12.4805,0.0618,N/A,0,1700,MI-CHARGE,0.0,0.0,0.0,0.0,0.0,0.0,0,0,0.0,0.0,,,,,,,,,,,,
190,2026-04-27T10:41:51.888Z,S20260427_114139,N/A,AUTO,,12.5462,0.0657,N/A,0,1700,MI-CHARGE,0.0,0.0,0.0,0.0,0.0,0.0,0,0,0.0,0.0,,,,,,,,,,,,
191,2026-04-27T10:41:51.947Z,S20260427_114139,N/A,AUTO,,12.6051,0.059,N/A,0,1700,MI-CHARGE,0.0,0.0,0.0,0.0,0.0,0.0,0,0,0.0,0.0,,,,,,,,,,,,
192,2026-04-27T10:41:52.013Z,S20260427_114139,N/A,AUTO,,12.6717,0.0665,N/A,0,1700,MI-CHARGE,0.0,0.0,0.0,0.0,0.0,0.0,0,0,0.0,0.0,,,,,,,,,,,,
193,2026-04-27T10:41:52.076Z,S20260427_114139,N/A,AUTO,,12.7349,0.0632,N/A,0,1700,MI-CHARGE,0.0,0.0,0.0,0.0,0.0,0.0,0,0,0.0,0.0,,,,,,,,,,,,
194,2026-04-27T10:41:52.139Z,S20260427_114139,N/A,AUTO,,12.7981,0.0632,N/A,0,1700,MI-CHARGE,0.0,0.0,0.0,0.0,0.0,0.0,0,0,0.0,0.0,,,,,,,,,,,,
195,2026-04-27T10:41:52.206Z,S20260427_114139,N/A,AUTO,,12.8648,0.0666,N/A,0,1700,MI-CHARGE,0.0,0.0,0.0,0.0,0.0,0.0,0,0,0.0,0.0,,,,,,,,,,,,
196,2026-04-27T10:41:52.264Z,S20260427_114139,N/A,AUTO,,12.9227,0.058,N/A,0,1700,MI-CHARGE,0.0,0.0,0.0,0.0,0.0,0.0,0,0,0.0,0.0,,,,,,,,,,,,
197,2026-04-27T10:41:52.326Z,S20260427_114139,N/A,AUTO,,12.9848,0.062,N/A,0,1700,MI-CHARGE,0.0,0.0,0.0,0.0,0.0,0.0,0,0,0.0,0.0,,,,,,,,,,,,
198,2026-04-27T10:41:52.386Z,S20260427_114139,N/A,AUTO,,13.0446,0.0599,N/A,0,1700,MI-CHARGE,0.0,0.0,0.0,0.0,0.0,0.0,0,0,0.0,0.0,,,,,,,,,,,,
199,2026-04-27T10:41:52.447Z,S20260427_114139,N/A,AUTO,,13.1056,0.061,N/A,0,1700,MI-CHARGE,0.0,0.0,0.0,0.0,0.0,0.0,0,0,0.0,0.0,,,,,,,,,,,,
200,2026-04-27T10:41:52.516Z,S20260427_114139,N/A,AUTO,,13.1743,0.0688,N/A,0,1700,MI-CHARGE,0.0,0.0,0.0,0.0,0.0,0.0,0,0,0.0,0.0,,,,,,,,,,,,
201,2026-04-27T10:41:52.576Z,S20260427_114139,N/A,AUTO,,13.2347,0.0603,N/A,0,1700,MI-CHARGE,0.0,0.0,0.0,0.0,0.0,0.0,0,0,0.0,0.0,,,,,,,,,,,,
202,2026-04-27T10:41:52.643Z,S20260427_114139,N/A,AUTO,,13.3017,0.0671,N/A,0,1700,MI-CHARGE,0.0,0.0,0.0,0.0,0.0,0.0,0,0,0.0,0.0,,,,,,,,,,,,
203,2026-04-27T10:41:52.702Z,S20260427_114139,N/A,AUTO,,13.3609,0.0591,N/A,0,1700,MI-CHARGE,0.0,0.0,0.0,0.0,0.0,0.0,0,0,0.0,0.0,,,,,,,,,,,,
204,2026-04-27T10:41:52.759Z,S20260427_114139,N/A,AUTO,,13.418,0.0571,N/A,0,1700,MI-CHARGE,0.0,0.0,0.0,0.0,0.0,0.0,0,0,0.0,0.0,,,,,,,,,,,,
205,2026-04-27T10:41:52.823Z,S20260427_114139,N/A,AUTO,,13.4815,0.0634,N/A,0,1700,MI-CHARGE,0.0,0.0,0.0,0.0,0.0,0.0,0,0,0.0,0.0,,,,,,,,,,,,
206,2026-04-27T10:41:52.886Z,S20260427_114139,N/A,AUTO,,13.5443,0.0629,N/A,0,1700,MI-CHARGE,0.0,0.0,0.0,0.0,0.0,0.0,0,0,0.0,0.0,,,,,,,,,,,,
207,2026-04-27T10:41:52.948Z,S20260427_114139,N/A,AUTO,,13.6062,0.062,N/A,0,1700,MI-CHARGE,0.0,0.0,0.0,0.0,0.0,0.0,0,0,0.0,0.0,,,,,,,,,,,,
208,2026-04-27T10:41:53.014Z,S20260427_114139,N/A,AUTO,,13.6723,0.0661,N/A,0,1700,MI-CHARGE,0.0,0.0,0.0,0.0,0.0,0.0,0,0,0.0,0.0,,,,,,,,,,,,
209,2026-04-27T10:41:53.075Z,S20260427_114139,N/A,AUTO,,13.7334,0.061,N/A,0,1700,MI-CHARGE,0.0,0.0,0.0,0.0,0.0,0.0,0,0,0.0,0.0,,,,,,,,,,,,
210,2026-04-27T10:41:53.146Z,S20260427_114139,N/A,AUTO,,13.8044,0.0711,N/A,0,1700,MI-CHARGE,0.0,0.0,0.0,0.0,0.0,0.0,0,0,0.0,0.0,,,,,,,,,,,,
211,2026-04-27T10:41:53.197Z,S20260427_114139,N/A,AUTO,,13.8561,0.0516,N/A,0,1700,MI-CHARGE,0.0,0.0,0.0,0.0,0.0,0.0,0,0,0.0,0.0,,,,,,,,,,,,
212,2026-04-27T10:41:53.259Z,S20260427_114139,N/A,AUTO,,13.9172,0.0611,N/A,0,1700,MI-CHARGE,0.0,0.0,0.0,0.0,0.0,0.0,0,0,0.0,0.0,,,,,,,,,,,,
213,2026-04-27T10:41:53.331Z,S20260427_114139,N/A,AUTO,,13.9894,0.0722,N/A,0,1700,MI-CHARGE,0.0,0.0,0.0,0.0,0.0,0.0,0,0,0.0,0.0,,,,,,,,,,,,
214,2026-04-27T10:41:53.385Z,S20260427_114139,N/A,AUTO,,14.0438,0.0545,N/A,0,1700,MI-CHARGE,0.0,0.0,0.0,0.0,0.0,0.0,0,0,0.0,0.0,,,,,,,,,,,,
215,2026-04-27T10:41:53.451Z,S20260427_114139,N/A,AUTO,,14.1093,0.0654,N/A,0,1700,MI-CHARGE,0.0,0.0,0.0,0.0,0.0,0.0,0,0,0.0,0.0,,,,,,,,,,,,
216,2026-04-27T10:41:53.509Z,S20260427_114139,N/A,AUTO,,14.1677,0.0584,N/A,0,1700,MI-CHARGE,0.0,0.0,0.0,0.0,0.0,0.0,0,0,0.0,0.0,,,,,,,,,,,,
217,2026-04-27T10:41:53.574Z,S20260427_114139,N/A,AUTO,,14.2326,0.065,N/A,0,1700,MI-CHARGE,0.0,0.0,0.0,0.0,0.0,0.0,0,0,0.0,0.0,,,,,,,,,,,,
218,2026-04-27T10:41:53.634Z,S20260427_114139,N/A,AUTO,,14.2922,0.0596,N/A,0,1700,MI-CHARGE,0.0,0.0,0.0,0.0,0.0,0.0,0,0,0.0,0.0,,,,,,,,,,,,
219,2026-04-27T10:41:53.700Z,S20260427_114139,N/A,AUTO,,14.3586,0.0664,N/A,0,1700,MI-CHARGE,0.0,0.0,0.0,0.0,0.0,0.0,0,0,0.0,0.0,,,,,,,,,,,,
220,2026-04-27T10:41:53.763Z,S20260427_114139,N/A,AUTO,,14.4215,0.0629,N/A,0,1700,MI-CHARGE,0.0,0.0,0.0,0.0,0.0,0.0,0,0,0.0,0.0,,,,,,,,,,,,
221,2026-04-27T10:41:53.825Z,S20260427_114139,N/A,AUTO,,14.4835,0.062,N/A,0,1700,MI-CHARGE,0.0,0.0,0.0,0.0,0.0,0.0,0,0,0.0,0.0,,,,,,,,,,,,
222,2026-04-27T10:41:53.892Z,S20260427_114139,N/A,AUTO,,14.5502,0.0667,N/A,0,1700,MI-CHARGE,0.0,0.0,0.0,0.0,0.0,0.0,0,0,0.0,0.0,,,,,,,,,,,,
223,2026-04-27T10:41:53.952Z,S20260427_114139,N/A,AUTO,,14.6105,0.0603,N/A,0,1700,MI-CHARGE,0.0,0.0,0.0,0.0,0.0,0.0,0,0,0.0,0.0,,,,,,,,,,,,
224,2026-04-27T10:41:54.015Z,S20260427_114139,N/A,AUTO,,14.6736,0.063,N/A,0,1700,MI-CHARGE,0.0,0.0,0.0,0.0,0.0,0.0,0,0,0.0,0.0,,,,,,,,,,,,
225,2026-04-27T10:41:54.078Z,S20260427_114139,N/A,AUTO,,14.7365,0.0631,N/A,0,1700,MI-CHARGE,0.0,0.0,0.0,0.0,0.0,0.0,0,0,0.0,0.0,,,,,,,,,,,,
226,2026-04-27T10:41:54.139Z,S20260427_114139,N/A,AUTO,,14.7973,0.0607,N/A,0,1700,MI-CHARGE,0.0,0.0,0.0,0.0,0.0,0.0,0,0,0.0,0.0,,,,,,,,,,,,
227,2026-04-27T10:41:54.199Z,S20260427_114139,N/A,AUTO,,14.8581,0.0608,N/A,0,1700,MI-CHARGE,0.0,0.0,0.0,0.0,0.0,0.0,0,0,0.0,0.0,,,,,,,,,,,,
228,2026-04-27T10:41:54.260Z,S20260427_114139,N/A,AUTO,,14.9191,0.061,N/A,0,1700,MI-CHARGE,0.0,0.0,0.0,0.0,0.0,0.0,0,0,0.0,0.0,,,,,,,,,,,,
229,2026-04-27T10:41:54.333Z,S20260427_114139,N/A,AUTO,,14.9912,0.0721,N/A,0,1700,MI-CHARGE,0.0,0.0,0.0,0.0,0.0,0.0,0,0,0.0,0.0,,,,,,,,,,,,
230,2026-04-27T10:41:54.395Z,S20260427_114139,N/A,AUTO,,15.0535,0.0623,N/A,0,1700,MI-CHARGE,0.0,0.0,0.0,0.0,0.0,0.0,0,0,0.0,0.0,,,,,,,,,,,,
231,2026-04-27T10:41:54.447Z,S20260427_114139,N/A,AUTO,,15.1053,0.0518,N/A,0,1700,MI-CHARGE,0.0,0.0,0.0,0.0,0.0,0.0,0,0,0.0,0.0,,,,,,,,,,,,
232,2026-04-27T10:41:54.511Z,S20260427_114139,N/A,AUTO,,15.1694,0.0641,N/A,0,1700,MI-CHARGE,0.0,0.0,0.0,0.0,0.0,0.0,0,0,0.0,0.0,,,,,,,,,,,,
233,2026-04-27T10:41:54.574Z,S20260427_114139,N/A,AUTO,,15.2328,0.0633,N/A,0,1700,MI-CHARGE,0.0,0.0,0.0,0.0,0.0,0.0,0,0,0.0,0.0,,,,,,,,,,,,
234,2026-04-27T10:41:54.636Z,S20260427_114139,N/A,AUTO,,15.2948,0.0622,N/A,0,1700,MI-CHARGE,0.0,0.0,0.0,0.0,0.0,0.0,0,0,0.0,0.0,,,,,,,,,,,,
235,2026-04-27T10:41:54.697Z,S20260427_114139,N/A,AUTO,,15.3558,0.0609,N/A,0,1700,MI-CHARGE,0.0,0.0,0.0,0.0,0.0,0.0,0,0,0.0,0.0,,,,,,,,,,,,
236,2026-04-27T10:41:54.761Z,S20260427_114139,N/A,AUTO,,15.4193,0.0635,N/A,0,1700,MI-CHARGE,0.0,0.0,0.0,0.0,0.0,0.0,0,0,0.0,0.0,,,,,,,,,,,,
237,2026-04-27T10:41:54.827Z,S20260427_114139,N/A,AUTO,,15.4858,0.0665,N/A,0,1700,MI-CHARGE,0.0,0.0,0.0,0.0,0.0,0.0,0,0,0.0,0.0,,,,,,,,,,,,
238,2026-04-27T10:41:54.886Z,S20260427_114139,N/A,AUTO,,15.5443,0.0585,N/A,0,1700,MI-CHARGE,0.0,0.0,0.0,0.0,0.0,0.0,0,0,0.0,0.0,,,,,,,,,,,,
239,2026-04-27T10:41:54.949Z,S20260427_114139,N/A,AUTO,,15.6081,0.0638,N/A,0,1700,MI-CHARGE,0.0,0.0,0.0,0.0,0.0,0.0,0,0,0.0,0.0,,,,,,,,,,,,
240,2026-04-27T10:41:55.014Z,S20260427_114139,N/A,AUTO,,15.6723,0.0642,N/A,0,1700,MI-CHARGE,0.0,0.0,0.0,0.0,0.0,0.0,0,0,0.0,0.0,,,,,,,,,,,,
241,2026-04-27T10:41:55.074Z,S20260427_114139,N/A,AUTO,,15.7327,0.0605,N/A,0,1700,MI-CHARGE,0.0,0.0,0.0,0.0,0.0,0.0,0,0,0.0,0.0,,,,,,,,,,,,
242,2026-04-27T10:41:55.140Z,S20260427_114139,N/A,AUTO,,15.7983,0.0655,N/A,0,1700,MI-CHARGE,0.0,0.0,0.0,0.0,0.0,0.0,0,0,0.0,0.0,,,,,,,,,,,,
243,2026-04-27T10:41:55.199Z,S20260427_114139,N/A,AUTO,,15.8578,0.0595,N/A,0,1700,MI-CHARGE,0.0,0.0,0.0,0.0,0.0,0.0,0,0,0.0,0.0,,,,,,,,,,,,
244,2026-04-27T10:41:55.263Z,S20260427_114139,N/A,AUTO,,15.922,0.0641,N/A,0,1700,MI-CHARGE,0.0,0.0,0.0,0.0,0.0,0.0,0,0,0.0,0.0,,,,,,,,,,,,
245,2026-04-27T10:41:55.326Z,S20260427_114139,N/A,AUTO,,15.9849,0.063,N/A,0,1700,MI-CHARGE,0.0,0.0,0.0,0.0,0.0,0.0,0,0,0.0,0.0,,,,,,,,,,,,
246,2026-04-27T10:41:55.386Z,S20260427_114139,N/A,AUTO,,16.0451,0.0602,N/A,0,1700,MI-CHARGE,0.0,0.0,0.0,0.0,0.0,0.0,0,0,0.0,0.0,,,,,,,,,,,,
247,2026-04-27T10:41:55.447Z,S20260427_114139,N/A,AUTO,,16.1055,0.0605,N/A,0,1700,MI-CHARGE,0.0,0.0,0.0,0.0,0.0,0.0,0,0,0.0,0.0,,,,,,,,,,,,
248,2026-04-27T10:41:55.513Z,S20260427_114139,N/A,AUTO,,16.172,0.0665,N/A,0,1700,MI-CHARGE,0.0,0.0,0.0,0.0,0.0,0.0,0,0,0.0,0.0,,,,,,,,,,,,
249,2026-04-27T10:41:55.575Z,S20260427_114139,N/A,AUTO,,16.2332,0.0612,N/A,0,1700,MI-CHARGE,0.0,0.0,0.0,0.0,0.0,0.0,0,0,0.0,0.0,,,,,,,,,,,,
250,2026-04-27T10:41:55.639Z,S20260427_114139,N/A,AUTO,,16.2972,0.064,N/A,0,1700,MI-CHARGE,0.0,0.0,0.0,0.0,0.0,0.0,0,0,0.0,0.0,,,,,,,,,,,,
251,2026-04-27T10:41:55.701Z,S20260427_114139,N/A,AUTO,,16.3591,0.0619,N/A,0,1700,MI-CHARGE,0.0,0.0,0.0,0.0,0.0,0.0,0,0,0.0,0.0,,,,,,,,,,,,
252,2026-04-27T10:41:55.762Z,S20260427_114139,N/A,AUTO,,16.4202,0.0611,N/A,0,1700,MI-CHARGE,0.0,0.0,0.0,0.0,0.0,0.0,0,0,0.0,0.0,,,,,,,,,,,,
253,2026-04-27T10:41:55.824Z,S20260427_114139,N/A,AUTO,,16.4827,0.0625,N/A,0,1700,MI-CHARGE,0.0,0.0,0.0,0.0,0.0,0.0,0,0,0.0,0.0,,,,,,,,,,,,
254,2026-04-27T10:41:55.884Z,S20260427_114139,N/A,AUTO,,16.5421,0.0594,N/A,0,1700,MI-CHARGE,0.0,0.0,0.0,0.0,0.0,0.0,0,0,0.0,0.0,,,,,,,,,,,,
255,2026-04-27T10:41:55.950Z,S20260427_114139,N/A,AUTO,,16.6087,0.0665,N/A,0,1700,MI-CHARGE,0.0,0.0,0.0,0.0,0.0,0.0,0,0,0.0,0.0,,,,,,,,,,,,
256,2026-04-27T10:41:56.011Z,S20260427_114139,N/A,AUTO,,16.6696,0.061,N/A,0,1700,MI-CHARGE,0.0,0.0,0.0,0.0,0.0,0.0,0,0,0.0,0.0,,,,,,,,,,,,
257,2026-04-27T10:41:56.073Z,S20260427_114139,N/A,AUTO,,16.7317,0.0621,N/A,0,1700,MI-CHARGE,0.0,0.0,0.0,0.0,0.0,0.0,0,0,0.0,0.0,,,,,,,,,,,,
258,2026-04-27T10:41:56.136Z,S20260427_114139,N/A,AUTO,,16.7946,0.0628,N/A,0,1700,MI-CHARGE,0.0,0.0,0.0,0.0,0.0,0.0,0,0,0.0,0.0,,,,,,,,,,,,
259,2026-04-27T10:41:56.199Z,S20260427_114139,N/A,AUTO,,16.8571,0.0625,N/A,0,1700,MI-CHARGE,0.0,0.0,0.0,0.0,0.0,0.0,0,0,0.0,0.0,,,,,,,,,,,,
260,2026-04-27T10:41:56.261Z,S20260427_114139,N/A,AUTO,,16.9192,0.0621,N/A,0,1700,MI-CHARGE,0.0,0.0,0.0,0.0,0.0,0.0,0,0,0.0,0.0,,,,,,,,,,,,
261,2026-04-27T10:41:56.322Z,S20260427_114139,N/A,AUTO,,16.9809,0.0617,N/A,0,1700,MI-CHARGE,0.0,0.0,0.0,0.0,0.0,0.0,0,0,0.0,0.0,,,,,,,,,,,,
262,2026-04-27T10:41:56.384Z,S20260427_114139,N/A,AUTO,,17.043,0.062,N/A,0,1700,MI-CHARGE,0.0,0.0,0.0,0.0,0.0,0.0,0,0,0.0,0.0,,,,,,,,,,,,
263,2026-04-27T10:41:56.450Z,S20260427_114139,N/A,AUTO,,17.1087,0.0657,N/A,0,1700,MI-CHARGE,0.0,0.0,0.0,0.0,0.0,0.0,0,0,0.0,0.0,,,,,,,,,,,,
264,2026-04-27T10:41:56.522Z,S20260427_114139,N/A,AUTO,,17.1807,0.0721,N/A,0,1700,MI-CHARGE,0.0,0.0,0.0,0.0,0.0,0.0,0,0,0.0,0.0,,,,,,,,,,,,
265,2026-04-27T10:41:56.583Z,S20260427_114139,N/A,AUTO,,17.2421,0.0613,N/A,0,1700,MI-CHARGE,0.0,0.0,0.0,0.0,0.0,0.0,0,0,0.0,0.0,,,,,,,,,,,,
266,2026-04-27T10:41:56.643Z,S20260427_114139,N/A,AUTO,,17.3012,0.0591,N/A,0,1700,MI-CHARGE,0.0,0.0,0.0,0.0,0.0,0.0,0,0,0.0,0.0,,,,,,,,,,,,
267,2026-04-27T10:41:56.702Z,S20260427_114139,N/A,AUTO,,17.3606,0.0595,N/A,0,1700,MI-CHARGE,0.0,0.0,0.0,0.0,0.0,0.0,0,0,0.0,0.0,,,,,,,,,,,,
268,2026-04-27T10:41:56.761Z,S20260427_114139,N/A,AUTO,,17.4201,0.0594,N/A,0,1700,MI-CHARGE,0.0,0.0,0.0,0.0,0.0,0.0,0,0,0.0,0.0,,,,,,,,,,,,
269,2026-04-27T10:41:56.833Z,S20260427_114139,N/A,AUTO,,17.4916,0.0715,N/A,0,1700,MI-CHARGE,0.0,0.0,0.0,0.0,0.0,0.0,0,0,0.0,0.0,,,,,,,,,,,,
270,2026-04-27T10:41:56.897Z,S20260427_114139,N/A,AUTO,,17.5559,0.0643,N/A,0,1700,MI-CHARGE,0.0,0.0,0.0,0.0,0.0,0.0,0,0,0.0,0.0,,,,,,,,,,,,
271,2026-04-27T10:41:56.951Z,S20260427_114139,N/A,AUTO,,17.6099,0.054,N/A,0,1700,MI-CHARGE,0.0,0.0,0.0,0.0,0.0,0.0,0,0,0.0,0.0,,,,,,,,,,,,
272,2026-04-27T10:41:57.021Z,S20260427_114139,N/A,AUTO,,17.6792,0.0693,N/A,0,1700,MI-CHARGE,0.0,0.0,0.0,0.0,0.0,0.0,0,0,0.0,0.0,,,,,,,,,,,,
273,2026-04-27T10:41:57.078Z,S20260427_114139,N/A,AUTO,,17.7371,0.0579,N/A,0,1700,MI-CHARGE,0.0,0.0,0.0,0.0,0.0,0.0,0,0,0.0,0.0,,,,,,,,,,,,
274,2026-04-27T10:41:57.141Z,S20260427_114139,N/A,AUTO,,17.7998,0.0627,N/A,0,1700,MI-CHARGE,0.0,0.0,0.0,0.0,0.0,0.0,0,0,0.0,0.0,,,,,,,,,,,,
275,2026-04-27T10:41:57.207Z,S20260427_114139,N/A,AUTO,,17.8654,0.0656,N/A,0,1700,MI-CHARGE,0.0,0.0,0.0,0.0,0.0,0.0,0,0,0.0,0.0,,,,,,,,,,,,
276,2026-04-27T10:41:57.271Z,S20260427_114139,N/A,AUTO,,17.9293,0.064,N/A,0,1700,MI-CHARGE,0.0,0.0,0.0,0.0,0.0,0.0,0,0,0.0,0.0,,,,,,,,,,,,
277,2026-04-27T10:41:57.334Z,S20260427_114139,N/A,AUTO,,17.9924,0.0631,N/A,0,1700,MI-CHARGE,0.0,0.0,0.0,0.0,0.0,0.0,0,0,0.0,0.0,,,,,,,,,,,,
278,2026-04-27T10:41:58.833Z,S20260427_114139,N/A,AUTO,,19.4921,1.4997,N/A,0,1700,MI-CHARGE,0.0,0.0,0.0,0.0,0.0,0.0,0,0,0.0,0.0,,,,,,,,,,,,
279,2026-04-27T10:41:58.885Z,S20260427_114139,N/A,AUTO,,19.544,0.0517,N/A,0,1700,MI-CHARGE,0.0,0.0,0.0,0.0,0.0,0.0,0,0,0.0,0.0,,,,,,,,,,,,
280,2026-04-27T10:41:58.952Z,S20260427_114139,N/A,AUTO,,19.6112,0.0673,N/A,0,1700,MI-CHARGE,0.0,0.0,0.0,0.0,0.0,0.0,0,0,0.0,0.0,,,,,,,,,,,,
281,2026-04-27T10:41:59.014Z,S20260427_114139,N/A,AUTO,,19.6723,0.0612,N/A,0,1700,MI-CHARGE,0.0,0.0,0.0,0.0,0.0,0.0,0,0,0.0,0.0,,,,,,,,,,,,
282,2026-04-27T10:41:59.076Z,S20260427_114139,N/A,AUTO,,19.7343,0.062,N/A,0,1700,MI-CHARGE,0.0,0.0,0.0,0.0,0.0,0.0,0,0,0.0,0.0,,,,,,,,,,,,
283,2026-04-27T10:41:59.135Z,S20260427_114139,N/A,AUTO,,19.7932,0.0589,N/A,0,1700,MI-CHARGE,0.0,0.0,0.0,0.0,0.0,0.0,0,0,0.0,0.0,,,,,,,,,,,,
284,2026-04-27T10:41:59.201Z,S20260427_114139,N/A,AUTO,,19.86,0.0668,N/A,0,1700,MI-CHARGE,0.0,0.0,0.0,0.0,0.0,0.0,0,0,0.0,0.0,,,,,,,,,,,,
285,2026-04-27T10:41:59.263Z,S20260427_114139,N/A,AUTO,,19.9216,0.0616,N/A,0,1700,MI-CHARGE,0.0,0.0,0.0,0.0,0.0,0.0,0,0,0.0,0.0,,,,,,,,,,,,
286,2026-04-27T10:41:59.325Z,S20260427_114139,N/A,AUTO,,19.9835,0.0619,N/A,0,1700,MI-CHARGE,0.0,0.0,0.0,0.0,0.0,0.0,0,0,0.0,0.0,,,,,,,,,,,,
287,2026-04-27T10:41:59.405Z,S20260427_114139,N/A,AUTO,,20.0633,0.0797,N/A,0,1700,MI-CHARGE,0.0,0.0,0.0,0.0,0.0,0.0,0,0,0.0,0.0,,,,,,,,,,,,
288,2026-04-27T10:41:59.449Z,S20260427_114139,N/A,AUTO,,20.1081,0.0449,N/A,0,1700,MI-CHARGE,0.0,0.0,0.0,0.0,0.0,0.0,0,0,0.0,0.0,,,,,,,,,,,,
289,2026-04-27T10:41:59.513Z,S20260427_114139,N/A,AUTO,,20.1717,0.0637,N/A,0,1700,MI-CHARGE,0.0,0.0,0.0,0.0,0.0,0.0,0,0,0.0,0.0,,,,,,,,,,,,
290,2026-04-27T10:41:59.573Z,S20260427_114139,N/A,AUTO,,20.2317,0.0597,N/A,0,1700,MI-CHARGE,0.0,0.0,0.0,0.0,0.0,0.0,0,0,0.0,0.0,,,,,,,,,,,,
291,2026-04-27T10:41:59.638Z,S20260427_114139,N/A,AUTO,,20.2964,0.0648,N/A,0,1700,MI-CHARGE,0.0,0.0,0.0,0.0,0.0,0.0,0,0,0.0,0.0,,,,,,,,,,,,
292,2026-04-27T10:41:59.700Z,S20260427_114139,N/A,AUTO,,20.3589,0.0626,N/A,0,1700,MI-CHARGE,0.0,0.0,0.0,0.0,0.0,0.0,0,0,0.0,0.0,,,,,,,,,,,,
293,2026-04-27T10:41:59.762Z,S20260427_114139,N/A,AUTO,,20.4203,0.0613,N/A,0,1700,MI-CHARGE,0.0,0.0,0.0,0.0,0.0,0.0,0,0,0.0,0.0,,,,,,,,,,,,
294,2026-04-27T10:41:59.822Z,S20260427_114139,N/A,AUTO,,20.481,0.0607,N/A,0,1700,MI-CHARGE,0.0,0.0,0.0,0.0,0.0,0.0,0,0,0.0,0.0,,,,,,,,,,,,
295,2026-04-27T10:41:59.888Z,S20260427_114139,N/A,AUTO,,20.5463,0.0652,N/A,0,1700,MI-CHARGE,0.0,0.0,0.0,0.0,0.0,0.0,0,0,0.0,0.0,,,,,,,,,,,,
296,2026-04-27T10:41:59.953Z,S20260427_114139,N/A,AUTO,,20.6114,0.0651,N/A,0,1700,MI-CHARGE,0.0,0.0,0.0,0.0,0.0,0.0,0,0,0.0,0.0,,,,,,,,,,,,
297,2026-04-27T10:42:00.011Z,S20260427_114139,N/A,AUTO,,20.6695,0.0583,N/A,0,1700,MI-CHARGE,0.0,0.0,0.0,0.0,0.0,0.0,0,0,0.0,0.0,,,,,,,,,,,,
298,2026-04-27T10:42:00.076Z,S20260427_114139,N/A,AUTO,,20.7342,0.0647,N/A,0,1700,MI-CHARGE,0.0,0.0,0.0,0.0,0.0,0.0,0,0,0.0,0.0,,,,,,,,,,,,
299,2026-04-27T10:42:00.138Z,S20260427_114139,N/A,AUTO,,20.7967,0.0626,N/A,0,1700,MI-CHARGE,0.0,0.0,0.0,0.0,0.0,0.0,0,0,0.0,0.0,,,,,,,,,,,,
300,2026-04-27T10:42:00.201Z,S20260427_114139,N/A,AUTO,,20.8596,0.0628,N/A,0,1700,MI-CHARGE,0.0,0.0,0.0,0.0,0.0,0.0,0,0,0.0,0.0,,,,,,,,,,,,
301,2026-04-27T10:42:00.262Z,S20260427_114139,N/A,AUTO,,20.9204,0.0608,N/A,0,1700,MI-CHARGE,0.0,0.0,0.0,0.0,0.0,0.0,0,0,0.0,0.0,,,,,,,,,,,,
302,2026-04-27T10:42:00.325Z,S20260427_114139,N/A,AUTO,,20.9839,0.0635,N/A,0,1700,MI-CHARGE,0.0,0.0,0.0,0.0,0.0,0.0,0,0,0.0,0.0,,,,,,,,,,,,
303,2026-04-27T10:42:00.390Z,S20260427_114139,N/A,AUTO,,21.0485,0.0646,N/A,0,1700,MI-CHARGE,0.0,0.0,0.0,0.0,0.0,0.0,0,0,0.0,0.0,,,,,,,,,,,,
304,2026-04-27T10:42:00.451Z,S20260427_114139,N/A,AUTO,,21.1101,0.0614,N/A,0,1700,MI-CHARGE,0.0,0.0,0.0,0.0,0.0,0.0,0,0,0.0,0.0,,,,,,,,,,,,
305,2026-04-27T10:42:00.510Z,S20260427_114139,N/A,AUTO,,21.169,0.0592,N/A,0,1700,MI-CHARGE,0.0,0.0,0.0,0.0,0.0,0.0,0,0,0.0,0.0,,,,,,,,,,,,
306,2026-04-27T10:42:00.575Z,S20260427_114139,N/A,AUTO,,21.2335,0.0644,N/A,0,1700,MI-CHARGE,0.0,0.0,0.0,0.0,0.0,0.0,0,0,0.0,0.0,,,,,,,,,,,,
307,2026-04-27T10:42:00.636Z,S20260427_114139,N/A,AUTO,,21.2949,0.0614,N/A,0,1700,MI-CHARGE,0.0,0.0,0.0,0.0,0.0,0.0,0,0,0.0,0.0,,,,,,,,,,,,
308,2026-04-27T10:42:00.697Z,S20260427_114139,N/A,AUTO,,21.3556,0.0608,N/A,0,1700,MI-CHARGE,0.0,0.0,0.0,0.0,0.0,0.0,0,0,0.0,0.0,,,,,,,,,,,,
309,2026-04-27T10:42:00.760Z,S20260427_114139,N/A,AUTO,,21.4182,0.0626,N/A,0,1700,MI-CHARGE,0.0,0.0,0.0,0.0,0.0,0.0,0,0,0.0,0.0,,,,,,,,,,,,
310,2026-04-27T10:42:00.829Z,S20260427_114139,N/A,AUTO,,21.4877,0.0695,N/A,0,1700,MI-CHARGE,0.0,0.0,0.0,0.0,-0.698132,0.0,1,0,21462.706,21462.706,,,,,,,,,,,,
311,2026-04-27T10:42:00.889Z,S20260427_114139,N/A,AUTO,,21.5476,0.0598,N/A,0,1700,MI-CHARGE,0.0,0.0,0.0,0.0,-0.698132,0.0,1,0,21462.706,21462.706,,,,,,,,,,,,
312,2026-04-27T10:42:00.949Z,S20260427_114139,N/A,AUTO,,21.6078,0.0603,N/A,0,1700,MI-CHARGE,0.0,0.0,0.0,0.0,-0.698132,0.0,1,0,6418.342,0.458,,,,,,,,,,,,
313,2026-04-27T10:42:01.012Z,S20260427_114139,N/A,AUTO,,21.6709,0.063,N/A,0,1700,MI-CHARGE,0.0,0.0,0.0,0.0,-0.698132,0.0,1,0,6415.617,23.84,,,,,,,,,,,,
314,2026-04-27T10:42:01.084Z,S20260427_114139,N/A,AUTO,,21.7422,0.0713,N/A,0,1700,MI-CHARGE,0.0,0.0,0.0,0.0,-0.698132,-0.0,1,0,6407.644,23.885,,,,,,,,,,,,
315,2026-04-27T10:42:01.144Z,S20260427_114139,N/A,AUTO,,21.8025,0.0604,N/A,0,1700,MI-CHARGE,0.0,0.0,0.0,0.0,-0.698132,0.0,1,0,6386.669,23.487,,,,,,,,,,,,
316,2026-04-27T10:42:01.207Z,S20260427_114139,N/A,AUTO,,21.866,0.0635,N/A,0,1700,MI-CHARGE,0.0,0.0,0.0,0.0,-0.698132,-0.0,1,0,6417.396,19.552,,,,,,,,,,,,
317,2026-04-27T10:42:01.270Z,S20260427_114139,N/A,AUTO,,21.9285,0.0626,N/A,0,1700,MI-CHARGE,0.0,0.0,0.0,0.0,-0.698132,0.0,1,0,6405.9,16.816,,,,,,,,,,,,
318,2026-04-27T10:42:01.329Z,S20260427_114139,N/A,AUTO,,21.9879,0.0593,N/A,0,1700,MI-CHARGE,0.0,0.0,0.0,0.0,-0.698132,0.0,1,0,6385.599,19.001,,,,,,,,,,,,
319,2026-04-27T10:42:01.399Z,S20260427_114139,N/A,AUTO,,22.0577,0.0698,N/A,0,1700,MI-CHARGE,0.0,0.0,0.0,0.0,-0.698132,0.0,1,0,6377.26,24.662,,,,,,,,,,,,
320,2026-04-27T10:42:01.449Z,S20260427_114139,N/A,AUTO,,22.1079,0.0502,N/A,0,1700,MI-CHARGE,0.0,0.0,0.0,0.0,-0.698132,0.0,1,0,6385.965,18.78,,,,,,,,,,,,
321,2026-04-27T10:42:01.513Z,S20260427_114139,N/A,AUTO,,22.1713,0.0633,N/A,0,1700,MI-CHARGE,0.0,0.0,0.0,0.0,-0.698132,0.0,1,0,6390.535,19.954,,,,,,,,,,,,
322,2026-04-27T10:42:01.580Z,S20260427_114139,N/A,AUTO,,22.2388,0.0676,N/A,0,1700,MI-CHARGE,0.0,0.0,0.0,0.0,-0.698132,0.0,1,0,6401.305,14.682,,,,,,,,,,,,
323,2026-04-27T10:42:01.642Z,S20260427_114139,N/A,AUTO,,22.3011,0.0622,N/A,0,1700,MI-CHARGE,0.0,0.0,0.0,0.0,-0.698132,0.0,1,0,6395.212,27.277,,,,,,,,,,,,
324,2026-04-27T10:42:01.704Z,S20260427_114139,N/A,AUTO,,22.3629,0.0619,N/A,0,1700,MI-CHARGE,0.0,0.0,0.0,0.0,-0.698132,0.0,1,0,6398.963,35.237,,,,,,,,,,,,
325,2026-04-27T10:42:01.767Z,S20260427_114139,N/A,AUTO,,22.4258,0.0628,N/A,0,1700,MI-CHARGE,0.0,0.0,0.0,0.0,-0.698132,0.0,1,0,6409.928,30.106,,,,,,,,,,,,
326,2026-04-27T10:42:01.863Z,S20260427_114139,N/A,AUTO,0.0344,22.5213,0.0956,N/A,1,1700,MI-CHARGE,0.0,0.0,0.0,0.0,-0.698132,0.0,1,0,6409.238,17.993,,,,,,,,,,,,
327,2026-04-27T10:42:01.888Z,S20260427_114139,N/A,AUTO,0.0599,22.5468,0.0254,N/A,1,1700,MI-CHARGE,0.0,0.0,0.0,0.0,-0.698132,0.0,1,0,6409.238,17.993,,,,,,,,,,,,
328,2026-04-27T10:42:01.948Z,S20260427_114139,N/A,AUTO,0.1199,22.6069,0.0601,N/A,1,1700,MI-CHARGE,0.0,0.0,0.0,0.0,-0.698132,0.0,1,0,6419.724,28.761,,,,,,,,,,,,
329,2026-04-27T10:42:02.009Z,S20260427_114139,N/A,AUTO,0.1807,22.6676,0.0608,N/A,1,1700,MI-CHARGE,0.0,0.0,0.0,0.0,-0.698132,0.0,1,0,6358.383,16.82,,,,,,,,,,,,
330,2026-04-27T10:42:02.081Z,S20260427_114139,N/A,AUTO,0.2529,22.7399,0.0722,N/A,1,1700,MI-CHARGE,0.0,0.0,0.0,0.0,-0.698132,0.0,1,0,6346.432,31.204,,,,,,,,,,,,
331,2026-04-27T10:42:02.142Z,S20260427_114139,N/A,AUTO,0.3136,22.8005,0.0607,N/A,1,1700,MI-CHARGE,0.0,0.0,0.0,0.0,-0.698132,0.0,1,0,6297.713,31.952,,,,,,,,,,,,
332,2026-04-27T10:42:02.204Z,S20260427_114139,N/A,AUTO,0.376,22.863,0.0625,N/A,1,1700,MI-CHARGE,0.0,0.0,0.0,0.0,-0.698132,0.0,1,0,6255.548,14.283,,,,,,,,,,,,
333,2026-04-27T10:42:02.266Z,S20260427_114139,N/A,AUTO,0.4379,22.9248,0.0619,N/A,1,1700,MI-CHARGE,0.0,0.0,0.0,0.0,-0.698132,0.0,1,0,6195.579,15.548,,,,,,,,,,,,
334,2026-04-27T10:42:02.329Z,S20260427_114139,N/A,AUTO,0.5009,22.9878,0.063,N/A,1,1700,MI-CHARGE,0.0,0.0,0.0,0.0,-0.698132,0.0,1,0,6178.327,30.185,,,,,,,,,,,,
335,2026-04-27T10:42:02.389Z,S20260427_114139,N/A,AUTO,0.5604,23.0473,0.0595,N/A,1,1700,MI-CHARGE,0.0,0.0,0.0,0.0,-0.698132,0.0,1,0,6154.745,15.439,,,,,,,,,,,,
336,2026-04-27T10:42:02.449Z,S20260427_114139,N/A,AUTO,0.6206,23.1076,0.0603,N/A,1,1700,MI-CHARGE,0.0,0.0,0.0,0.0,-0.698132,0.0,1,0,6138.212,15.121,,,,,,,,,,,,
337,2026-04-27T10:42:02.509Z,S20260427_114139,N/A,AUTO,0.6812,23.1681,0.0605,N/A,1,1700,MI-CHARGE,0.0,0.0,0.0,0.0,-0.698132,0.0,1,0,6125.7,15.079,,,,,,,,,,,,
338,2026-04-27T10:42:02.578Z,S20260427_114139,N/A,AUTO,0.7495,23.2364,0.0683,N/A,1,1700,MI-CHARGE,0.0,0.0,0.0,0.0,-0.698132,0.0,1,0,6114.944,15.886,,,,,,,,,,,,
339,2026-04-27T10:42:02.640Z,S20260427_114139,N/A,AUTO,0.8124,23.2994,0.0627,N/A,1,1700,MI-CHARGE,0.0,0.0,0.0,0.0,-0.698132,0.0,1,0,6092.754,20.867,,,,,,,,,,,,
340,2026-04-27T10:42:02.702Z,S20260427_114139,N/A,AUTO,0.8736,23.3605,0.0614,N/A,1,1700,MI-CHARGE,0.0,0.0,0.0,0.0,-0.698132,0.0,1,0,6094.557,15.422,,,,,,,,,,,,
341,2026-04-27T10:42:02.762Z,S20260427_114139,N/A,AUTO,0.934,23.4209,0.0604,N/A,1,1700,MI-CHARGE,0.0,0.0,0.0,0.0,-0.698132,0.0,1,0,6083.169,30.194,,,,,,,,,,,,
342,2026-04-27T10:42:02.824Z,S20260427_114139,N/A,AUTO,0.9962,23.4831,0.0622,N/A,1,1700,MI-CHARGE,0.0,0.0,0.0,0.0,-0.698132,0.0,1,0,6070.133,30.838,,,,,,,,,,,,
343,2026-04-27T10:42:02.885Z,S20260427_114139,N/A,AUTO,1.0571,23.544,0.0608,N/A,1,1700,MI-CHARGE,0.0,0.0,0.0,0.0,-0.698132,0.0,1,0,6079.143,14.587,,,,,,,,,,,,
344,2026-04-27T10:42:02.947Z,S20260427_114139,N/A,AUTO,1.1188,23.6057,0.0618,N/A,1,1700,MI-CHARGE,0.0,0.0,0.0,0.0,-0.698132,0.0,1,0,6069.292,14.983,,,,,,,,,,,,
345,2026-04-27T10:42:03.009Z,S20260427_114139,N/A,AUTO,1.1805,23.6674,0.0617,N/A,1,1700,MI-CHARGE,0.0,0.0,0.0,0.0,-0.698132,0.0,1,0,6045.227,15.037,,,,,,,,,,,,
346,2026-04-27T10:42:03.086Z,S20260427_114139,N/A,AUTO,1.2573,23.7443,0.0768,N/A,1,1700,MI-CHARGE,0.0,0.0,0.0,0.0,-0.698132,0.0,1,0,6031.038,30.99,,,,,,,,,,,,
347,2026-04-27T10:42:03.149Z,S20260427_114139,N/A,AUTO,1.3205,23.8074,0.0631,N/A,1,1700,MI-CHARGE,0.0,0.0,0.0,0.0,-0.698132,0.0,1,0,6000.046,15.12,,,,,,,,,,,,
348,2026-04-27T10:42:03.209Z,S20260427_114139,N/A,AUTO,1.3807,23.8676,0.0602,N/A,1,1700,MI-CHARGE,0.0,0.0,0.0,0.0,-0.698132,0.0,1,0,5952.464,16.231,,,,,,,,,,,,
349,2026-04-27T10:42:03.269Z,S20260427_114139,N/A,AUTO,1.4411,23.928,0.0604,N/A,1,1700,MI-CHARGE,0.0,0.0,0.0,0.0,-0.698132,0.0,1,0,5922.353,16.096,,,,,,,,,,,,
350,2026-04-27T10:42:03.329Z,S20260427_114139,N/A,AUTO,1.5006,23.9875,0.0595,N/A,1,1700,MI-CHARGE,0.0,0.0,0.0,0.0,-0.698132,0.0,1,0,4464.915,16.713,,,,,,,,,,,,
351,2026-04-27T10:42:03.390Z,S20260427_114139,N/A,AUTO,1.5617,24.0486,0.0611,N/A,1,1700,MI-CHARGE,0.0,0.0,0.0,0.0,-0.698132,0.0,1,0,4450.657,23.099,,,,,,,,,,,,
352,2026-04-27T10:42:03.449Z,S20260427_114139,N/A,AUTO,1.6203,24.1072,0.0587,N/A,1,1700,MI-CHARGE,0.0,0.0,0.0,0.0,-0.698132,0.0,1,0,4433.286,28.53,,,,,,,,,,,,
353,2026-04-27T10:42:03.509Z,S20260427_114139,N/A,AUTO,1.6804,24.1674,0.0602,N/A,1,1700,MI-CHARGE,0.0,0.0,0.0,0.0,-0.698132,0.0,1,0,4414.833,14.239,,,,,,,,,,,,
354,2026-04-27T10:42:03.582Z,S20260427_114139,N/A,AUTO,1.7532,24.2402,0.0727,N/A,1,1700,MI-CHARGE,0.0,0.0,0.0,0.0,-0.698132,0.0,1,0,4392.674,13.65,,,,,,,,,,,,
355,2026-04-27T10:42:03.644Z,S20260427_114139,N/A,AUTO,1.8156,24.3025,0.0623,N/A,1,1700,MI-CHARGE,0.0,0.0,0.0,0.0,-0.698132,0.0,1,0,4363.106,5.659,,,,,,,,,,,,
356,2026-04-27T10:42:03.705Z,S20260427_114139,N/A,AUTO,1.8772,24.3641,0.0616,N/A,1,1700,MI-CHARGE,0.0,0.0,0.0,0.0,-0.698132,0.0,1,0,4344.981,21.202,,,,,,,,,,,,
357,2026-04-27T10:42:03.766Z,S20260427_114139,N/A,AUTO,1.9382,24.4251,0.061,N/A,1,1700,MI-CHARGE,0.0,0.0,0.0,0.0,-0.698132,0.0,1,0,4311.991,20.005,,,,,,,,,,,,
358,2026-04-27T10:42:03.828Z,S20260427_114139,N/A,AUTO,1.9994,24.4863,0.0612,N/A,1,1700,MI-CHARGE,0.0,0.0,0.0,0.0,-0.698132,0.0,1,0,4298.375,19.335,,,,,,,,,,,,
359,2026-04-27T10:42:03.889Z,S20260427_114139,N/A,AUTO,2.0611,24.5481,0.0618,N/A,1,1700,MI-CHARGE,0.0,0.0,0.0,0.0,-0.698132,0.0,1,0,4278.738,19.224,,,,,,,,,,,,
360,2026-04-27T10:42:03.948Z,S20260427_114139,N/A,AUTO,2.1202,24.6071,0.059,N/A,1,1700,MI-CHARGE,0.0,0.0,0.0,0.0,-0.698132,0.0,1,0,4267.699,13.563,,,,,,,,,,,,
361,2026-04-27T10:42:04.011Z,S20260427_114139,N/A,AUTO,2.1827,24.6697,0.0626,N/A,1,1700,MI-CHARGE,0.0,0.0,0.0,0.0,-0.698132,0.0,2,0,2965.953,16.867,,,,,,,,,,,,
362,2026-04-27T10:42:04.072Z,S20260427_114139,N/A,AUTO,2.2439,24.7308,0.0612,N/A,1,1700,MI-CHARGE,0.0,0.0,0.0,0.0,-0.698132,0.0,2,0,2963.618,20.727,,,,,,,,,,,,
363,2026-04-27T10:42:04.134Z,S20260427_114139,N/A,AUTO,2.3055,24.7925,0.0617,N/A,1,1700,MI-CHARGE,0.0,0.0,0.0,0.0,-0.698132,0.0,2,0,2896.435,19.954,,,,,,,,,,,,
364,2026-04-27T10:42:04.208Z,S20260427_114139,N/A,AUTO,2.3797,24.8666,0.0742,N/A,1,1700,MI-CHARGE,0.0,0.0,0.0,0.0,-0.698132,0.0,2,0,2812.319,18.579,,,,,,,,,,,,
365,2026-04-27T10:42:04.259Z,S20260427_114139,N/A,AUTO,2.4311,24.918,0.0513,N/A,1,1700,MI-CHARGE,0.0,0.0,0.0,0.0,-0.698132,-0.0,2,0,2786.9,19.114,,,,,,,,,,,,
366,2026-04-27T10:42:04.323Z,S20260427_114139,N/A,AUTO,2.4946,24.9816,0.0635,N/A,1,1700,MI-CHARGE,0.0,0.0,0.0,0.0,-0.698132,-0.0,2,0,2753.365,18.181,,,,,,,,,,,,
367,2026-04-27T10:42:04.391Z,S20260427_114139,N/A,AUTO,2.5627,25.0497,0.0682,N/A,1,1700,MI-CHARGE,0.0,0.0,0.0,0.0,-0.698132,-0.0,2,0,2737.815,18.096,,,,,,,,,,,,
368,2026-04-27T10:42:04.448Z,S20260427_114139,N/A,AUTO,2.62,25.1069,0.0572,N/A,1,1700,MI-CHARGE,0.0,0.0,0.0,0.0,-0.698132,-0.0,2,0,2716.795,19.422,,,,,,,,,,,,
369,2026-04-27T10:42:04.509Z,S20260427_114139,N/A,AUTO,2.6805,25.1674,0.0606,N/A,1,1700,MI-CHARGE,0.0,0.0,0.0,0.0,-0.698132,-0.0,2,0,2686.834,19.147,,,,,,,,,,,,
370,2026-04-27T10:42:04.572Z,S20260427_114139,N/A,AUTO,2.7443,25.2312,0.0636,N/A,1,1700,MI-CHARGE,0.0,0.0,0.0,0.0,-0.698132,-0.0,2,0,2665.785,8.9,,,,,,,,,,,,
371,2026-04-27T10:42:04.648Z,S20260427_114139,N/A,AUTO,2.8202,25.3071,0.0761,N/A,1,1700,MI-CHARGE,0.0,0.0,0.0,0.0,-0.698132,-0.0,2,0,2641.027,19.469,,,,,,,,,,,,
372,2026-04-27T10:42:04.709Z,S20260427_114139,N/A,AUTO,2.8807,25.3677,0.0605,N/A,1,1700,MI-CHARGE,0.0,0.0,0.0,0.0,-0.698132,-0.0,2,0,2620.534,19.498,,,,,,,,,,,,
373,2026-04-27T10:42:04.769Z,S20260427_114139,N/A,AUTO,2.9409,25.4279,0.0603,N/A,1,1700,MI-CHARGE,0.0,0.0,0.0,0.0,-0.698132,-0.0,2,0,2590.567,18.446,,,,,,,,,,,,
374,2026-04-27T10:42:04.822Z,S20260427_114139,N/A,AUTO,2.9933,25.4802,0.0523,N/A,1,1700,MI-CHARGE,0.0,0.0,0.0,0.0,-0.698132,-0.0,2,0,2575.755,17.852,,,,,,,,,,,,
375,2026-04-27T10:42:04.886Z,S20260427_114139,N/A,AUTO,3.0577,25.5446,0.0644,N/A,1,1700,MI-CHARGE,0.0,0.0,0.0,0.0,-0.698132,-0.0,2,0,2560.222,16.09,,,,,,,,,,,,
376,2026-04-27T10:42:04.949Z,S20260427_114139,N/A,AUTO,3.1206,25.6076,0.063,N/A,1,1700,MI-CHARGE,0.0,0.0,0.0,0.0,-0.698132,-0.0,2,0,2528.168,20.115,,,,,,,,,,,,
377,2026-04-27T10:42:05.009Z,S20260427_114139,N/A,AUTO,3.1809,25.6679,0.0602,N/A,1,1700,MI-CHARGE,0.0,0.0,0.0,0.0,-0.698132,-0.0,2,0,2513.86,18.929,,,,,,,,,,,,
378,2026-04-27T10:42:05.072Z,S20260427_114139,N/A,AUTO,3.2438,25.7307,0.063,N/A,1,1700,MI-CHARGE,0.0,0.0,0.0,0.0,-0.698132,-0.0,2,0,2478.527,17.979,,,,,,,,,,,,
379,2026-04-27T10:42:05.136Z,S20260427_114139,N/A,AUTO,3.3072,25.7942,0.0635,N/A,1,1700,MI-CHARGE,0.0,0.0,0.0,0.0,-0.698132,-0.0,2,0,2420.674,19.458,,,,,,,,,,,,
380,2026-04-27T10:42:05.197Z,S20260427_114139,N/A,AUTO,3.3686,25.8555,0.0613,N/A,1,1700,MI-CHARGE,0.0,0.0,0.0,0.0,-0.698132,-0.0,2,0,2401.109,18.263,,,,,,,,,,,,
381,2026-04-27T10:42:05.260Z,S20260427_114139,N/A,AUTO,3.4316,25.9185,0.0629,N/A,1,1700,MI-CHARGE,0.0,0.0,0.0,0.0,-0.698132,-0.0,2,0,2339.326,23.932,,,,,,,,,,,,
382,2026-04-27T10:42:05.323Z,S20260427_114139,N/A,AUTO,3.4943,25.9812,0.0628,N/A,1,1700,MI-CHARGE,0.0,0.0,0.0,0.0,-0.698132,-0.0,2,0,2312.67,18.715,,,,,,,,,,,,
383,2026-04-27T10:42:05.391Z,S20260427_114139,N/A,AUTO,3.5623,26.0493,0.0681,N/A,1,1700,MI-CHARGE,0.0,0.0,0.0,0.0,-0.698132,-0.0,2,0,2292.947,19.251,,,,,,,,,,,,
384,2026-04-27T10:42:05.447Z,S20260427_114139,N/A,AUTO,3.6185,26.1054,0.0561,N/A,1,1700,MI-CHARGE,0.0,0.0,0.0,0.0,-0.698132,-0.0,2,0,2294.881,17.19,,,,,,,,,,,,
385,2026-04-27T10:42:05.509Z,S20260427_114139,N/A,AUTO,3.681,26.1679,0.0625,N/A,1,1700,MI-CHARGE,0.0,0.0,0.0,0.0,-0.698132,-0.0,2,0,2242.884,18.863,,,,,,,,,,,,
386,2026-04-27T10:42:05.586Z,S20260427_114139,N/A,AUTO,3.7581,26.245,0.0772,N/A,1,1700,MI-CHARGE,0.0,0.0,0.0,0.0,-0.698132,-0.0,2,0,2209.011,20.581,,,,,,,,,,,,
387,2026-04-27T10:42:05.649Z,S20260427_114139,N/A,AUTO,3.8209,26.3079,0.0628,N/A,1,1700,MI-CHARGE,0.0,0.0,0.0,0.0,-0.698132,-0.0,2,0,2195.493,19.686,,,,,,,,,,,,
388,2026-04-27T10:42:05.709Z,S20260427_114139,N/A,AUTO,3.8802,26.3672,0.0593,N/A,1,1700,MI-CHARGE,0.0,0.0,0.0,0.0,-0.698132,-0.0,2,0,2157.871,19.721,,,,,,,,,,,,
389,2026-04-27T10:42:05.769Z,S20260427_114139,N/A,AUTO,3.9405,26.4274,0.0603,N/A,1,1700,MI-CHARGE,0.0,0.0,0.0,0.0,-0.698132,-0.0,2,0,2136.84,18.715,,,,,,,,,,,,
390,2026-04-27T10:42:05.828Z,S20260427_114139,N/A,AUTO,4.0002,26.4871,0.0597,N/A,1,1700,MI-CHARGE,0.0,0.0,0.0,0.0,-0.698132,-0.0,2,0,2113.884,23.768,,,,,,,,,,,,
391,2026-04-27T10:42:05.889Z,S20260427_114139,N/A,AUTO,4.0602,26.5472,0.0601,N/A,1,1700,MI-CHARGE,0.0,0.0,0.0,0.0,-0.698132,-0.0,2,0,2082.021,16.449,,,,,,,,,,,,
392,2026-04-27T10:42:05.949Z,S20260427_114139,N/A,AUTO,4.1209,26.6078,0.0607,N/A,1,1700,MI-CHARGE,0.0,0.0,0.0,0.0,-0.698132,-0.0,2,0,2065.632,19.173,,,,,,,,,,,,
393,2026-04-27T10:42:06.008Z,S20260427_114139,N/A,AUTO,4.1801,26.667,0.0591,N/A,1,1700,MI-CHARGE,0.0,0.0,0.0,0.0,-0.698132,-0.0,2,0,2029.934,19.06,,,,,,,,,,,,
394,2026-04-27T10:42:06.080Z,S20260427_114139,N/A,AUTO,4.2514,26.7384,0.0714,N/A,1,1700,MI-CHARGE,0.0,0.0,0.0,0.0,-0.698132,-0.0,2,0,1986.415,19.525,,,,,,,,,,,,
395,2026-04-27T10:42:06.143Z,S20260427_114139,N/A,AUTO,4.3144,26.8013,0.0629,N/A,1,1700,MI-CHARGE,0.0,0.0,0.0,0.0,-0.698132,-0.0,2,0,1930.66,19.433,,,,,,,,,,,,
396,2026-04-27T10:42:06.206Z,S20260427_114139,N/A,AUTO,4.3773,26.8642,0.063,N/A,1,1700,MI-CHARGE,0.0,0.0,0.0,0.0,-0.698132,-0.0,2,0,1872.265,21.137,,,,,,,,,,,,
397,2026-04-27T10:42:06.268Z,S20260427_114139,N/A,AUTO,4.4397,26.9266,0.0624,N/A,1,1700,MI-CHARGE,0.0,0.0,0.0,0.0,-0.698132,-0.0,2,0,1842.154,22.433,,,,,,,,,,,,
398,2026-04-27T10:42:06.329Z,S20260427_114139,N/A,AUTO,4.5008,26.9878,0.0611,N/A,1,1700,MI-CHARGE,0.0,0.0,0.0,0.0,-0.698132,-0.0,2,0,1809.623,19.609,,,,,,,,,,,,
399,2026-04-27T10:42:06.390Z,S20260427_114139,N/A,AUTO,4.5614,27.0484,0.0606,N/A,1,1700,MI-CHARGE,0.0,0.0,0.0,0.0,-0.698132,-0.0,2,0,1792.379,19.138,,,,,,,,,,,,
400,2026-04-27T10:42:06.448Z,S20260427_114139,N/A,AUTO,4.62,27.1069,0.0586,N/A,1,1700,MI-CHARGE,0.0,0.0,0.0,0.0,-0.698132,-0.0,2,0,1779.29,19.803,,,,,,,,,,,,
401,2026-04-27T10:42:06.509Z,S20260427_114139,N/A,AUTO,4.6804,27.1673,0.0604,N/A,1,1700,MI-CHARGE,0.0,0.0,0.0,0.0,-0.698132,-0.0,2,0,1740.542,19.329,,,,,,,,,,,,
402,2026-04-27T10:42:06.580Z,S20260427_114139,N/A,AUTO,4.7514,27.2384,0.0708,N/A,1,1700,MI-CHARGE,0.0,0.0,0.0,0.0,-0.698132,-0.0,2,0,1704.687,19.379,,,,,,,,,,,,
403,2026-04-27T10:42:06.641Z,S20260427_114139,N/A,AUTO,4.8131,27.3,0.0619,N/A,1,1700,MI-CHARGE,0.0,0.0,0.0,0.0,-0.698132,-0.0,2,0,1692.047,19.199,,,,,,,,,,,,
404,2026-04-27T10:42:06.704Z,S20260427_114139,N/A,AUTO,4.8755,27.3625,0.0624,N/A,1,1700,MI-CHARGE,0.0,0.0,0.0,0.0,-0.698132,-0.0,2,0,1674.273,17.299,,,,,,,,,,,,
405,2026-04-27T10:42:06.767Z,S20260427_114139,N/A,AUTO,4.9383,27.4252,0.0628,N/A,1,1700,MI-CHARGE,0.0,0.0,0.0,0.0,-0.698132,-0.0,2,0,1638.18,18.944,,,,,,,,,,,,
406,2026-04-27T10:42:06.829Z,S20260427_114139,N/A,AUTO,5.0002,27.4871,0.062,N/A,1,1700,MI-CHARGE,0.0,0.0,0.0,0.0,-0.698132,-0.0,2,0,1623.156,20.038,,,,,,,,,,,,
407,2026-04-27T10:42:06.888Z,S20260427_114139,N/A,AUTO,5.0598,27.5468,0.0597,N/A,1,1700,MI-CHARGE,0.0,0.0,0.0,0.0,-0.698132,-0.0,2,0,1589.149,16.669,,,,,,,,,,,,
408,2026-04-27T10:42:06.950Z,S20260427_114139,N/A,AUTO,5.1214,27.6083,0.0615,N/A,1,1700,MI-CHARGE,0.0,0.0,0.0,0.0,-0.698132,-0.0,2,0,1569.295,17.888,,,,,,,,,,,,
409,2026-04-27T10:42:07.009Z,S20260427_114139,N/A,AUTO,5.1803,27.6672,0.0589,N/A,1,1700,MI-CHARGE,0.0,0.0,0.0,0.0,-0.698132,-0.0,2,0,1533.493,13.863,,,,,,,,,,,,
410,2026-04-27T10:42:07.076Z,S20260427_114139,N/A,AUTO,5.2478,27.7348,0.0675,N/A,1,1700,MI-CHARGE,0.0,0.0,0.0,0.0,-0.698132,-0.0,2,0,1527.258,8.213,,,,,,,,,,,,
411,2026-04-27T10:42:07.136Z,S20260427_114139,N/A,AUTO,5.3078,27.7948,0.0601,N/A,1,1700,MI-CHARGE,0.0,0.0,0.0,0.0,-0.698132,-0.0,2,0,1460.536,21.872,,,,,,,,,,,,
412,2026-04-27T10:42:07.200Z,S20260427_114139,N/A,AUTO,5.3715,27.8584,0.0636,N/A,1,1700,MI-CHARGE,0.0,0.0,0.0,0.0,-0.698132,-0.0,2,0,1406.921,19.802,,,,,,,,,,,,
413,2026-04-27T10:42:07.262Z,S20260427_114139,N/A,AUTO,5.4342,27.9212,0.0627,N/A,1,1700,MI-CHARGE,0.0,0.0,0.0,0.0,-0.698132,-0.0,2,0,1351.258,19.241,,,,,,,,,,,,
414,2026-04-27T10:42:07.325Z,S20260427_114139,N/A,AUTO,5.4969,27.9838,0.0625,N/A,1,1700,MI-CHARGE,0.0,0.0,0.0,0.0,-0.698132,-0.0,2,0,1314.597,19.671,,,,,,,,,,,,
415,2026-04-27T10:42:07.387Z,S20260427_114139,N/A,AUTO,5.559,28.0459,0.0624,N/A,1,1700,MI-CHARGE,0.0,0.0,0.0,0.0,-0.698132,-0.0,2,0,1299.665,20.009,,,,,,,,,,,,
416,2026-04-27T10:42:07.447Z,S20260427_114139,N/A,AUTO,5.6184,28.1053,0.0593,N/A,1,1700,MI-CHARGE,0.0,0.0,0.0,0.0,-0.698132,-0.0,2,0,1281.611,19.641,,,,,,,,,,,,
417,2026-04-27T10:42:07.509Z,S20260427_114139,N/A,AUTO,5.6806,28.1676,0.0623,N/A,1,1700,MI-CHARGE,0.0,0.0,0.0,0.0,-0.698132,-0.0,2,0,1241.638,19.192,,,,,,,,,,,,
418,2026-04-27T10:42:07.586Z,S20260427_114139,N/A,AUTO,5.7575,28.2445,0.0769,N/A,1,1700,MI-CHARGE,0.0,0.0,0.0,0.0,-0.698132,-0.0,2,0,1205.532,20.373,,,,,,,,,,,,
419,2026-04-27T10:42:07.647Z,S20260427_114139,N/A,AUTO,5.8183,28.3052,0.0607,N/A,1,1700,MI-CHARGE,0.0,0.0,0.0,0.0,-0.698132,-0.0,2,0,1190.715,19.05,,,,,,,,,,,,
420,2026-04-27T10:42:07.708Z,S20260427_114139,N/A,AUTO,5.88,28.3669,0.0618,N/A,1,1700,MI-CHARGE,0.0,0.0,0.0,0.0,-0.698132,-0.0,2,0,1151.239,19.61,,,,,,,,,,,,
421,2026-04-27T10:42:07.769Z,S20260427_114139,N/A,AUTO,5.9412,28.4281,0.0611,N/A,1,1700,MI-CHARGE,0.0,0.0,0.0,0.0,-0.698132,-0.0,2,0,1133.887,19.368,,,,,,,,,,,,
422,2026-04-27T10:42:07.825Z,S20260427_114139,N/A,AUTO,5.9963,28.4832,0.0552,N/A,1,1700,MI-CHARGE,0.0,0.0,0.0,0.0,-0.698132,-0.0,2,0,1114.48,18.638,,,,,,,,,,,,
423,2026-04-27T10:42:07.889Z,S20260427_114139,N/A,AUTO,6.0607,28.5477,0.0645,N/A,1,1700,MI-CHARGE,0.0,0.0,0.0,0.0,-0.698132,-0.0,2,0,1078.677,15.077,,,,,,,,,,,,
424,2026-04-27T10:42:07.949Z,S20260427_114139,N/A,AUTO,6.1204,28.6074,0.0597,N/A,1,1700,MI-CHARGE,0.0,0.0,0.0,0.0,-0.698132,-0.0,2,0,1039.522,20.207,,,,,,,,,,,,
425,2026-04-27T10:42:08.020Z,S20260427_114139,N/A,AUTO,6.1918,28.6787,0.0712,N/A,1,1700,MI-CHARGE,0.0,0.0,0.0,0.0,-0.698132,-0.0,2,0,1025.463,18.933,,,,,,,,,,,,
426,2026-04-27T10:42:08.082Z,S20260427_114139,N/A,AUTO,6.254,28.741,0.0625,N/A,1,1700,MI-CHARGE,0.0,0.0,0.0,0.0,-0.698132,-0.0,2,0,983.658,20.325,,,,,,,,,,,,
427,2026-04-27T10:42:08.143Z,S20260427_114139,N/A,AUTO,6.3151,28.8021,0.0611,N/A,1,1700,MI-CHARGE,0.0,0.0,0.0,0.0,-0.698132,-0.0,2,0,927.046,19.549,,,,,,,,,,,,
428,2026-04-27T10:42:08.204Z,S20260427_114139,N/A,AUTO,6.3758,28.8627,0.0606,N/A,1,1700,MI-CHARGE,0.0,0.0,0.0,0.0,-0.698132,-0.0,2,0,868.032,23.024,,,,,,,,,,,,
429,2026-04-27T10:42:08.266Z,S20260427_114139,N/A,AUTO,6.4375,28.9244,0.0616,N/A,1,1700,MI-CHARGE,0.0,0.0,0.0,0.0,-0.698132,-0.0,2,0,844.93,19.543,,,,,,,,,,,,
430,2026-04-27T10:42:08.327Z,S20260427_114139,N/A,AUTO,6.499,28.9859,0.0616,N/A,1,1700,MI-CHARGE,0.0,0.0,0.0,0.0,-0.698132,-0.0,2,0,805.278,19.327,,,,,,,,,,,,
431,2026-04-27T10:42:08.404Z,S20260427_114139,N/A,AUTO,6.5754,29.0623,0.0764,N/A,1,1700,MI-CHARGE,0.0,0.0,0.0,0.0,-0.698132,-0.0,2,0,770.398,18.823,,,,,,,,,,,,
432,2026-04-27T10:42:08.449Z,S20260427_114139,N/A,AUTO,6.6205,29.1074,0.0451,N/A,1,1700,MI-CHARGE,0.0,0.0,0.0,0.0,-0.698132,-0.0,2,0,753.608,18.79,,,,,,,,,,,,
433,2026-04-27T10:42:08.509Z,S20260427_114139,N/A,AUTO,6.6811,29.168,0.0606,N/A,1,1700,MI-CHARGE,0.0,0.0,0.0,0.0,-0.698132,-0.0,2,0,734.173,18.701,,,,,,,,,,,,
434,2026-04-27T10:42:08.572Z,S20260427_114139,N/A,AUTO,6.7437,29.2307,0.0627,N/A,1,1700,MI-CHARGE,0.0,0.0,0.0,0.0,-0.698132,-0.0,2,0,699.692,20.443,,,,,,,,,,,,
435,2026-04-27T10:42:08.638Z,S20260427_114139,N/A,AUTO,6.8095,29.2964,0.0656,N/A,1,1700,MI-CHARGE,0.0,0.0,0.0,0.0,-0.698132,-0.0,2,0,680.018,19.066,,,,,,,,,,,,
436,2026-04-27T10:42:08.700Z,S20260427_114139,N/A,AUTO,6.8716,29.3585,0.0622,N/A,1,1700,MI-CHARGE,0.0,0.0,0.0,0.0,-0.698132,-0.0,2,0,642.768,18.996,,,,,,,,,,,,
437,2026-04-27T10:42:08.763Z,S20260427_114139,N/A,AUTO,6.9345,29.4214,0.0628,N/A,1,1700,MI-CHARGE,0.0,0.0,0.0,0.0,-0.698132,-0.0,2,0,624.576,19.256,,,,,,,,,,,,
438,2026-04-27T10:42:08.825Z,S20260427_114139,N/A,AUTO,6.9968,29.4837,0.0624,N/A,1,1700,MI-CHARGE,0.0,0.0,0.0,0.0,-0.698132,-0.0,2,0,586.601,18.983,,,,,,,,,,,,
439,2026-04-27T10:42:08.888Z,S20260427_114139,N/A,AUTO,7.0598,29.5467,0.0629,N/A,1,1700,MI-CHARGE,0.0,0.0,0.0,0.0,-0.698132,-0.0,2,0,575.524,14.579,,,,,,,,,,,,
440,2026-04-27T10:42:08.949Z,S20260427_114139,N/A,AUTO,7.1203,29.6072,0.0606,N/A,1,1700,MI-CHARGE,0.0,0.0,0.0,0.0,-0.698132,-0.0,2,0,536.845,3.983,,,,,,,,,,,,
441,2026-04-27T10:42:09.009Z,S20260427_114139,N/A,AUTO,7.1809,29.6679,0.0606,N/A,1,1700,MI-CHARGE,0.0,0.0,0.0,0.0,-0.698132,-0.0,2,0,519.96,18.969,,,,,,,,,,,,
442,2026-04-27T10:42:09.075Z,S20260427_114139,N/A,AUTO,7.2469,29.7338,0.066,N/A,1,1700,MI-CHARGE,0.0,0.0,0.0,0.0,-0.698132,-0.0,2,0,481.201,19.684,,,,,,,,,,,,
443,2026-04-27T10:42:09.138Z,S20260427_114139,N/A,AUTO,7.3102,29.7971,0.0633,N/A,1,1700,MI-CHARGE,0.0,0.0,0.0,0.0,-0.698132,-0.0,2,0,427.534,18.669,,,,,,,,,,,,
444,2026-04-27T10:42:09.200Z,S20260427_114139,N/A,AUTO,7.3719,29.8589,0.0618,N/A,1,1700,MI-CHARGE,0.0,0.0,0.0,0.0,-0.698132,-0.0,2,0,366.645,22.844,,,,,,,,,,,,
445,2026-04-27T10:42:09.264Z,S20260427_114139,N/A,AUTO,7.4353,29.9223,0.0634,N/A,1,1700,MI-CHARGE,0.0,0.0,0.0,0.0,-0.698132,-0.0,2,0,340.72,20.084,,,,,,,,,,,,
446,2026-04-27T10:42:09.326Z,S20260427_114139,N/A,AUTO,7.4973,29.9843,0.062,N/A,1,1700,MI-CHARGE,0.0,0.0,0.0,0.0,-0.698132,-0.0,2,0,298.957,19.573,,,,,,,,,,,,
447,2026-04-27T10:42:09.407Z,S20260427_114139,N/A,AUTO,7.5791,30.066,0.0817,N/A,1,1700,MI-CHARGE,0.0,0.0,0.0,0.0,-0.698132,-0.0,2,0,271.593,19.135,,,,,,,,,,,,
448,2026-04-27T10:42:09.448Z,S20260427_114139,N/A,AUTO,7.62,30.107,0.0409,N/A,1,1700,MI-CHARGE,0.0,0.0,0.0,0.0,-0.698132,-0.0,2,0,250.786,19.023,,,,,,,,,,,,
449,2026-04-27T10:42:09.510Z,S20260427_114139,N/A,AUTO,7.6814,30.1683,0.0615,N/A,1,1700,MI-CHARGE,0.0,0.0,0.0,0.0,-0.698132,-0.0,2,0,234.204,18.402,,,,,,,,,,,,
450,2026-04-27T10:42:09.572Z,S20260427_114139,N/A,AUTO,7.7438,30.2308,0.0624,N/A,1,1700,MI-CHARGE,0.0,0.0,0.0,0.0,-0.698132,-0.0,2,0,198.748,19.241,,,,,,,,,,,,
451,2026-04-27T10:42:09.635Z,S20260427_114139,N/A,AUTO,7.8064,30.2934,0.0625,N/A,1,1700,MI-CHARGE,0.0,0.0,0.0,0.0,-0.698132,-0.0,2,0,161.27,21.056,,,,,,,,,,,,
452,2026-04-27T10:42:09.697Z,S20260427_114139,N/A,AUTO,7.8683,30.3552,0.0618,N/A,1,1700,MI-CHARGE,0.0,0.0,0.0,0.0,-0.698132,-0.0,2,0,165.172,19.35,,,,,,,,,,,,
453,2026-04-27T10:42:09.760Z,S20260427_114139,N/A,AUTO,7.9318,30.4187,0.0635,N/A,1,1700,MI-CHARGE,0.0,0.0,0.0,0.0,-0.698132,-0.0,1,0,113.175,18.989,,,,,,,,,,,,
454,2026-04-27T10:42:09.822Z,S20260427_114139,N/A,AUTO,7.9941,30.4811,0.0624,N/A,1,1700,MI-CHARGE,0.0,0.0,0.0,0.0,-0.698132,-0.0,1,0,113.522,18.379,,,,,,,,,,,,
455,2026-04-27T10:42:09.885Z,S20260427_114139,N/A,AUTO,8.0564,30.5433,0.0623,N/A,1,1700,MI-CHARGE,0.0,0.0,0.0,0.0,-0.698132,-0.0,1,0,55.706,20.373,,,,,,,,,,,,
456,2026-04-27T10:42:09.948Z,S20260427_114139,N/A,AUTO,8.1194,30.6063,0.063,N/A,1,1700,MI-CHARGE,0.0,0.0,0.0,0.0,-0.698132,-0.0,1,0,51.746,15.531,,,,,,,,,,,,
457,2026-04-27T10:42:10.009Z,S20260427_114139,N/A,AUTO,8.1806,30.6676,0.0612,N/A,1,1700,MI-CHARGE,0.0,0.0,0.0,0.0,-0.698132,-0.0,1,0,19.607,18.807,,,,,,,,,,,,
458,2026-04-27T10:42:10.086Z,S20260427_114139,N/A,AUTO,8.2573,30.7442,0.0766,N/A,1,1700,MI-CHARGE,0.0,0.0,0.0,0.0,-0.698132,-0.0,1,0,18.993,18.807,,,,,,,,,,,,
459,2026-04-27T10:42:10.146Z,S20260427_114139,N/A,AUTO,8.318,30.805,0.0608,N/A,1,1700,MI-CHARGE,0.0,0.0,0.0,0.0,-0.698132,-0.0,1,0,21.394,16.727,,,,,,,,,,,,
460,2026-04-27T10:42:10.209Z,S20260427_114139,N/A,AUTO,8.3802,30.8672,0.0622,N/A,1,1700,MI-CHARGE,0.0,0.0,0.0,0.0,-0.698132,-0.0,1,0,24.425,15.841,,,,,,,,,,,,
461,2026-04-27T10:42:10.269Z,S20260427_114139,N/A,AUTO,8.4406,30.9275,0.0604,N/A,1,1700,MI-CHARGE,0.0,0.0,0.0,0.0,-0.698132,-0.0,1,0,31.279,19.644,,,,,,,,,,,,
462,2026-04-27T10:42:10.330Z,S20260427_114139,N/A,AUTO,8.5012,30.9882,0.0606,N/A,1,1700,MI-CHARGE,0.0,0.0,0.0,0.0,-0.698132,-0.0,1,0,36.17,19.628,,,,,,,,,,,,
463,2026-04-27T10:42:10.397Z,S20260427_114139,N/A,AUTO,8.5684,31.0554,0.0673,N/A,1,1700,MI-CHARGE,0.0,0.0,0.0,0.0,-0.698132,-0.0,1,0,42.379,18.931,,,,,,,,,,,,
464,2026-04-27T10:42:10.448Z,S20260427_114139,N/A,AUTO,8.6201,31.107,0.0516,N/A,1,1700,MI-CHARGE,0.0,0.0,0.0,0.0,-0.698132,-0.0,1,0,34.812,28.341,,,,,,,,,,,,
465,2026-04-27T10:42:10.509Z,S20260427_114139,N/A,AUTO,8.6808,31.1678,0.0608,N/A,1,1700,MI-CHARGE,0.0,0.0,0.0,0.0,-0.698132,-0.0,1,0,26.226,18.815,,,,,,,,,,,,
466,2026-04-27T10:42:10.583Z,S20260427_114139,N/A,AUTO,8.7551,31.242,0.0742,N/A,1,1700,MI-CHARGE,0.0,0.0,0.0,0.0,-0.698132,-0.0,1,0,34.544,18.806,,,,,,,,,,,,
467,2026-04-27T10:42:10.647Z,S20260427_114139,N/A,AUTO,8.8182,31.3052,0.0632,N/A,1,1700,MI-CHARGE,0.0,0.0,0.0,0.0,-0.698132,-0.0,1,0,39.205,19.141,,,,,,,,,,,,
468,2026-04-27T10:42:10.709Z,S20260427_114139,N/A,AUTO,8.881,31.368,0.0627,N/A,1,1700,MI-CHARGE,0.0,0.0,0.0,0.0,-0.698132,-0.0,1,0,40.311,24.795,,,,,,,,,,,,
469,2026-04-27T10:42:10.769Z,S20260427_114139,N/A,AUTO,8.9406,31.4275,0.0596,N/A,1,1700,MI-CHARGE,0.0,0.0,0.0,0.0,-0.698132,-0.0,1,0,23.138,21.569,,,,,,,,,,,,
470,2026-04-27T10:42:10.829Z,S20260427_114139,N/A,AUTO,9.0008,31.4878,0.0602,N/A,1,1700,MI-CHARGE,0.0,0.0,0.0,0.0,-0.698132,-0.0,1,0,28.581,19.391,,,,,,,,,,,,
471,2026-04-27T10:42:10.889Z,S20260427_114139,N/A,AUTO,9.0607,31.5477,0.0599,N/A,1,1700,MI-CHARGE,0.0,0.0,0.0,0.0,-0.698132,-0.0,1,0,31.58,20.053,,,,,,,,,,,,
472,2026-04-27T10:42:10.949Z,S20260427_114139,N/A,AUTO,9.1209,31.6078,0.0601,N/A,1,1700,MI-CHARGE,0.0,0.0,0.0,0.0,-0.698132,-0.0,1,0,35.438,19.206,,,,,,,,,,,,
473,2026-04-27T10:42:11.009Z,S20260427_114139,N/A,AUTO,9.1806,31.6675,0.0598,N/A,1,1700,MI-CHARGE,0.0,0.0,0.0,0.0,-0.698132,-0.0,1,0,39.054,20.016,,,,,,,,,,,,
474,2026-04-27T10:42:11.080Z,S20260427_114139,N/A,AUTO,9.2517,31.7387,0.0712,N/A,1,1700,MI-CHARGE,0.0,0.0,0.0,0.0,-0.698132,-0.0,1,0,20.11,19.664,,,,,,,,,,,,
475,2026-04-27T10:42:11.142Z,S20260427_114139,N/A,AUTO,9.3138,31.8007,0.0621,N/A,1,1700,MI-CHARGE,0.0,0.0,0.0,0.0,-0.698132,-0.0,1,0,20.93,20.196,,,,,,,,,,,,
476,2026-04-27T10:42:11.206Z,S20260427_114139,N/A,AUTO,9.3775,31.8644,0.0637,N/A,1,1700,MI-CHARGE,0.0,0.0,0.0,0.0,-0.698132,-0.0,1,0,25.764,19.457,,,,,,,,,,,,
477,2026-04-27T10:42:11.268Z,S20260427_114139,N/A,AUTO,9.4398,31.9268,0.0623,N/A,1,1700,MI-CHARGE,0.0,0.0,0.0,0.0,-0.698132,-0.0,1,0,26.843,17.182,,,,,,,,,,,,
478,2026-04-27T10:42:11.330Z,S20260427_114139,N/A,AUTO,9.5016,31.9885,0.0617,N/A,1,1700,MI-CHARGE,0.0,0.0,0.0,0.0,-0.698132,-0.0,1,0,32.888,20.235,,,,,,,,,,,,
479,2026-04-27T10:42:11.389Z,S20260427_114139,N/A,AUTO,9.5609,32.0479,0.0595,N/A,1,1700,MI-CHARGE,0.0,0.0,0.0,0.0,-0.698132,-0.0,1,0,35.407,16.6,,,,,,,,,,,,
480,2026-04-27T10:42:11.449Z,S20260427_114139,N/A,AUTO,9.6204,32.1074,0.0595,N/A,1,1700,MI-CHARGE,0.0,0.0,0.0,0.0,-0.698132,-0.0,1,0,36.888,19.418,,,,,,,,,,,,
481,2026-04-27T10:42:11.515Z,S20260427_114139,N/A,AUTO,9.6864,32.1733,0.0659,N/A,1,1700,MI-CHARGE,0.0,0.0,0.0,0.0,-0.698132,-0.0,1,0,22.32,19.21,,,,,,,,,,,,
482,2026-04-27T10:42:11.576Z,S20260427_114139,N/A,AUTO,9.7479,32.2348,0.0615,N/A,1,1700,MI-CHARGE,0.0,0.0,0.0,0.0,-0.698132,-0.0,1,0,25.418,20.276,,,,,,,,,,,,
483,2026-04-27T10:42:11.638Z,S20260427_114139,N/A,AUTO,9.8096,32.2965,0.0616,N/A,1,1700,MI-CHARGE,0.0,0.0,0.0,0.0,-0.698132,-0.0,1,0,30.321,18.905,,,,,,,,,,,,
484,2026-04-27T10:42:11.700Z,S20260427_114139,N/A,AUTO,9.8714,32.3584,0.062,N/A,1,1700,MI-CHARGE,0.0,0.0,0.0,0.0,-0.698132,-0.0,1,0,38.061,19.081,,,,,,,,,,,,
485,2026-04-27T10:42:11.760Z,S20260427_114139,N/A,AUTO,9.9318,32.4187,0.0603,N/A,1,1700,MI-CHARGE,0.0,0.0,0.0,0.0,-0.698132,-0.0,1,0,46.802,19.006,,,,,,,,,,,,
486,2026-04-27T10:42:11.825Z,S20260427_114139,N/A,AUTO,9.997,32.484,0.0652,N/A,1,1700,MI-CHARGE,0.0,0.0,0.0,0.0,-0.698132,-0.0,1,0,34.542,18.724,,,,,,,,,,,,
487,2026-04-27T10:42:11.889Z,S20260427_114139,N/A,AUTO,10.0605,32.5474,0.0634,N/A,1,1700,MI-CHARGE,0.0,0.0,0.0,0.0,-0.698132,-0.0,1,0,34.56,21.872,,,,,,,,,,,,
488,2026-04-27T10:42:11.950Z,S20260427_114139,N/A,AUTO,10.1216,32.6086,0.0612,N/A,1,1700,MI-CHARGE,0.0,0.0,0.0,0.0,-0.698132,-0.0,1,0,41.654,19.837,,,,,,,,,,,,
489,2026-04-27T10:42:12.014Z,S20260427_114139,N/A,AUTO,10.1852,32.6722,0.0636,N/A,1,1700,MI-CHARGE,0.0,0.0,0.0,0.0,-0.698132,-0.0,1,0,27.564,18.686,,,,,,,,,,,,
490,2026-04-27T10:42:12.076Z,S20260427_114139,N/A,AUTO,10.2475,32.7344,0.0621,N/A,1,1700,MI-CHARGE,0.0,0.0,0.0,0.0,-0.698132,-0.0,1,0,24.567,18.461,,,,,,,,,,,,
491,2026-04-27T10:42:12.137Z,S20260427_114139,N/A,AUTO,10.3091,32.7961,0.0618,N/A,1,1700,MI-CHARGE,0.0,0.0,0.0,0.0,-0.698132,-0.0,1,0,48.088,0.731,,,,,,,,,,,,
492,2026-04-27T10:42:12.200Z,S20260427_114139,N/A,AUTO,10.372,32.8589,0.0628,N/A,1,1700,MI-CHARGE,0.0,0.0,0.0,0.0,-0.698132,-0.0,1,0,30.746,7.958,,,,,,,,,,,,
493,2026-04-27T10:42:12.264Z,S20260427_114139,N/A,AUTO,10.4357,32.9226,0.0637,N/A,1,1700,MI-CHARGE,0.0,0.0,0.0,0.0,-0.698132,-0.0,1,0,23.479,18.921,,,,,,,,,,,,
494,2026-04-27T10:42:12.327Z,S20260427_114139,N/A,AUTO,10.4986,32.9856,0.0628,N/A,1,1700,MI-CHARGE,0.0,0.0,0.0,0.0,-0.698132,-0.0,1,0,38.471,23.185,,,,,,,,,,,,
495,2026-04-27T10:42:12.399Z,S20260427_114139,N/A,AUTO,10.571,33.058,0.0726,N/A,1,1700,MI-CHARGE,0.0,0.0,0.0,0.0,-0.698132,-0.0,1,0,24.924,19.337,,,,,,,,,,,,
496,2026-04-27T10:42:12.450Z,S20260427_114139,N/A,AUTO,10.6212,33.1081,0.0502,N/A,1,1700,MI-CHARGE,0.0,0.0,0.0,0.0,-0.698132,-0.0,1,0,33.345,18.786,,,,,,,,,,,,
497,2026-04-27T10:42:12.509Z,S20260427_114139,N/A,AUTO,10.681,33.1679,0.0597,N/A,1,1700,MI-CHARGE,0.0,0.0,0.0,0.0,-0.698132,-0.0,1,0,29.472,19.549,,,,,,,,,,,,
498,2026-04-27T10:42:12.577Z,S20260427_114139,N/A,AUTO,10.7486,33.2356,0.0677,N/A,1,1700,MI-CHARGE,0.0,0.0,0.0,0.0,-0.698132,-0.0,1,0,34.317,18.812,,,,,,,,,,,,
499,2026-04-27T10:42:12.640Z,S20260427_114139,N/A,AUTO,10.812,33.299,0.0633,N/A,1,1700,MI-CHARGE,0.0,0.0,0.0,0.0,-0.698132,-0.0,1,0,40.085,19.523,,,,,,,,,,,,
500,2026-04-27T10:42:12.702Z,S20260427_114139,N/A,AUTO,10.8734,33.3603,0.0614,N/A,1,1700,MI-CHARGE,0.0,0.0,0.0,0.0,-0.698132,-0.0,1,0,24.698,19.098,,,,,,,,,,,,
501,2026-04-27T10:42:12.764Z,S20260427_114139,N/A,AUTO,10.9359,33.4228,0.0626,N/A,1,1700,MI-CHARGE,0.0,0.0,0.0,0.0,-0.698132,-0.0,1,0,31.413,18.846,,,,,,,,,,,,
502,2026-04-27T10:42:12.825Z,S20260427_114139,N/A,AUTO,10.9965,33.4835,0.0606,N/A,1,1700,MI-CHARGE,0.0,0.0,0.0,0.0,-0.698132,-0.0,1,0,31.484,19.32,,,,,,,,,,,,
503,2026-04-27T10:42:12.887Z,S20260427_114139,N/A,AUTO,11.0592,33.5461,0.0627,N/A,1,1700,MI-CHARGE,0.0,0.0,0.0,0.0,-0.698132,-0.0,1,0,37.168,22.423,,,,,,,,,,,,
504,2026-04-27T10:42:12.949Z,S20260427_114139,N/A,AUTO,11.1209,33.6078,0.0616,N/A,1,1700,MI-CHARGE,0.0,0.0,0.0,0.0,-0.698132,-0.0,1,0,23.381,19.788,,,,,,,,,,,,
505,2026-04-27T10:42:13.009Z,S20260427_114139,N/A,AUTO,11.1812,33.6681,0.0603,N/A,1,1700,MI-CHARGE,0.0,0.0,0.0,0.0,-0.698132,-0.0,1,0,31.457,17.017,,,,,,,,,,,,
506,2026-04-27T10:42:13.072Z,S20260427_114139,N/A,AUTO,11.2442,33.7311,0.0631,N/A,1,1700,MI-CHARGE,0.0,0.0,0.0,0.0,-0.698132,-0.0,1,0,32.479,19.186,,,,,,,,,,,,
507,2026-04-27T10:42:13.136Z,S20260427_114139,N/A,AUTO,11.3073,33.7943,0.0631,N/A,1,1700,MI-CHARGE,0.0,0.0,0.0,0.0,-0.698132,-0.0,1,0,20.629,19.328,,,,,,,,,,,,
508,2026-04-27T10:42:13.200Z,S20260427_114139,N/A,AUTO,11.3716,33.8585,0.0643,N/A,1,1700,MI-CHARGE,0.0,0.0,0.0,0.0,-0.698132,-0.0,1,0,23.462,19.01,,,,,,,,,,,,
509,2026-04-27T10:42:13.263Z,S20260427_114139,N/A,AUTO,11.4345,33.9215,0.0629,N/A,1,1700,MI-CHARGE,0.0,0.0,0.0,0.0,-0.698132,-0.0,1,0,29.568,19.145,,,,,,,,,,,,
510,2026-04-27T10:42:13.325Z,S20260427_114139,N/A,AUTO,11.4968,33.9838,0.0623,N/A,1,1700,MI-CHARGE,0.0,0.0,0.0,0.0,-0.698132,-0.0,1,0,30.608,17.415,,,,,,,,,,,,
511,2026-04-27T10:42:13.388Z,S20260427_114139,N/A,AUTO,11.5595,34.0465,0.0627,N/A,1,1700,MI-CHARGE,0.0,0.0,0.0,0.0,-0.698132,-0.0,1,0,32.173,23.155,,,,,,,,,,,,
512,2026-04-27T10:42:13.448Z,S20260427_114139,N/A,AUTO,11.6193,34.1062,0.0597,N/A,1,1700,MI-CHARGE,0.0,0.0,0.0,0.0,-0.698132,-0.0,1,0,42.02,18.991,,,,,,,,,,,,
513,2026-04-27T10:42:13.510Z,S20260427_114139,N/A,AUTO,11.6815,34.1684,0.0621,N/A,1,1700,MI-CHARGE,0.0,0.0,0.0,0.0,-0.698132,-0.0,1,0,23.612,18.853,,,,,,,,,,,,
514,2026-04-27T10:42:13.572Z,S20260427_114139,N/A,AUTO,11.7439,34.2308,0.0625,N/A,1,1700,MI-CHARGE,0.0,0.0,0.0,0.0,-0.698132,-0.0,1,0,27.606,19.129,,,,,,,,,,,,
515,2026-04-27T10:42:13.635Z,S20260427_114139,N/A,AUTO,11.8062,34.2932,0.0623,N/A,1,1700,MI-CHARGE,0.0,0.0,0.0,0.0,-0.698132,-0.0,1,0,32.804,19.203,,,,,,,,,,,,
516,2026-04-27T10:42:13.697Z,S20260427_114139,N/A,AUTO,11.8691,34.3561,0.0628,N/A,1,1700,MI-CHARGE,0.0,0.0,0.0,0.0,-0.698132,-0.0,1,0,35.381,18.655,,,,,,,,,,,,
517,2026-04-27T10:42:13.768Z,S20260427_114139,N/A,AUTO,11.9401,34.427,0.0709,N/A,1,1700,MI-CHARGE,0.0,0.0,0.0,0.0,-0.698132,-0.0,1,0,40.573,19.299,,,,,,,,,,,,
518,2026-04-27T10:42:13.829Z,S20260427_114139,N/A,AUTO,12.0006,34.4876,0.0606,N/A,1,1700,MI-CHARGE,0.0,0.0,0.0,0.0,-0.698132,-0.0,1,0,26.229,19.469,,,,,,,,,,,,
519,2026-04-27T10:42:13.889Z,S20260427_114139,N/A,AUTO,12.0603,34.5472,0.0597,N/A,1,1700,MI-CHARGE,0.0,0.0,0.0,0.0,-0.698132,-0.0,1,0,33.415,19.036,,,,,,,,,,,,
520,2026-04-27T10:42:13.949Z,S20260427_114139,N/A,AUTO,12.1211,34.608,0.0608,N/A,1,1700,MI-CHARGE,0.0,0.0,0.0,0.0,-0.698132,-0.0,1,0,34.559,18.818,,,,,,,,,,,,
521,2026-04-27T10:42:14.009Z,S20260427_114139,N/A,AUTO,12.1804,34.6674,0.0593,N/A,1,1700,MI-CHARGE,0.0,0.0,0.0,0.0,-0.698132,-0.0,1,0,58.456,22.565,,,,,,,,,,,,
522,2026-04-27T10:42:14.081Z,S20260427_114139,N/A,AUTO,12.2522,34.7391,0.0718,N/A,1,1700,MI-CHARGE,0.0,0.0,0.0,0.0,-0.698132,-0.0,1,0,22.146,19.147,,,,,,,,,,,,
523,2026-04-27T10:42:14.145Z,S20260427_114139,N/A,AUTO,12.3168,34.8037,0.0646,N/A,1,1700,MI-CHARGE,0.0,0.0,0.0,0.0,-0.698132,-0.0,1,0,35.697,7.971,,,,,,,,,,,,
524,2026-04-27T10:42:14.208Z,S20260427_114139,N/A,AUTO,12.3801,34.8671,0.0633,N/A,1,1700,MI-CHARGE,0.0,0.0,0.0,0.0,-0.698132,-0.0,1,0,18.623,20.182,,,,,,,,,,,,
525,2026-04-27T10:42:14.269Z,S20260427_114139,N/A,AUTO,12.441,34.928,0.0609,N/A,1,1700,MI-CHARGE,0.0,0.0,0.0,0.0,-0.698132,-0.0,1,0,30.459,20.149,,,,,,,,,,,,
526,2026-04-27T10:42:14.328Z,S20260427_114139,N/A,AUTO,12.5001,34.9871,0.0591,N/A,1,1700,MI-CHARGE,0.0,0.0,0.0,0.0,-0.698132,-0.0,1,0,35.362,19.094,,,,,,,,,,,,
527,2026-04-27T10:42:14.389Z,S20260427_114139,N/A,AUTO,12.561,35.0479,0.0609,N/A,1,1700,MI-CHARGE,0.0,0.0,0.0,0.0,-0.698132,-0.0,1,0,39.336,18.974,,,,,,,,,,,,
528,2026-04-27T10:42:14.449Z,S20260427_114139,N/A,AUTO,12.6209,35.1078,0.0599,N/A,1,1700,MI-CHARGE,0.0,0.0,0.0,0.0,-0.698132,-0.0,1,0,44.978,19.839,,,,,,,,,,,,
529,2026-04-27T10:42:14.516Z,S20260427_114139,N/A,AUTO,12.6879,35.1749,0.067,N/A,1,1700,MI-CHARGE,0.0,0.0,0.0,0.0,-0.698132,-0.0,1,0,23.712,20.11,,,,,,,,,,,,
530,2026-04-27T10:42:14.577Z,S20260427_114139,N/A,AUTO,12.7484,35.2353,0.0604,N/A,1,1700,MI-CHARGE,0.0,0.0,0.0,0.0,-0.698132,-0.0,1,0,27.238,19.969,,,,,,,,,,,,
531,2026-04-27T10:42:14.639Z,S20260427_114139,N/A,AUTO,12.8102,35.2972,0.0619,N/A,1,1700,MI-CHARGE,0.0,0.0,0.0,0.0,-0.698132,-0.0,1,0,30.962,19.024,,,,,,,,,,,,
532,2026-04-27T10:42:14.700Z,S20260427_114139,N/A,AUTO,12.8722,35.3592,0.0618,N/A,1,1700,MI-CHARGE,0.0,0.0,0.0,0.0,-0.698132,-0.0,1,0,33.404,19.361,,,,,,,,,,,,
533,2026-04-27T10:42:14.763Z,S20260427_114139,N/A,AUTO,12.9347,35.4217,0.0627,N/A,1,1700,MI-CHARGE,0.0,0.0,0.0,0.0,-0.698132,-0.0,1,0,39.278,18.746,,,,,,,,,,,,
534,2026-04-27T10:42:14.824Z,S20260427_114139,N/A,AUTO,12.996,35.483,0.0612,N/A,1,1700,MI-CHARGE,0.0,0.0,0.0,0.0,-0.698132,-0.0,1,0,42.637,19.332,,,,,,,,,,,,
535,2026-04-27T10:42:14.885Z,S20260427_114139,N/A,AUTO,13.0567,35.5436,0.0607,N/A,1,1700,MI-CHARGE,0.0,0.0,0.0,0.0,-0.698132,-0.0,1,0,32.372,16.994,,,,,,,,,,,,
536,2026-04-27T10:42:14.950Z,S20260427_114139,N/A,AUTO,13.1212,35.6081,0.0646,N/A,1,1700,MI-CHARGE,0.0,0.0,0.0,0.0,-0.698132,-0.0,1,0,30.3,21.608,,,,,,,,,,,,
537,2026-04-27T10:42:15.023Z,S20260427_114139,N/A,AUTO,13.1951,35.682,0.0739,N/A,1,1700,MI-CHARGE,0.0,0.0,0.0,0.0,-0.698132,-0.0,1,0,37.957,18.913,,,,,,,,,,,,
538,2026-04-27T10:42:15.072Z,S20260427_114139,N/A,AUTO,13.2433,35.7303,0.0482,N/A,1,1700,MI-CHARGE,0.0,0.0,0.0,0.0,-0.698132,-0.0,1,0,41.835,19.12,,,,,,,,,,,,
539,2026-04-27T10:42:15.148Z,S20260427_114139,N/A,AUTO,13.3195,35.8064,0.0761,N/A,1,1700,MI-CHARGE,0.0,0.0,0.0,0.0,-0.698132,-0.0,1,0,15.138,19.78,,,,,,,,,,,,
540,2026-04-27T10:42:15.209Z,S20260427_114139,N/A,AUTO,13.3803,35.8672,0.0609,N/A,1,1700,MI-CHARGE,0.0,0.0,0.0,0.0,-0.698132,-0.0,1,0,19.93,19.785,,,,,,,,,,,,
541,2026-04-27T10:42:15.269Z,S20260427_114139,N/A,AUTO,13.441,35.9279,0.0607,N/A,1,1700,MI-CHARGE,0.0,0.0,0.0,0.0,-0.698132,-0.0,1,0,14.178,19.888,,,,,,,,,,,,
542,2026-04-27T10:42:15.329Z,S20260427_114139,N/A,AUTO,13.5012,35.9881,0.0599,N/A,1,1700,MI-CHARGE,0.0,0.0,0.0,0.0,-0.698132,-0.0,1,0,37.65,19.366,,,,,,,,,,,,
543,2026-04-27T10:42:15.394Z,S20260427_114139,N/A,AUTO,13.5656,36.0525,0.0647,N/A,1,1700,MI-CHARGE,0.0,0.0,0.0,0.0,-0.698132,-0.0,1,0,43.03,19.108,,,,,,,,,,,,
544,2026-04-27T10:42:15.449Z,S20260427_114139,N/A,AUTO,13.6204,36.1073,0.0548,N/A,1,1700,MI-CHARGE,0.0,0.0,0.0,0.0,-0.698132,-0.0,1,0,21.816,19.477,,,,,,,,,,,,
545,2026-04-27T10:42:15.510Z,S20260427_114139,N/A,AUTO,13.6813,36.1683,0.061,N/A,1,1700,MI-CHARGE,0.0,0.0,0.0,0.0,-0.698132,-0.0,1,0,26.522,20.678,,,,,,,,,,,,
546,2026-04-27T10:42:15.583Z,S20260427_114139,N/A,AUTO,13.7542,36.2412,0.0728,N/A,1,1700,MI-CHARGE,0.0,0.0,0.0,0.0,-0.698132,-0.0,1,0,30.992,19.057,,,,,,,,,,,,
547,2026-04-27T10:42:15.645Z,S20260427_114139,N/A,AUTO,13.8164,36.3033,0.0621,N/A,1,1700,MI-CHARGE,0.0,0.0,0.0,0.0,-0.698132,-0.0,1,0,34.981,20.391,,,,,,,,,,,,
548,2026-04-27T10:42:15.705Z,S20260427_114139,N/A,AUTO,13.8772,36.3641,0.0609,N/A,1,1700,MI-CHARGE,0.0,0.0,0.0,0.0,-0.698132,-0.0,1,0,36.537,16.123,,,,,,,,,,,,
549,2026-04-27T10:42:15.767Z,S20260427_114139,N/A,AUTO,13.9384,36.4253,0.0612,N/A,1,1700,MI-CHARGE,0.0,0.0,0.0,0.0,-0.698132,-0.0,1,0,40.642,21.705,,,,,,,,,,,,
550,2026-04-27T10:42:15.830Z,S20260427_114139,N/A,AUTO,14.0015,36.4884,0.063,N/A,1,1700,MI-CHARGE,0.0,0.0,0.0,0.0,-0.698132,-0.0,1,0,21.184,23.291,,,,,,,,,,,,
551,2026-04-27T10:42:15.889Z,S20260427_114139,N/A,AUTO,14.0602,36.5472,0.0588,N/A,1,1700,MI-CHARGE,0.0,0.0,0.0,0.0,-0.698132,-0.0,1,0,29.823,18.941,,,,,,,,,,,,
552,2026-04-27T10:42:15.950Z,S20260427_114139,N/A,AUTO,14.1216,36.6085,0.0614,N/A,1,1700,MI-CHARGE,0.0,0.0,0.0,0.0,-0.698132,-0.0,1,0,29.436,19.27,,,,,,,,,,,,
553,2026-04-27T10:42:16.009Z,S20260427_114139,N/A,AUTO,14.1804,36.6674,0.0588,N/A,1,1700,MI-CHARGE,0.0,0.0,0.0,0.0,-0.698132,-0.0,1,0,39.775,19.254,,,,,,,,,,,,
554,2026-04-27T10:42:16.080Z,S20260427_114139,N/A,AUTO,14.2518,36.7387,0.0714,N/A,1,1700,MI-CHARGE,0.0,0.0,0.0,0.0,-0.698132,-0.0,1,0,11.037,19.904,,,,,,,,,,,,
555,2026-04-27T10:42:16.143Z,S20260427_114139,N/A,AUTO,14.3147,36.8016,0.0629,N/A,1,1700,MI-CHARGE,0.0,0.0,0.0,0.0,-0.698132,-0.0,1,0,33.386,0.906,,,,,,,,,,,,
556,2026-04-27T10:42:16.205Z,S20260427_114139,N/A,AUTO,14.3763,36.8633,0.0616,N/A,1,1700,MI-CHARGE,0.0,0.0,0.0,0.0,-0.698132,-0.0,1,0,28.654,19.622,,,,,,,,,,,,
557,2026-04-27T10:42:16.268Z,S20260427_114139,N/A,AUTO,14.44,36.9269,0.0636,N/A,1,1700,MI-CHARGE,0.0,0.0,0.0,0.0,-0.698132,-0.0,1,0,30.599,21.735,,,,,,,,,,,,
558,2026-04-27T10:42:16.329Z,S20260427_114139,N/A,AUTO,14.5006,36.9875,0.0606,N/A,1,1700,MI-CHARGE,0.0,0.0,0.0,0.0,-0.698132,-0.0,1,0,38.48,17.634,,,,,,,,,,,,
559,2026-04-27T10:42:16.389Z,S20260427_114139,N/A,AUTO,14.5609,37.0478,0.0604,N/A,1,1700,MI-CHARGE,0.0,0.0,0.0,0.0,-0.698132,-0.0,1,0,43.08,19.074,,,,,,,,,,,,
560,2026-04-27T10:42:16.450Z,S20260427_114139,N/A,AUTO,14.6214,37.1083,0.0605,N/A,1,1700,MI-CHARGE,0.0,0.0,0.0,0.0,-0.698132,-0.0,1,0,25.122,18.79,,,,,,,,,,,,
561,2026-04-27T10:42:16.516Z,S20260427_114139,N/A,AUTO,14.688,37.175,0.0667,N/A,1,1700,MI-CHARGE,0.0,0.0,0.0,0.0,-0.698132,-0.0,1,0,29.4,18.859,,,,,,,,,,,,
562,2026-04-27T10:42:16.579Z,S20260427_114139,N/A,AUTO,14.7511,37.238,0.0628,N/A,1,1700,MI-CHARGE,0.0,0.0,0.0,0.0,-0.698132,-0.0,1,0,32.664,18.959,,,,,,,,,,,,
563,2026-04-27T10:42:16.640Z,S20260427_114139,N/A,AUTO,14.8118,37.2987,0.0608,N/A,1,1700,MI-CHARGE,0.0,0.0,0.0,0.0,-0.698132,-0.0,1,0,42.924,19.408,,,,,,,,,,,,
564,2026-04-27T10:42:16.703Z,S20260427_114139,N/A,AUTO,14.8748,37.3617,0.063,N/A,1,1700,MI-CHARGE,0.0,0.0,0.0,0.0,-0.698132,-0.0,1,0,27.791,19.418,,,,,,,,,,,,
565,2026-04-27T10:42:16.765Z,S20260427_114139,N/A,AUTO,14.9366,37.4236,0.0619,N/A,1,1700,MI-CHARGE,0.0,0.0,0.0,0.0,-0.698132,-0.0,1,0,31.271,17.015,,,,,,,,,,,,
566,2026-04-27T10:42:16.827Z,S20260427_114139,N/A,AUTO,14.9986,37.4856,0.062,N/A,1,1700,MI-CHARGE,0.0,0.0,0.0,0.0,-0.698132,-0.0,1,0,33.077,21.184,,,,,,,,,,,,
567,2026-04-27T10:42:16.888Z,S20260427_114139,N/A,AUTO,15.0601,37.547,0.0614,N/A,1,1700,MI-CHARGE,0.0,0.0,0.0,0.0,-0.698132,-0.0,1,0,58.832,1.014,,,,,,,,,,,,
568,2026-04-27T10:42:16.948Z,S20260427_114139,N/A,AUTO,15.1197,37.6066,0.0597,N/A,1,1700,MI-CHARGE,0.0,0.0,0.0,0.0,-0.698132,-0.0,1,0,42.362,20.969,,,,,,,,,,,,
569,2026-04-27T10:42:17.009Z,S20260427_114139,N/A,AUTO,15.1806,37.6676,0.0607,N/A,1,1700,MI-CHARGE,0.0,0.0,0.0,0.0,-0.698132,-0.0,1,0,27.391,20.408,,,,,,,,,,,,
570,2026-04-27T10:42:17.075Z,S20260427_114139,N/A,AUTO,15.2466,37.7335,0.0661,N/A,1,1700,MI-CHARGE,0.0,0.0,0.0,0.0,-0.698132,-0.0,1,0,28.906,19.664,,,,,,,,,,,,
571,2026-04-27T10:42:17.140Z,S20260427_114139,N/A,AUTO,15.3113,37.7983,0.0648,N/A,1,1700,MI-CHARGE,0.0,0.0,0.0,0.0,-0.698132,-0.0,1,0,13.287,19.62,,,,,,,,,,,,
572,2026-04-27T10:42:17.198Z,S20260427_114139,N/A,AUTO,15.3698,37.8567,0.0584,N/A,1,1700,MI-CHARGE,0.0,0.0,0.0,0.0,-0.698132,-0.0,1,0,15.93,19.035,,,,,,,,,,,,
573,2026-04-27T10:42:17.260Z,S20260427_114139,N/A,AUTO,15.4314,37.9183,0.0616,N/A,1,1700,MI-CHARGE,0.0,0.0,0.0,0.0,-0.698132,-0.0,1,0,18.139,19.813,,,,,,,,,,,,
574,2026-04-27T10:42:17.325Z,S20260427_114139,N/A,AUTO,15.4964,37.9834,0.065,N/A,1,1700,MI-CHARGE,0.0,0.0,0.0,0.0,-0.698132,-0.0,1,0,41.488,19.22,,,,,,,,,,,,
575,2026-04-27T10:42:17.388Z,S20260427_114139,N/A,AUTO,15.5596,38.0465,0.0633,N/A,1,1700,MI-CHARGE,0.0,0.0,0.0,0.0,-0.698132,-0.0,1,0,32.943,14.81,,,,,,,,,,,,
576,2026-04-27T10:42:17.449Z,S20260427_114139,N/A,AUTO,15.6211,38.1081,0.0615,N/A,1,1700,MI-CHARGE,0.0,0.0,0.0,0.0,-0.698132,-0.0,1,0,26.299,30.888,,,,,,,,,,,,
577,2026-04-27T10:42:17.509Z,S20260427_114139,N/A,AUTO,15.6807,38.1676,0.0595,N/A,1,1700,MI-CHARGE,0.0,0.0,0.0,0.0,-0.698132,-0.0,1,0,43.171,19.093,,,,,,,,,,,,
578,2026-04-27T10:42:17.572Z,S20260427_114139,N/A,AUTO,15.7435,38.2304,0.0628,N/A,1,1700,MI-CHARGE,0.0,0.0,0.0,0.0,-0.698132,-0.0,1,0,26.533,18.532,,,,,,,,,,,,
579,2026-04-27T10:42:17.636Z,S20260427_114139,N/A,AUTO,15.8082,38.2951,0.0646,N/A,1,1700,MI-CHARGE,0.0,0.0,0.0,0.0,-0.698132,-0.0,1,0,28.587,20.272,,,,,,,,,,,,
580,2026-04-27T10:42:17.700Z,S20260427_114139,N/A,AUTO,15.8719,38.3588,0.0638,N/A,1,1700,MI-CHARGE,0.0,0.0,0.0,0.0,-0.698132,-0.0,1,0,38.56,19.785,,,,,,,,,,,,
581,2026-04-27T10:42:17.764Z,S20260427_114139,N/A,AUTO,15.9353,38.4222,0.0634,N/A,1,1700,MI-CHARGE,0.0,0.0,0.0,0.0,-0.698132,-0.0,1,0,39.472,19.541,,,,,,,,,,,,
582,2026-04-27T10:42:17.825Z,S20260427_114139,N/A,AUTO,15.9969,38.4838,0.0616,N/A,1,1700,MI-CHARGE,0.0,0.0,0.0,0.0,-0.698132,-0.0,1,0,26.972,18.657,,,,,,,,,,,,
583,2026-04-27T10:42:17.884Z,S20260427_114139,N/A,AUTO,16.0555,38.5424,0.0586,N/A,1,1700,MI-CHARGE,0.0,0.0,0.0,0.0,-0.698132,-0.0,1,0,25.867,21.678,,,,,,,,,,,,
584,2026-04-27T10:42:17.947Z,S20260427_114139,N/A,AUTO,16.1192,38.6061,0.0636,N/A,1,1700,MI-CHARGE,0.0,0.0,0.0,0.0,-0.698132,-0.0,1,0,35.375,16.208,,,,,,,,,,,,
585,2026-04-27T10:42:18.009Z,S20260427_114139,N/A,AUTO,16.1803,38.6673,0.0612,N/A,1,1700,MI-CHARGE,0.0,0.0,0.0,0.0,-0.698132,-0.0,1,0,42.164,20.188,,,,,,,,,,,,
586,2026-04-27T10:42:18.073Z,S20260427_114139,N/A,AUTO,16.2442,38.7311,0.0639,N/A,1,1700,MI-CHARGE,0.0,0.0,0.0,0.0,-0.698132,-0.0,1,0,23.782,19.044,,,,,,,,,,,,
587,2026-04-27T10:42:18.134Z,S20260427_114139,N/A,AUTO,16.3053,38.7923,0.0611,N/A,1,1700,MI-CHARGE,0.0,0.0,0.0,0.0,-0.698132,-0.0,1,0,17.855,19.382,,,,,,,,,,,,
588,2026-04-27T10:42:18.208Z,S20260427_114139,N/A,AUTO,16.38,38.8669,0.0747,N/A,1,1700,MI-CHARGE,0.0,0.0,0.0,0.0,-0.698132,-0.0,1,0,13.504,19.246,,,,,,,,,,,,
589,2026-04-27T10:42:18.269Z,S20260427_114139,N/A,AUTO,16.4407,38.9276,0.0607,N/A,1,1700,MI-CHARGE,0.0,0.0,0.0,0.0,-0.698132,-0.0,1,0,26.687,19.145,,,,,,,,,,,,
590,2026-04-27T10:42:18.329Z,S20260427_114139,N/A,AUTO,16.5008,38.9877,0.0601,N/A,1,1700,MI-CHARGE,0.0,0.0,0.0,0.0,-0.698132,-0.0,1,0,30.194,19.945,,,,,,,,,,,,
591,2026-04-27T10:42:18.391Z,S20260427_114139,N/A,AUTO,16.5628,39.0497,0.062,N/A,1,1700,MI-CHARGE,0.0,0.0,0.0,0.0,-0.698132,-0.0,1,0,33.244,19.796,,,,,,,,,,,,
592,2026-04-27T10:42:18.448Z,S20260427_114139,N/A,AUTO,16.6198,39.1068,0.0571,N/A,1,1700,MI-CHARGE,0.0,0.0,0.0,0.0,-0.698132,-0.0,1,0,59.576,1.054,,,,,,,,,,,,
593,2026-04-27T10:42:18.508Z,S20260427_114139,N/A,AUTO,16.6801,39.167,0.0603,N/A,1,1700,MI-CHARGE,0.0,0.0,0.0,0.0,-0.698132,-0.0,1,0,25.655,19.7,,,,,,,,,,,,
594,2026-04-27T10:42:18.572Z,S20260427_114139,N/A,AUTO,16.7441,39.2311,0.064,N/A,1,1700,MI-CHARGE,0.0,0.0,0.0,0.0,-0.698132,-0.0,1,0,27.164,19.38,,,,,,,,,,,,
595,2026-04-27T10:42:18.643Z,S20260427_114139,N/A,AUTO,16.8152,39.3022,0.0709,N/A,1,1700,MI-CHARGE,0.0,0.0,0.0,0.0,-0.698132,-0.0,1,0,40.95,18.991,,,,,,,,,,,,
596,2026-04-27T10:42:18.706Z,S20260427_114139,N/A,AUTO,16.8775,39.3644,0.0624,N/A,1,1700,MI-CHARGE,0.0,0.0,0.0,0.0,-0.698132,-0.0,1,0,31.352,21.562,,,,,,,,,,,,
597,2026-04-27T10:42:18.767Z,S20260427_114139,N/A,AUTO,16.9387,39.4257,0.0613,N/A,1,1700,MI-CHARGE,0.0,0.0,0.0,0.0,-0.698132,-0.0,1,0,37.584,19.43,,,,,,,,,,,,
598,2026-04-27T10:42:18.916Z,S20260427_114139,N/A,AUTO,17.0881,39.575,0.1493,N/A,1,1700,MI-CHARGE,0.0,0.0,0.0,0.0,-0.698132,-0.0,1,0,91.296,0.493,,,,,,,,,,,,
