pc_time,packet_type,esp_millis,byte_hex,byte_dec,steer,throttle,brake,mode_id,fault_flag,status_text,raw_line
2026-04-23 16:01:34.026,STATUS,1551830,,,,,,,,"WIFI_ALIVE,IP=10.198.115.147,RSSI=-36","STATUS,1551830,WIFI_ALIVE,IP=10.198.115.147,RSSI=-36"
2026-04-23 16:01:39.031,STATUS,1556831,,,,,,,,"WIFI_ALIVE,IP=10.198.115.147,RSSI=-36","STATUS,1556831,WIFI_ALIVE,IP=10.198.115.147,RSSI=-36"
2026-04-23 16:01:44.028,STATUS,1561832,,,,,,,,"WIFI_ALIVE,IP=10.198.115.147,RSSI=-36","STATUS,1561832,WIFI_ALIVE,IP=10.198.115.147,RSSI=-36"
2026-04-23 16:01:53.011,STATUS,8155,,,,,,,,"WIFI_OK,IP=10.198.115.147","STATUS,8155,WIFI_OK,IP=10.198.115.147"
2026-04-23 16:01:53.410,STATUS,8556,,,,,,,,"WIFI_ALIVE,IP=10.198.115.147,RSSI=-42","STATUS,8556,WIFI_ALIVE,IP=10.198.115.147,RSSI=-42"
2026-04-23 16:01:53.410,RAWBYTE,8557,16,22,,,,,,,"RAWBYTE,8557,16,22"
2026-04-23 16:01:53.426,RAWBYTE,8577,0a,10,,,,,,,"RAWBYTE,8577,0a,10"
2026-04-23 16:01:53.443,RAWBYTE,8598,02,2,,,,,,,"RAWBYTE,8598,02,2"
2026-04-23 16:01:53.465,RAWBYTE,8618,01,1,,,,,,,"RAWBYTE,8618,01,1"
2026-04-23 16:01:53.484,RAWBYTE,8639,21,33,,,,,,,"RAWBYTE,8639,21,33"
2026-04-23 16:01:53.504,RAWBYTE,8659,2c,44,,,,,,,"RAWBYTE,8659,2c,44"
2026-04-23 16:01:53.526,RAWBYTE,8680,16,22,,,,,,,"RAWBYTE,8680,16,22"
2026-04-23 16:01:53.545,RAWBYTE,8700,0b,11,,,,,,,"RAWBYTE,8700,0b,11"
2026-04-23 16:01:53.567,RAWBYTE,8721,16,22,,,,,,,"RAWBYTE,8721,16,22"
2026-04-23 16:01:53.587,RAWBYTE,8741,0a,10,,,,,,,"RAWBYTE,8741,0a,10"
2026-04-23 16:01:53.607,RAWBYTE,8762,02,2,,,,,,,"RAWBYTE,8762,02,2"
2026-04-23 16:01:53.644,RAWBYTE,8782,01,1,,,,,,,"RAWBYTE,8782,01,1"
2026-04-23 16:01:53.659,RAWBYTE,8803,0b,11,,,,,,,"RAWBYTE,8803,0b,11"
2026-04-23 16:01:53.669,RAWBYTE,8823,16,22,,,,,,,"RAWBYTE,8823,16,22"
2026-04-23 16:01:53.689,RAWBYTE,8843,21,33,,,,,,,"RAWBYTE,8843,21,33"
2026-04-23 16:01:53.716,RAWBYTE,8864,02,2,,,,,,,"RAWBYTE,8864,02,2"
2026-04-23 16:01:53.732,RAWBYTE,8884,01,1,,,,,,,"RAWBYTE,8884,01,1"
2026-04-23 16:01:53.750,RAWBYTE,8905,02,2,,,,,,,"RAWBYTE,8905,02,2"
2026-04-23 16:01:53.771,RAWBYTE,8925,01,1,,,,,,,"RAWBYTE,8925,01,1"
2026-04-23 16:01:53.800,RAWBYTE,8946,0b,11,,,,,,,"RAWBYTE,8946,0b,11"
2026-04-23 16:01:53.816,RAWBYTE,8966,2c,44,,,,,,,"RAWBYTE,8966,2c,44"
2026-04-23 16:01:53.832,RAWBYTE,8987,21,33,,,,,,,"RAWBYTE,8987,21,33"
2026-04-23 16:01:53.861,RAWBYTE,9007,0a,10,,,,,,,"RAWBYTE,9007,0a,10"
2026-04-23 16:01:53.874,RAWBYTE,9028,21,33,,,,,,,"RAWBYTE,9028,21,33"
2026-04-23 16:01:53.894,RAWBYTE,9048,2c,44,,,,,,,"RAWBYTE,9048,2c,44"
2026-04-23 16:01:53.919,RAWBYTE,9069,01,1,,,,,,,"RAWBYTE,9069,01,1"
2026-04-23 16:01:53.936,RAWBYTE,9089,02,2,,,,,,,"RAWBYTE,9089,02,2"
2026-04-23 16:01:53.955,RAWBYTE,9110,2c,44,,,,,,,"RAWBYTE,9110,2c,44"
2026-04-23 16:01:53.976,RAWBYTE,9130,16,22,,,,,,,"RAWBYTE,9130,16,22"
2026-04-23 16:01:53.996,RAWBYTE,9150,21,33,,,,,,,"RAWBYTE,9150,21,33"
2026-04-23 16:01:54.017,RAWBYTE,9171,0b,11,,,,,,,"RAWBYTE,9171,0b,11"
2026-04-23 16:01:54.050,RAWBYTE,9191,02,2,,,,,,,"RAWBYTE,9191,02,2"
2026-04-23 16:01:54.064,RAWBYTE,9212,01,1,,,,,,,"RAWBYTE,9212,01,1"
2026-04-23 16:01:54.078,RAWBYTE,9232,0b,11,,,,,,,"RAWBYTE,9232,0b,11"
2026-04-23 16:01:54.099,RAWBYTE,9253,16,22,,,,,,,"RAWBYTE,9253,16,22"
2026-04-23 16:01:54.119,RAWBYTE,9273,0a,10,,,,,,,"RAWBYTE,9273,0a,10"
2026-04-23 16:01:54.140,RAWBYTE,9294,0b,11,,,,,,,"RAWBYTE,9294,0b,11"
2026-04-23 16:01:54.159,RAWBYTE,9314,2c,44,,,,,,,"RAWBYTE,9314,2c,44"
2026-04-23 16:01:54.189,RAWBYTE,9335,0a,10,,,,,,,"RAWBYTE,9335,0a,10"
2026-04-23 16:01:54.204,RAWBYTE,9355,0b,11,,,,,,,"RAWBYTE,9355,0b,11"
2026-04-23 16:01:54.221,RAWBYTE,9376,2c,44,,,,,,,"RAWBYTE,9376,2c,44"
2026-04-23 16:01:54.243,RAWBYTE,9396,0a,10,,,,,,,"RAWBYTE,9396,0a,10"
2026-04-23 16:01:54.262,RAWBYTE,9417,0b,11,,,,,,,"RAWBYTE,9417,0b,11"
2026-04-23 16:01:54.283,RAWBYTE,9437,16,22,,,,,,,"RAWBYTE,9437,16,22"
2026-04-23 16:01:54.304,RAWBYTE,9457,0a,10,,,,,,,"RAWBYTE,9457,0a,10"
2026-04-23 16:01:54.324,RAWBYTE,9478,02,2,,,,,,,"RAWBYTE,9478,02,2"
2026-04-23 16:01:54.345,RAWBYTE,9498,16,22,,,,,,,"RAWBYTE,9498,16,22"
2026-04-23 16:01:54.364,RAWBYTE,9519,21,33,,,,,,,"RAWBYTE,9519,21,33"
2026-04-23 16:01:54.386,RAWBYTE,9539,21,33,,,,,,,"RAWBYTE,9539,21,33"
2026-04-23 16:01:54.406,RAWBYTE,9560,21,33,,,,,,,"RAWBYTE,9560,21,33"
2026-04-23 16:01:54.437,RAWBYTE,9580,2c,44,,,,,,,"RAWBYTE,9580,2c,44"
2026-04-23 16:01:54.448,RAWBYTE,9601,21,33,,,,,,,"RAWBYTE,9601,21,33"
2026-04-23 16:01:54.467,RAWBYTE,9621,02,2,,,,,,,"RAWBYTE,9621,02,2"
2026-04-23 16:01:54.488,RAWBYTE,9642,01,1,,,,,,,"RAWBYTE,9642,01,1"
2026-04-23 16:01:54.508,RAWBYTE,9662,0b,11,,,,,,,"RAWBYTE,9662,0b,11"
2026-04-23 16:01:54.528,RAWBYTE,9683,16,22,,,,,,,"RAWBYTE,9683,16,22"
2026-04-23 16:01:54.558,RAWBYTE,9703,21,33,,,,,,,"RAWBYTE,9703,21,33"
2026-04-23 16:01:54.569,RAWBYTE,9724,2c,44,,,,,,,"RAWBYTE,9724,2c,44"
2026-04-23 16:01:54.590,RAWBYTE,9744,0a,10,,,,,,,"RAWBYTE,9744,0a,10"
2026-04-23 16:01:54.610,RAWBYTE,9764,0b,11,,,,,,,"RAWBYTE,9764,0b,11"
2026-04-23 16:01:54.631,RAWBYTE,9785,16,22,,,,,,,"RAWBYTE,9785,16,22"
2026-04-23 16:01:54.653,RAWBYTE,9805,21,33,,,,,,,"RAWBYTE,9805,21,33"
2026-04-23 16:01:54.672,RAWBYTE,9826,02,2,,,,,,,"RAWBYTE,9826,02,2"
2026-04-23 16:01:54.694,RAWBYTE,9846,16,22,,,,,,,"RAWBYTE,9846,16,22"
2026-04-23 16:01:54.712,RAWBYTE,9867,01,1,,,,,,,"RAWBYTE,9867,01,1"
2026-04-23 16:01:54.733,RAWBYTE,9888,0b,11,,,,,,,"RAWBYTE,9888,0b,11"
2026-04-23 16:01:54.755,RAWBYTE,9908,2c,44,,,,,,,"RAWBYTE,9908,2c,44"
2026-04-23 16:01:54.774,RAWBYTE,9929,0a,10,,,,,,,"RAWBYTE,9929,0a,10"
2026-04-23 16:01:54.795,RAWBYTE,9949,02,2,,,,,,,"RAWBYTE,9949,02,2"
2026-04-23 16:01:54.815,RAWBYTE,9969,16,22,,,,,,,"RAWBYTE,9969,16,22"
2026-04-23 16:01:54.836,RAWBYTE,9990,0a,10,,,,,,,"RAWBYTE,9990,0a,10"
2026-04-23 16:01:54.858,RAWBYTE,10011,0b,11,,,,,,,"RAWBYTE,10011,0b,11"
2026-04-23 16:01:54.877,RAWBYTE,10031,16,22,,,,,,,"RAWBYTE,10031,16,22"
2026-04-23 16:01:54.900,RAWBYTE,10051,0a,10,,,,,,,"RAWBYTE,10051,0a,10"
2026-04-23 16:01:54.918,RAWBYTE,10072,0b,11,,,,,,,"RAWBYTE,10072,0b,11"
2026-04-23 16:01:54.938,RAWBYTE,10093,16,22,,,,,,,"RAWBYTE,10093,16,22"
2026-04-23 16:01:54.966,RAWBYTE,10113,21,33,,,,,,,"RAWBYTE,10113,21,33"
2026-04-23 16:01:54.979,RAWBYTE,10133,2c,44,,,,,,,"RAWBYTE,10133,2c,44"
2026-04-23 16:01:55.000,RAWBYTE,10154,01,1,,,,,,,"RAWBYTE,10154,01,1"
2026-04-23 16:01:55.020,RAWBYTE,10174,21,33,,,,,,,"RAWBYTE,10174,21,33"
2026-04-23 16:01:55.043,RAWBYTE,10195,02,2,,,,,,,"RAWBYTE,10195,02,2"
2026-04-23 16:01:55.076,RAWBYTE,10215,16,22,,,,,,,"RAWBYTE,10215,16,22"
2026-04-23 16:01:55.082,RAWBYTE,10236,0a,10,,,,,,,"RAWBYTE,10236,0a,10"
2026-04-23 16:01:55.103,RAWBYTE,10256,0b,11,,,,,,,"RAWBYTE,10256,0b,11"
2026-04-23 16:01:55.123,RAWBYTE,10277,2c,44,,,,,,,"RAWBYTE,10277,2c,44"
2026-04-23 16:01:55.143,RAWBYTE,10297,01,1,,,,,,,"RAWBYTE,10297,01,1"
2026-04-23 16:01:55.165,RAWBYTE,10318,02,2,,,,,,,"RAWBYTE,10318,02,2"
2026-04-23 16:01:55.184,RAWBYTE,10338,21,33,,,,,,,"RAWBYTE,10338,21,33"
2026-04-23 16:01:55.216,RAWBYTE,10359,02,2,,,,,,,"RAWBYTE,10359,02,2"
2026-04-23 16:01:55.225,RAWBYTE,10379,16,22,,,,,,,"RAWBYTE,10379,16,22"
2026-04-23 16:01:55.247,RAWBYTE,10400,01,1,,,,,,,"RAWBYTE,10400,01,1"
2026-04-23 16:01:55.269,RAWBYTE,10420,21,33,,,,,,,"RAWBYTE,10420,21,33"
2026-04-23 16:01:55.286,RAWBYTE,10440,2c,44,,,,,,,"RAWBYTE,10440,2c,44"
2026-04-23 16:01:55.307,RAWBYTE,10461,0a,10,,,,,,,"RAWBYTE,10461,0a,10"
2026-04-23 16:01:55.328,RAWBYTE,10481,0b,11,,,,,,,"RAWBYTE,10481,0b,11"
2026-04-23 16:01:55.357,RAWBYTE,10502,16,22,,,,,,,"RAWBYTE,10502,16,22"
2026-04-23 16:01:55.371,RAWBYTE,10522,0a,10,,,,,,,"RAWBYTE,10522,0a,10"
2026-04-23 16:01:55.388,RAWBYTE,10543,0b,11,,,,,,,"RAWBYTE,10543,0b,11"
2026-04-23 16:01:55.419,RAWBYTE,10563,2c,44,,,,,,,"RAWBYTE,10563,2c,44"
2026-04-23 16:01:55.435,RAWBYTE,10584,0a,10,,,,,,,"RAWBYTE,10584,0a,10"
2026-04-23 16:01:55.450,RAWBYTE,10604,02,2,,,,,,,"RAWBYTE,10604,02,2"
2026-04-23 16:01:55.472,RAWBYTE,10625,16,22,,,,,,,"RAWBYTE,10625,16,22"
2026-04-23 16:01:55.491,RAWBYTE,10645,0a,10,,,,,,,"RAWBYTE,10645,0a,10"
2026-04-23 16:01:55.512,RAWBYTE,10666,21,33,,,,,,,"RAWBYTE,10666,21,33"
2026-04-23 16:01:55.538,RAWBYTE,10686,02,2,,,,,,,"RAWBYTE,10686,02,2"
2026-04-23 16:01:55.552,RAWBYTE,10707,01,1,,,,,,,"RAWBYTE,10707,01,1"
2026-04-23 16:01:55.575,RAWBYTE,10727,0b,11,,,,,,,"RAWBYTE,10727,0b,11"
2026-04-23 16:01:55.593,RAWBYTE,10748,2c,44,,,,,,,"RAWBYTE,10748,2c,44"
2026-04-23 16:01:55.615,RAWBYTE,10768,16,22,,,,,,,"RAWBYTE,10768,16,22"
2026-04-23 16:01:55.634,RAWBYTE,10788,21,33,,,,,,,"RAWBYTE,10788,21,33"
2026-04-23 16:01:55.655,RAWBYTE,10809,21,33,,,,,,,"RAWBYTE,10809,21,33"
2026-04-23 16:01:55.676,RAWBYTE,10829,02,2,,,,,,,"RAWBYTE,10829,02,2"
2026-04-23 16:01:55.695,RAWBYTE,10850,01,1,,,,,,,"RAWBYTE,10850,01,1"
2026-04-23 16:01:55.721,RAWBYTE,10870,21,33,,,,,,,"RAWBYTE,10870,21,33"
2026-04-23 16:01:55.736,RAWBYTE,10891,0b,11,,,,,,,"RAWBYTE,10891,0b,11"
2026-04-23 16:01:55.756,RAWBYTE,10911,16,22,,,,,,,"RAWBYTE,10911,16,22"
2026-04-23 16:01:55.779,RAWBYTE,10932,0a,10,,,,,,,"RAWBYTE,10932,0a,10"
2026-04-23 16:01:55.798,RAWBYTE,10952,0b,11,,,,,,,"RAWBYTE,10952,0b,11"
2026-04-23 16:01:55.819,RAWBYTE,10973,2c,44,,,,,,,"RAWBYTE,10973,2c,44"
2026-04-23 16:01:55.839,RAWBYTE,10993,01,1,,,,,,,"RAWBYTE,10993,01,1"
2026-04-23 16:01:55.859,RAWBYTE,11014,21,33,,,,,,,"RAWBYTE,11014,21,33"
2026-04-23 16:01:55.886,RAWBYTE,11034,02,2,,,,,,,"RAWBYTE,11034,02,2"
2026-04-23 16:01:55.900,RAWBYTE,11055,01,1,,,,,,,"RAWBYTE,11055,01,1"
2026-04-23 16:01:55.922,RAWBYTE,11075,21,33,,,,,,,"RAWBYTE,11075,21,33"
2026-04-23 16:01:55.941,RAWBYTE,11095,02,2,,,,,,,"RAWBYTE,11095,02,2"
2026-04-23 16:01:55.962,RAWBYTE,11116,16,22,,,,,,,"RAWBYTE,11116,16,22"
2026-04-23 16:01:55.984,RAWBYTE,11137,0a,10,,,,,,,"RAWBYTE,11137,0a,10"
2026-04-23 16:01:56.003,RAWBYTE,11157,0b,11,,,,,,,"RAWBYTE,11157,0b,11"
2026-04-23 16:01:56.025,RAWBYTE,11177,16,22,,,,,,,"RAWBYTE,11177,16,22"
2026-04-23 16:01:56.044,RAWBYTE,11198,0a,10,,,,,,,"RAWBYTE,11198,0a,10"
2026-04-23 16:01:56.064,RAWBYTE,11218,0b,11,,,,,,,"RAWBYTE,11218,0b,11"
2026-04-23 16:01:56.088,RAWBYTE,11239,01,1,,,,,,,"RAWBYTE,11239,01,1"
2026-04-23 16:01:56.106,RAWBYTE,11259,21,33,,,,,,,"RAWBYTE,11259,21,33"
2026-04-23 16:01:56.127,RAWBYTE,11280,0b,11,,,,,,,"RAWBYTE,11280,0b,11"
2026-04-23 16:01:56.146,RAWBYTE,11300,16,22,,,,,,,"RAWBYTE,11300,16,22"
2026-04-23 16:01:56.167,RAWBYTE,11321,0a,10,,,,,,,"RAWBYTE,11321,0a,10"
2026-04-23 16:01:56.189,RAWBYTE,11341,0b,11,,,,,,,"RAWBYTE,11341,0b,11"
2026-04-23 16:01:56.208,RAWBYTE,11362,16,22,,,,,,,"RAWBYTE,11362,16,22"
2026-04-23 16:01:56.229,RAWBYTE,11382,21,33,,,,,,,"RAWBYTE,11382,21,33"
2026-04-23 16:01:56.248,RAWBYTE,11403,02,2,,,,,,,"RAWBYTE,11403,02,2"
2026-04-23 16:01:56.268,RAWBYTE,11423,16,22,,,,,,,"RAWBYTE,11423,16,22"
2026-04-23 16:01:56.291,RAWBYTE,11444,0a,10,,,,,,,"RAWBYTE,11444,0a,10"
2026-04-23 16:01:56.310,RAWBYTE,11464,0b,11,,,,,,,"RAWBYTE,11464,0b,11"
2026-04-23 16:01:56.331,RAWBYTE,11485,16,22,,,,,,,"RAWBYTE,11485,16,22"
2026-04-23 16:01:56.351,RAWBYTE,11505,0b,11,,,,,,,"RAWBYTE,11505,0b,11"
2026-04-23 16:01:56.371,RAWBYTE,11526,2c,44,,,,,,,"RAWBYTE,11526,2c,44"
2026-04-23 16:01:56.393,RAWBYTE,11546,01,1,,,,,,,"RAWBYTE,11546,01,1"
2026-04-23 16:01:56.412,RAWBYTE,11566,0b,11,,,,,,,"RAWBYTE,11566,0b,11"
2026-04-23 16:01:56.434,RAWBYTE,11587,01,1,,,,,,,"RAWBYTE,11587,01,1"
2026-04-23 16:01:56.453,RAWBYTE,11607,0b,11,,,,,,,"RAWBYTE,11607,0b,11"
2026-04-23 16:01:56.474,RAWBYTE,11628,2c,44,,,,,,,"RAWBYTE,11628,2c,44"
2026-04-23 16:01:56.496,RAWBYTE,11648,0a,10,,,,,,,"RAWBYTE,11648,0a,10"
2026-04-23 16:01:56.515,RAWBYTE,11669,02,2,,,,,,,"RAWBYTE,11669,02,2"
2026-04-23 16:01:56.536,RAWBYTE,11689,16,22,,,,,,,"RAWBYTE,11689,16,22"
2026-04-23 16:01:56.556,RAWBYTE,11710,21,33,,,,,,,"RAWBYTE,11710,21,33"
2026-04-23 16:01:56.576,RAWBYTE,11730,2c,44,,,,,,,"RAWBYTE,11730,2c,44"
2026-04-23 16:01:56.600,RAWBYTE,11751,01,1,,,,,,,"RAWBYTE,11751,01,1"
2026-04-23 16:01:56.616,RAWBYTE,11771,02,2,,,,,,,"RAWBYTE,11771,02,2"
2026-04-23 16:01:56.636,RAWBYTE,11792,01,1,,,,,,,"RAWBYTE,11792,01,1"
2026-04-23 16:01:56.662,RAWBYTE,11812,0b,11,,,,,,,"RAWBYTE,11812,0b,11"
2026-04-23 16:01:56.678,RAWBYTE,11833,2c,44,,,,,,,"RAWBYTE,11833,2c,44"
2026-04-23 16:01:56.699,RAWBYTE,11853,21,33,,,,,,,"RAWBYTE,11853,21,33"
2026-04-23 16:01:56.718,RAWBYTE,11873,02,2,,,,,,,"RAWBYTE,11873,02,2"
2026-04-23 16:01:56.738,RAWBYTE,11894,16,22,,,,,,,"RAWBYTE,11894,16,22"
2026-04-23 16:01:56.759,RAWBYTE,11914,0a,10,,,,,,,"RAWBYTE,11914,0a,10"
2026-04-23 16:01:56.780,RAWBYTE,11935,0b,11,,,,,,,"RAWBYTE,11935,0b,11"
2026-04-23 16:01:56.801,RAWBYTE,11955,16,22,,,,,,,"RAWBYTE,11955,16,22"
2026-04-23 16:01:56.821,RAWBYTE,11976,0a,10,,,,,,,"RAWBYTE,11976,0a,10"
2026-04-23 16:01:56.843,RAWBYTE,11996,0b,11,,,,,,,"RAWBYTE,11996,0b,11"
2026-04-23 16:01:56.862,RAWBYTE,12017,16,22,,,,,,,"RAWBYTE,12017,16,22"
2026-04-23 16:01:56.883,RAWBYTE,12038,21,33,,,,,,,"RAWBYTE,12038,21,33"
2026-04-23 16:01:56.906,RAWBYTE,12058,02,2,,,,,,,"RAWBYTE,12058,02,2"
2026-04-23 16:01:56.924,RAWBYTE,12079,16,22,,,,,,,"RAWBYTE,12079,16,22"
2026-04-23 16:01:56.946,RAWBYTE,12099,21,33,,,,,,,"RAWBYTE,12099,21,33"
2026-04-23 16:01:56.965,RAWBYTE,12119,0b,11,,,,,,,"RAWBYTE,12119,0b,11"
2026-04-23 16:01:56.986,RAWBYTE,12140,2c,44,,,,,,,"RAWBYTE,12140,2c,44"
2026-04-23 16:01:57.008,RAWBYTE,12160,01,1,,,,,,,"RAWBYTE,12160,01,1"
2026-04-23 16:01:57.027,RAWBYTE,12181,21,33,,,,,,,"RAWBYTE,12181,21,33"
2026-04-23 16:01:57.048,RAWBYTE,12201,02,2,,,,,,,"RAWBYTE,12201,02,2"
2026-04-23 16:01:57.068,RAWBYTE,12222,01,1,,,,,,,"RAWBYTE,12222,01,1"
2026-04-23 16:01:57.088,RAWBYTE,12242,21,33,,,,,,,"RAWBYTE,12242,21,33"
2026-04-23 16:01:57.111,RAWBYTE,12263,2c,44,,,,,,,"RAWBYTE,12263,2c,44"
2026-04-23 16:01:57.128,RAWBYTE,12283,0a,10,,,,,,,"RAWBYTE,12283,0a,10"
2026-04-23 16:01:57.150,RAWBYTE,12303,0b,11,,,,,,,"RAWBYTE,12303,0b,11"
2026-04-23 16:01:57.170,RAWBYTE,12324,16,22,,,,,,,"RAWBYTE,12324,16,22"
2026-04-23 16:01:57.190,RAWBYTE,12345,21,33,,,,,,,"RAWBYTE,12345,21,33"
2026-04-23 16:01:57.237,RAWBYTE,12365,02,2,,,,,,,"RAWBYTE,12365,02,2"
2026-04-23 16:01:57.238,RAWBYTE,12385,16,22,,,,,,,"RAWBYTE,12385,16,22"
2026-04-23 16:01:57.253,RAWBYTE,12406,21,33,,,,,,,"RAWBYTE,12406,21,33"
2026-04-23 16:01:57.272,RAWBYTE,12426,16,22,,,,,,,"RAWBYTE,12426,16,22"
2026-04-23 16:01:57.295,RAWBYTE,12447,0a,10,,,,,,,"RAWBYTE,12447,0a,10"
2026-04-23 16:01:57.315,RAWBYTE,12467,02,2,,,,,,,"RAWBYTE,12467,02,2"
2026-04-23 16:01:57.334,RAWBYTE,12488,16,22,,,,,,,"RAWBYTE,12488,16,22"
2026-04-23 16:01:57.355,RAWBYTE,12508,0a,10,,,,,,,"RAWBYTE,12508,0a,10"
2026-04-23 16:01:57.375,RAWBYTE,12529,02,2,,,,,,,"RAWBYTE,12529,02,2"
2026-04-23 16:01:57.395,RAWBYTE,12549,01,1,,,,,,,"RAWBYTE,12549,01,1"
2026-04-23 16:01:57.416,RAWBYTE,12570,0b,11,,,,,,,"RAWBYTE,12570,0b,11"
2026-04-23 16:01:57.441,RAWBYTE,12590,16,22,,,,,,,"RAWBYTE,12590,16,22"
2026-04-23 16:01:57.458,RAWBYTE,12611,0a,10,,,,,,,"RAWBYTE,12611,0a,10"
2026-04-23 16:01:57.491,RAWBYTE,12631,2c,44,,,,,,,"RAWBYTE,12631,2c,44"
2026-04-23 16:01:57.507,RAWBYTE,12652,01,1,,,,,,,"RAWBYTE,12652,01,1"
2026-04-23 16:01:57.517,RAWBYTE,12672,21,33,,,,,,,"RAWBYTE,12672,21,33"
2026-04-23 16:01:57.538,RAWBYTE,12692,02,2,,,,,,,"RAWBYTE,12692,02,2"
2026-04-23 16:01:57.560,RAWBYTE,12713,0a,10,,,,,,,"RAWBYTE,12713,0a,10"
2026-04-23 16:01:57.579,RAWBYTE,12733,2c,44,,,,,,,"RAWBYTE,12733,2c,44"
2026-04-23 16:01:57.600,RAWBYTE,12754,0a,10,,,,,,,"RAWBYTE,12754,0a,10"
2026-04-23 16:01:57.622,RAWBYTE,12775,0b,11,,,,,,,"RAWBYTE,12775,0b,11"
2026-04-23 16:01:57.640,RAWBYTE,12795,16,22,,,,,,,"RAWBYTE,12795,16,22"
2026-04-23 16:01:57.662,RAWBYTE,12815,0a,10,,,,,,,"RAWBYTE,12815,0a,10"
2026-04-23 16:01:57.686,RAWBYTE,12836,02,2,,,,,,,"RAWBYTE,12836,02,2"
2026-04-23 16:01:57.703,RAWBYTE,12857,01,1,,,,,,,"RAWBYTE,12857,01,1"
2026-04-23 16:01:57.736,RAWBYTE,12877,0b,11,,,,,,,"RAWBYTE,12877,0b,11"
2026-04-23 16:01:57.743,RAWBYTE,12897,16,22,,,,,,,"RAWBYTE,12897,16,22"
2026-04-23 16:01:57.765,RAWBYTE,12918,0a,10,,,,,,,"RAWBYTE,12918,0a,10"
2026-04-23 16:01:57.784,RAWBYTE,12938,0b,11,,,,,,,"RAWBYTE,12938,0b,11"
2026-04-23 16:01:57.803,RAWBYTE,12959,16,22,,,,,,,"RAWBYTE,12959,16,22"
2026-04-23 16:01:57.825,RAWBYTE,12979,01,1,,,,,,,"RAWBYTE,12979,01,1"
2026-04-23 16:01:57.845,RAWBYTE,13000,21,33,,,,,,,"RAWBYTE,13000,21,33"
2026-04-23 16:01:57.865,RAWBYTE,13020,02,2,,,,,,,"RAWBYTE,13020,02,2"
2026-04-23 16:01:57.885,RAWBYTE,13041,16,22,,,,,,,"RAWBYTE,13041,16,22"
2026-04-23 16:01:57.906,RAWBYTE,13061,0a,10,,,,,,,"RAWBYTE,13061,0a,10"
2026-04-23 16:01:57.928,RAWBYTE,13082,0b,11,,,,,,,"RAWBYTE,13082,0b,11"
2026-04-23 16:01:57.947,RAWBYTE,13102,16,22,,,,,,,"RAWBYTE,13102,16,22"
2026-04-23 16:01:57.970,RAWBYTE,13123,01,1,,,,,,,"RAWBYTE,13123,01,1"
2026-04-23 16:01:57.988,RAWBYTE,13143,0a,10,,,,,,,"RAWBYTE,13143,0a,10"
2026-04-23 16:01:58.010,RAWBYTE,13164,0b,11,,,,,,,"RAWBYTE,13164,0b,11"
2026-04-23 16:01:58.032,RAWBYTE,13184,16,22,,,,,,,"RAWBYTE,13184,16,22"
2026-04-23 16:01:58.050,RAWBYTE,13205,21,33,,,,,,,"RAWBYTE,13205,21,33"
2026-04-23 16:01:58.072,RAWBYTE,13225,02,2,,,,,,,"RAWBYTE,13225,02,2"
2026-04-23 16:01:58.091,RAWBYTE,13246,01,1,,,,,,,"RAWBYTE,13246,01,1"
2026-04-23 16:01:58.112,RAWBYTE,13266,21,33,,,,,,,"RAWBYTE,13266,21,33"
2026-04-23 16:01:58.134,RAWBYTE,13287,0b,11,,,,,,,"RAWBYTE,13287,0b,11"
2026-04-23 16:01:58.153,RAWBYTE,13307,16,22,,,,,,,"RAWBYTE,13307,16,22"
2026-04-23 16:01:58.175,RAWBYTE,13328,0a,10,,,,,,,"RAWBYTE,13328,0a,10"
2026-04-23 16:01:58.194,RAWBYTE,13348,02,2,,,,,,,"RAWBYTE,13348,02,2"
2026-04-23 16:01:58.215,RAWBYTE,13369,0a,10,,,,,,,"RAWBYTE,13369,0a,10"
2026-04-23 16:01:58.237,RAWBYTE,13389,02,2,,,,,,,"RAWBYTE,13389,02,2"
2026-04-23 16:01:58.254,RAWBYTE,13410,16,22,,,,,,,"RAWBYTE,13410,16,22"
2026-04-23 16:01:58.277,RAWBYTE,13430,0a,10,,,,,,,"RAWBYTE,13430,0a,10"
2026-04-23 16:01:58.296,RAWBYTE,13450,21,33,,,,,,,"RAWBYTE,13450,21,33"
2026-04-23 16:01:58.316,RAWBYTE,13471,02,2,,,,,,,"RAWBYTE,13471,02,2"
2026-04-23 16:01:58.341,RAWBYTE,13492,16,22,,,,,,,"RAWBYTE,13492,16,22"
2026-04-23 16:01:58.357,RAWBYTE,13512,0a,10,,,,,,,"RAWBYTE,13512,0a,10"
2026-04-23 16:01:58.379,RAWBYTE,13532,02,2,,,,,,,"RAWBYTE,13532,02,2"
2026-04-23 16:01:58.408,RAWBYTE,13553,01,1,,,,,,,"RAWBYTE,13553,01,1"
2026-04-23 16:01:58.422,RAWBYTE,13574,0a,10,,,,,,,"RAWBYTE,13574,0a,10"
2026-04-23 16:01:58.442,RAWBYTE,13594,02,2,,,,,,,"RAWBYTE,13594,02,2"
2026-04-23 16:01:58.460,RAWBYTE,13614,02,2,,,,,,,"RAWBYTE,13614,02,2"
2026-04-23 16:01:58.482,RAWBYTE,13635,2c,44,,,,,,,"RAWBYTE,13635,2c,44"
2026-04-23 16:01:58.501,RAWBYTE,13655,0a,10,,,,,,,"RAWBYTE,13655,0a,10"
2026-04-23 16:01:58.526,RAWBYTE,13676,21,33,,,,,,,"RAWBYTE,13676,21,33"
2026-04-23 16:01:58.544,RAWBYTE,13696,2c,44,,,,,,,"RAWBYTE,13696,2c,44"
2026-04-23 16:01:58.568,RAWBYTE,13717,01,1,,,,,,,"RAWBYTE,13717,01,1"
2026-04-23 16:01:58.584,RAWBYTE,13738,21,33,,,,,,,"RAWBYTE,13738,21,33"
2026-04-23 16:01:58.604,RAWBYTE,13758,2c,44,,,,,,,"RAWBYTE,13758,2c,44"
2026-04-23 16:01:58.625,RAWBYTE,13779,21,33,,,,,,,"RAWBYTE,13779,21,33"
2026-04-23 16:01:58.646,RAWBYTE,13799,02,2,,,,,,,"RAWBYTE,13799,02,2"
2026-04-23 16:01:58.665,RAWBYTE,13820,01,1,,,,,,,"RAWBYTE,13820,01,1"
2026-04-23 16:01:58.686,RAWBYTE,13840,21,33,,,,,,,"RAWBYTE,13840,21,33"
2026-04-23 16:01:58.707,RAWBYTE,13861,16,22,,,,,,,"RAWBYTE,13861,16,22"
2026-04-23 16:01:58.727,RAWBYTE,13881,01,1,,,,,,,"RAWBYTE,13881,01,1"
2026-04-23 16:01:58.748,RAWBYTE,13902,21,33,,,,,,,"RAWBYTE,13902,21,33"
2026-04-23 16:01:58.768,RAWBYTE,13922,16,22,,,,,,,"RAWBYTE,13922,16,22"
2026-04-23 16:01:58.792,RAWBYTE,13943,0a,10,,,,,,,"RAWBYTE,13943,0a,10"
2026-04-23 16:01:58.810,RAWBYTE,13963,2c,44,,,,,,,"RAWBYTE,13963,2c,44"
2026-04-23 16:01:58.829,RAWBYTE,13984,16,22,,,,,,,"RAWBYTE,13984,16,22"
2026-04-23 16:01:58.852,RAWBYTE,14004,16,22,,,,,,,"RAWBYTE,14004,16,22"
2026-04-23 16:01:58.871,RAWBYTE,14025,16,22,,,,,,,"RAWBYTE,14025,16,22"
2026-04-23 16:01:58.896,RAWBYTE,14045,21,33,,,,,,,"RAWBYTE,14045,21,33"
2026-04-23 16:01:58.912,RAWBYTE,14066,02,2,,,,,,,"RAWBYTE,14066,02,2"
2026-04-23 16:01:58.932,RAWBYTE,14086,16,22,,,,,,,"RAWBYTE,14086,16,22"
2026-04-23 16:01:58.953,RAWBYTE,14107,21,33,,,,,,,"RAWBYTE,14107,21,33"
2026-04-23 16:01:58.972,RAWBYTE,14127,02,2,,,,,,,"RAWBYTE,14127,02,2"
2026-04-23 16:01:58.996,RAWBYTE,14148,0a,10,,,,,,,"RAWBYTE,14148,0a,10"
2026-04-23 16:01:59.014,RAWBYTE,14168,0b,11,,,,,,,"RAWBYTE,14168,0b,11"
2026-04-23 16:01:59.035,RAWBYTE,14189,16,22,,,,,,,"RAWBYTE,14189,16,22"
2026-04-23 16:01:59.056,RAWBYTE,14209,21,33,,,,,,,"RAWBYTE,14209,21,33"
2026-04-23 16:01:59.075,RAWBYTE,14230,0b,11,,,,,,,"RAWBYTE,14230,0b,11"
2026-04-23 16:01:59.096,RAWBYTE,14250,2c,44,,,,,,,"RAWBYTE,14250,2c,44"
2026-04-23 16:01:59.116,RAWBYTE,14271,0a,10,,,,,,,"RAWBYTE,14271,0a,10"
2026-04-23 16:01:59.137,RAWBYTE,14291,0b,11,,,,,,,"RAWBYTE,14291,0b,11"
2026-04-23 16:01:59.159,RAWBYTE,14312,16,22,,,,,,,"RAWBYTE,14312,16,22"
2026-04-23 16:01:59.178,RAWBYTE,14332,0b,11,,,,,,,"RAWBYTE,14332,0b,11"
2026-04-23 16:01:59.199,RAWBYTE,14352,2c,44,,,,,,,"RAWBYTE,14352,2c,44"
2026-04-23 16:01:59.219,RAWBYTE,14373,21,33,,,,,,,"RAWBYTE,14373,21,33"
2026-04-23 16:01:59.241,RAWBYTE,14393,02,2,,,,,,,"RAWBYTE,14393,02,2"
2026-04-23 16:01:59.264,RAWBYTE,14413,16,22,,,,,,,"RAWBYTE,14413,16,22"
2026-04-23 16:01:59.294,RAWBYTE,14434,21,33,,,,,,,"RAWBYTE,14434,21,33"
2026-04-23 16:01:59.311,RAWBYTE,14454,16,22,,,,,,,"RAWBYTE,14454,16,22"
2026-04-23 16:01:59.326,RAWBYTE,14474,21,33,,,,,,,"RAWBYTE,14474,21,33"
2026-04-23 16:01:59.341,RAWBYTE,14495,02,2,,,,,,,"RAWBYTE,14495,02,2"
2026-04-23 16:01:59.362,RAWBYTE,14516,0a,10,,,,,,,"RAWBYTE,14516,0a,10"
2026-04-23 16:01:59.381,RAWBYTE,14536,02,2,,,,,,,"RAWBYTE,14536,02,2"
2026-04-23 16:01:59.403,RAWBYTE,14556,16,22,,,,,,,"RAWBYTE,14556,16,22"
2026-04-23 16:01:59.424,RAWBYTE,14577,0a,10,,,,,,,"RAWBYTE,14577,0a,10"
2026-04-23 16:01:59.444,RAWBYTE,14598,02,2,,,,,,,"RAWBYTE,14598,02,2"
2026-04-23 16:01:59.466,RAWBYTE,14618,01,1,,,,,,,"RAWBYTE,14618,01,1"
2026-04-23 16:01:59.484,RAWBYTE,14638,21,33,,,,,,,"RAWBYTE,14638,21,33"
2026-04-23 16:01:59.506,RAWBYTE,14659,16,22,,,,,,,"RAWBYTE,14659,16,22"
2026-04-23 16:01:59.526,RAWBYTE,14679,0a,10,,,,,,,"RAWBYTE,14679,0a,10"
2026-04-23 16:01:59.546,RAWBYTE,14700,0b,11,,,,,,,"RAWBYTE,14700,0b,11"
2026-04-23 16:01:59.567,RAWBYTE,14720,16,22,,,,,,,"RAWBYTE,14720,16,22"
2026-04-23 16:01:59.593,RAWBYTE,14741,0a,10,,,,,,,"RAWBYTE,14741,0a,10"
2026-04-23 16:01:59.608,RAWBYTE,14761,02,2,,,,,,,"RAWBYTE,14761,02,2"
2026-04-23 16:01:59.628,RAWBYTE,14782,01,1,,,,,,,"RAWBYTE,14782,01,1"
2026-04-23 16:01:59.648,RAWBYTE,14802,0b,11,,,,,,,"RAWBYTE,14802,0b,11"
2026-04-23 16:01:59.670,RAWBYTE,14823,2c,44,,,,,,,"RAWBYTE,14823,2c,44"
2026-04-23 16:01:59.688,RAWBYTE,14843,0a,10,,,,,,,"RAWBYTE,14843,0a,10"
2026-04-23 16:01:59.711,RAWBYTE,14864,0b,11,,,,,,,"RAWBYTE,14864,0b,11"
2026-04-23 16:01:59.730,RAWBYTE,14884,16,22,,,,,,,"RAWBYTE,14884,16,22"
2026-04-23 16:01:59.750,RAWBYTE,14905,0a,10,,,,,,,"RAWBYTE,14905,0a,10"
2026-04-23 16:01:59.772,RAWBYTE,14925,02,2,,,,,,,"RAWBYTE,14925,02,2"
2026-04-23 16:01:59.791,RAWBYTE,14946,16,22,,,,,,,"RAWBYTE,14946,16,22"
2026-04-23 16:01:59.813,RAWBYTE,14966,0a,10,,,,,,,"RAWBYTE,14966,0a,10"
2026-04-23 16:01:59.833,RAWBYTE,14987,21,33,,,,,,,"RAWBYTE,14987,21,33"
2026-04-23 16:01:59.853,RAWBYTE,15007,16,22,,,,,,,"RAWBYTE,15007,16,22"
2026-04-23 16:01:59.873,RAWBYTE,15027,01,1,,,,,,,"RAWBYTE,15027,01,1"
2026-04-23 16:01:59.893,RAWBYTE,15047,02,2,,,,,,,"RAWBYTE,15047,02,2"
2026-04-23 16:01:59.913,RAWBYTE,15068,16,22,,,,,,,"RAWBYTE,15068,16,22"
2026-04-23 16:01:59.934,RAWBYTE,15088,0a,10,,,,,,,"RAWBYTE,15088,0a,10"
2026-04-23 16:01:59.955,RAWBYTE,15109,21,33,,,,,,,"RAWBYTE,15109,21,33"
2026-04-23 16:01:59.976,RAWBYTE,15129,02,2,,,,,,,"RAWBYTE,15129,02,2"
2026-04-23 16:01:59.995,RAWBYTE,15150,2c,44,,,,,,,"RAWBYTE,15150,2c,44"
2026-04-23 16:02:00.021,RAWBYTE,15170,0a,10,,,,,,,"RAWBYTE,15170,0a,10"
2026-04-23 16:02:00.041,RAWBYTE,15190,0b,11,,,,,,,"RAWBYTE,15190,0b,11"
2026-04-23 16:02:00.073,RAWBYTE,15211,02,2,,,,,,,"RAWBYTE,15211,02,2"
2026-04-23 16:02:00.088,RAWBYTE,15232,16,22,,,,,,,"RAWBYTE,15232,16,22"
2026-04-23 16:02:00.099,RAWBYTE,15252,21,33,,,,,,,"RAWBYTE,15252,21,33"
2026-04-23 16:02:00.118,RAWBYTE,15273,2c,44,,,,,,,"RAWBYTE,15273,2c,44"
2026-04-23 16:02:00.139,RAWBYTE,15293,01,1,,,,,,,"RAWBYTE,15293,01,1"
2026-04-23 16:02:00.159,RAWBYTE,15314,21,33,,,,,,,"RAWBYTE,15314,21,33"
2026-04-23 16:02:00.180,RAWBYTE,15334,02,2,,,,,,,"RAWBYTE,15334,02,2"
2026-04-23 16:02:00.200,RAWBYTE,15355,16,22,,,,,,,"RAWBYTE,15355,16,22"
2026-04-23 16:02:00.223,RAWBYTE,15375,21,33,,,,,,,"RAWBYTE,15375,21,33"
2026-04-23 16:02:00.241,RAWBYTE,15396,2c,44,,,,,,,"RAWBYTE,15396,2c,44"
2026-04-23 16:02:00.262,RAWBYTE,15416,16,22,,,,,,,"RAWBYTE,15416,16,22"
2026-04-23 16:02:00.283,RAWBYTE,15437,21,33,,,,,,,"RAWBYTE,15437,21,33"
2026-04-23 16:02:00.303,RAWBYTE,15457,2c,44,,,,,,,"RAWBYTE,15457,2c,44"
2026-04-23 16:02:00.325,RAWBYTE,15477,01,1,,,,,,,"RAWBYTE,15477,01,1"
2026-04-23 16:02:00.347,RAWBYTE,15498,21,33,,,,,,,"RAWBYTE,15498,21,33"
2026-04-23 16:02:00.365,RAWBYTE,15519,2c,44,,,,,,,"RAWBYTE,15519,2c,44"
2026-04-23 16:02:00.395,RAWBYTE,15539,0a,10,,,,,,,"RAWBYTE,15539,0a,10"
2026-04-23 16:02:00.405,RAWBYTE,15559,0b,11,,,,,,,"RAWBYTE,15559,0b,11"
2026-04-23 16:02:00.428,RAWBYTE,15580,2c,44,,,,,,,"RAWBYTE,15580,2c,44"
2026-04-23 16:02:00.446,RAWBYTE,15600,01,1,,,,,,,"RAWBYTE,15600,01,1"
2026-04-23 16:02:00.467,RAWBYTE,15621,21,33,,,,,,,"RAWBYTE,15621,21,33"
2026-04-23 16:02:00.490,RAWBYTE,15642,16,22,,,,,,,"RAWBYTE,15642,16,22"
2026-04-23 16:02:00.508,RAWBYTE,15662,0a,10,,,,,,,"RAWBYTE,15662,0a,10"
2026-04-23 16:02:00.530,RAWBYTE,15683,02,2,,,,,,,"RAWBYTE,15683,02,2"
2026-04-23 16:02:00.548,RAWBYTE,15703,16,22,,,,,,,"RAWBYTE,15703,16,22"
2026-04-23 16:02:00.571,RAWBYTE,15724,21,33,,,,,,,"RAWBYTE,15724,21,33"
2026-04-23 16:02:00.590,RAWBYTE,15744,16,22,,,,,,,"RAWBYTE,15744,16,22"
2026-04-23 16:02:00.612,RAWBYTE,15765,01,1,,,,,,,"RAWBYTE,15765,01,1"
2026-04-23 16:02:00.632,RAWBYTE,15785,21,33,,,,,,,"RAWBYTE,15785,21,33"
2026-04-23 16:02:00.651,RAWBYTE,15805,02,2,,,,,,,"RAWBYTE,15805,02,2"
2026-04-23 16:02:00.672,RAWBYTE,15826,16,22,,,,,,,"RAWBYTE,15826,16,22"
2026-04-23 16:02:00.694,RAWBYTE,15847,21,33,,,,,,,"RAWBYTE,15847,21,33"
2026-04-23 16:02:00.712,RAWBYTE,15867,0b,11,,,,,,,"RAWBYTE,15867,0b,11"
2026-04-23 16:02:00.735,RAWBYTE,15887,16,22,,,,,,,"RAWBYTE,15887,16,22"
2026-04-23 16:02:00.754,RAWBYTE,15908,01,1,,,,,,,"RAWBYTE,15908,01,1"
2026-04-23 16:02:00.774,RAWBYTE,15929,0b,11,,,,,,,"RAWBYTE,15929,0b,11"
2026-04-23 16:02:00.797,RAWBYTE,15949,01,1,,,,,,,"RAWBYTE,15949,01,1"
2026-04-23 16:02:00.815,RAWBYTE,15969,0b,11,,,,,,,"RAWBYTE,15969,0b,11"
2026-04-23 16:02:00.837,RAWBYTE,15990,02,2,,,,,,,"RAWBYTE,15990,02,2"
2026-04-23 16:02:00.857,RAWBYTE,16010,01,1,,,,,,,"RAWBYTE,16010,01,1"
2026-04-23 16:02:00.877,RAWBYTE,16031,21,33,,,,,,,"RAWBYTE,16031,21,33"
2026-04-23 16:02:00.899,RAWBYTE,16052,0b,11,,,,,,,"RAWBYTE,16052,0b,11"
2026-04-23 16:02:00.918,RAWBYTE,16072,16,22,,,,,,,"RAWBYTE,16072,16,22"
2026-04-23 16:02:00.939,RAWBYTE,16092,0a,10,,,,,,,"RAWBYTE,16092,0a,10"
2026-04-23 16:02:00.959,RAWBYTE,16113,0b,11,,,,,,,"RAWBYTE,16113,0b,11"
2026-04-23 16:02:00.979,RAWBYTE,16134,16,22,,,,,,,"RAWBYTE,16134,16,22"
2026-04-23 16:02:01.002,RAWBYTE,16154,0a,10,,,,,,,"RAWBYTE,16154,0a,10"
2026-04-23 16:02:01.020,RAWBYTE,16174,0b,11,,,,,,,"RAWBYTE,16174,0b,11"
2026-04-23 16:02:01.042,RAWBYTE,16195,16,22,,,,,,,"RAWBYTE,16195,16,22"
2026-04-23 16:02:01.061,RAWBYTE,16215,21,33,,,,,,,"RAWBYTE,16215,21,33"
2026-04-23 16:02:01.086,RAWBYTE,16236,16,22,,,,,,,"RAWBYTE,16236,16,22"
2026-04-23 16:02:01.104,RAWBYTE,16257,0a,10,,,,,,,"RAWBYTE,16257,0a,10"
2026-04-23 16:02:01.123,RAWBYTE,16277,02,2,,,,,,,"RAWBYTE,16277,02,2"
2026-04-23 16:02:01.144,RAWBYTE,16297,2c,44,,,,,,,"RAWBYTE,16297,2c,44"
2026-04-23 16:02:01.164,RAWBYTE,16318,0a,10,,,,,,,"RAWBYTE,16318,0a,10"
2026-04-23 16:02:01.184,RAWBYTE,16339,0b,11,,,,,,,"RAWBYTE,16339,0b,11"
2026-04-23 16:02:01.206,RAWBYTE,16359,2c,44,,,,,,,"RAWBYTE,16359,2c,44"
2026-04-23 16:02:01.225,RAWBYTE,16379,01,1,,,,,,,"RAWBYTE,16379,01,1"
2026-04-23 16:02:01.247,RAWBYTE,16400,0b,11,,,,,,,"RAWBYTE,16400,0b,11"
2026-04-23 16:02:01.265,RAWBYTE,16420,2c,44,,,,,,,"RAWBYTE,16420,2c,44"
2026-04-23 16:02:01.287,RAWBYTE,16441,0a,10,,,,,,,"RAWBYTE,16441,0a,10"
2026-04-23 16:02:01.308,RAWBYTE,16461,0b,11,,,,,,,"RAWBYTE,16461,0b,11"
2026-04-23 16:02:01.328,RAWBYTE,16482,01,1,,,,,,,"RAWBYTE,16482,01,1"
2026-04-23 16:02:01.353,RAWBYTE,16502,0a,10,,,,,,,"RAWBYTE,16502,0a,10"
2026-04-23 16:02:01.369,RAWBYTE,16523,02,2,,,,,,,"RAWBYTE,16523,02,2"
2026-04-23 16:02:01.388,RAWBYTE,16543,16,22,,,,,,,"RAWBYTE,16543,16,22"
2026-04-23 16:02:01.442,RAWBYTE,16564,0b,11,,,,,,,"RAWBYTE,16564,0b,11"
2026-04-23 16:02:01.444,RAWBYTE,16584,2c,44,,,,,,,"RAWBYTE,16584,2c,44"
2026-04-23 16:02:01.451,RAWBYTE,16605,0a,10,,,,,,,"RAWBYTE,16605,0a,10"
2026-04-23 16:02:01.471,RAWBYTE,16625,0b,11,,,,,,,"RAWBYTE,16625,0b,11"
2026-04-23 16:02:01.491,RAWBYTE,16646,2c,44,,,,,,,"RAWBYTE,16646,2c,44"
2026-04-23 16:02:01.514,RAWBYTE,16666,01,1,,,,,,,"RAWBYTE,16666,01,1"
2026-04-23 16:02:01.556,RAWBYTE,16686,0a,10,,,,,,,"RAWBYTE,16686,0a,10"
2026-04-23 16:02:01.556,RAWBYTE,16707,02,2,,,,,,,"RAWBYTE,16707,02,2"
2026-04-23 16:02:01.572,RAWBYTE,16727,16,22,,,,,,,"RAWBYTE,16727,16,22"
2026-04-23 16:02:01.593,RAWBYTE,16748,21,33,,,,,,,"RAWBYTE,16748,21,33"
2026-04-23 16:02:01.647,RAWBYTE,16768,02,2,,,,,,,"RAWBYTE,16768,02,2"
2026-04-23 16:02:01.649,RAWBYTE,16789,16,22,,,,,,,"RAWBYTE,16789,16,22"
2026-04-23 16:02:01.656,RAWBYTE,16809,0a,10,,,,,,,"RAWBYTE,16809,0a,10"
2026-04-23 16:02:01.683,RAWBYTE,16830,02,2,,,,,,,"RAWBYTE,16830,02,2"
2026-04-23 16:02:01.698,RAWBYTE,16850,01,1,,,,,,,"RAWBYTE,16850,01,1"
2026-04-23 16:02:01.717,RAWBYTE,16871,0b,11,,,,,,,"RAWBYTE,16871,0b,11"
2026-04-23 16:02:01.761,RAWBYTE,16891,21,33,,,,,,,"RAWBYTE,16891,21,33"
2026-04-23 16:02:01.762,RAWBYTE,16911,0b,11,,,,,,,"RAWBYTE,16911,0b,11"
2026-04-23 16:02:01.778,RAWBYTE,16932,02,2,,,,,,,"RAWBYTE,16932,02,2"
2026-04-23 16:02:01.797,RAWBYTE,16952,01,1,,,,,,,"RAWBYTE,16952,01,1"
2026-04-23 16:02:01.819,RAWBYTE,16972,0b,11,,,,,,,"RAWBYTE,16972,0b,11"
2026-04-23 16:02:01.853,RAWBYTE,16992,16,22,,,,,,,"RAWBYTE,16992,16,22"
2026-04-23 16:02:01.858,RAWBYTE,17013,0a,10,,,,,,,"RAWBYTE,17013,0a,10"
2026-04-23 16:02:01.879,RAWBYTE,17033,0b,11,,,,,,,"RAWBYTE,17033,0b,11"
2026-04-23 16:02:01.900,RAWBYTE,17054,2c,44,,,,,,,"RAWBYTE,17054,2c,44"
2026-04-23 16:02:01.921,RAWBYTE,17074,01,1,,,,,,,"RAWBYTE,17074,01,1"
2026-04-23 16:02:01.941,RAWBYTE,17095,21,33,,,,,,,"RAWBYTE,17095,21,33"
2026-04-23 16:02:01.961,RAWBYTE,17115,02,2,,,,,,,"RAWBYTE,17115,02,2"
2026-04-23 16:02:01.989,RAWBYTE,17136,01,1,,,,,,,"RAWBYTE,17136,01,1"
2026-04-23 16:02:02.002,RAWBYTE,17156,21,33,,,,,,,"RAWBYTE,17156,21,33"
2026-04-23 16:02:02.023,RAWBYTE,17177,02,2,,,,,,,"RAWBYTE,17177,02,2"
2026-04-23 16:02:02.043,RAWBYTE,17197,2c,44,,,,,,,"RAWBYTE,17197,2c,44"
2026-04-23 16:02:02.063,RAWBYTE,17218,01,1,,,,,,,"RAWBYTE,17218,01,1"
2026-04-23 16:02:02.084,RAWBYTE,17238,0b,11,,,,,,,"RAWBYTE,17238,0b,11"
2026-04-23 16:02:02.104,RAWBYTE,17259,16,22,,,,,,,"RAWBYTE,17259,16,22"
2026-04-23 16:02:02.126,RAWBYTE,17279,21,33,,,,,,,"RAWBYTE,17279,21,33"
2026-04-23 16:02:02.145,RAWBYTE,17300,2c,44,,,,,,,"RAWBYTE,17300,2c,44"
2026-04-23 16:02:02.167,RAWBYTE,17320,01,1,,,,,,,"RAWBYTE,17320,01,1"
2026-04-23 16:02:02.187,RAWBYTE,17341,0b,11,,,,,,,"RAWBYTE,17341,0b,11"
2026-04-23 16:02:02.212,RAWBYTE,17361,01,1,,,,,,,"RAWBYTE,17361,01,1"
2026-04-23 16:02:02.241,RAWBYTE,17382,21,33,,,,,,,"RAWBYTE,17382,21,33"
2026-04-23 16:02:02.248,RAWBYTE,17402,2c,44,,,,,,,"RAWBYTE,17402,2c,44"
2026-04-23 16:02:02.268,RAWBYTE,17422,0a,10,,,,,,,"RAWBYTE,17422,0a,10"
2026-04-23 16:02:02.288,RAWBYTE,17443,02,2,,,,,,,"RAWBYTE,17443,02,2"
2026-04-23 16:02:02.310,RAWBYTE,17464,01,1,,,,,,,"RAWBYTE,17464,01,1"
2026-04-23 16:02:02.331,RAWBYTE,17484,21,33,,,,,,,"RAWBYTE,17484,21,33"
2026-04-23 16:02:02.350,RAWBYTE,17504,02,2,,,,,,,"RAWBYTE,17504,02,2"
2026-04-23 16:02:02.373,RAWBYTE,17525,16,22,,,,,,,"RAWBYTE,17525,16,22"
2026-04-23 16:02:02.391,RAWBYTE,17545,21,33,,,,,,,"RAWBYTE,17545,21,33"
2026-04-23 16:02:02.412,RAWBYTE,17566,2c,44,,,,,,,"RAWBYTE,17566,2c,44"
2026-04-23 16:02:02.432,RAWBYTE,17586,0a,10,,,,,,,"RAWBYTE,17586,0a,10"
2026-04-23 16:02:02.451,RAWBYTE,17607,0b,11,,,,,,,"RAWBYTE,17607,0b,11"
2026-04-23 16:02:02.472,RAWBYTE,17627,16,22,,,,,,,"RAWBYTE,17627,16,22"
2026-04-23 16:02:02.494,RAWBYTE,17648,21,33,,,,,,,"RAWBYTE,17648,21,33"
2026-04-23 16:02:02.525,RAWBYTE,17668,2c,44,,,,,,,"RAWBYTE,17668,2c,44"
2026-04-23 16:02:02.538,RAWBYTE,17689,0a,10,,,,,,,"RAWBYTE,17689,0a,10"
2026-04-23 16:02:02.555,RAWBYTE,17709,21,33,,,,,,,"RAWBYTE,17709,21,33"
2026-04-23 16:02:02.578,RAWBYTE,17730,02,2,,,,,,,"RAWBYTE,17730,02,2"
2026-04-23 16:02:02.596,RAWBYTE,17750,01,1,,,,,,,"RAWBYTE,17750,01,1"
2026-04-23 16:02:02.622,RAWBYTE,17771,0b,11,,,,,,,"RAWBYTE,17771,0b,11"
2026-04-23 16:02:02.637,RAWBYTE,17791,2c,44,,,,,,,"RAWBYTE,17791,2c,44"
2026-04-23 16:02:02.658,RAWBYTE,17812,0a,10,,,,,,,"RAWBYTE,17812,0a,10"
2026-04-23 16:02:02.680,RAWBYTE,17833,0b,11,,,,,,,"RAWBYTE,17833,0b,11"
2026-04-23 16:02:02.699,RAWBYTE,17853,16,22,,,,,,,"RAWBYTE,17853,16,22"
2026-04-23 16:02:02.721,RAWBYTE,17874,21,33,,,,,,,"RAWBYTE,17874,21,33"
2026-04-23 16:02:02.741,RAWBYTE,17894,02,2,,,,,,,"RAWBYTE,17894,02,2"
2026-04-23 16:02:02.761,RAWBYTE,17915,01,1,,,,,,,"RAWBYTE,17915,01,1"
2026-04-23 16:02:02.783,RAWBYTE,17935,02,2,,,,,,,"RAWBYTE,17935,02,2"
2026-04-23 16:02:02.802,RAWBYTE,17956,16,22,,,,,,,"RAWBYTE,17956,16,22"
2026-04-23 16:02:02.822,RAWBYTE,17976,0a,10,,,,,,,"RAWBYTE,17976,0a,10"
2026-04-23 16:02:02.842,RAWBYTE,17997,2c,44,,,,,,,"RAWBYTE,17997,2c,44"
2026-04-23 16:02:02.863,RAWBYTE,18017,01,1,,,,,,,"RAWBYTE,18017,01,1"
2026-04-23 16:02:02.894,RAWBYTE,18037,21,33,,,,,,,"RAWBYTE,18037,21,33"
2026-04-23 16:02:02.904,RAWBYTE,18058,02,2,,,,,,,"RAWBYTE,18058,02,2"
2026-04-23 16:02:02.923,RAWBYTE,18079,16,22,,,,,,,"RAWBYTE,18079,16,22"
2026-04-23 16:02:02.944,RAWBYTE,18099,21,33,,,,,,,"RAWBYTE,18099,21,33"
2026-04-23 16:02:02.964,RAWBYTE,18120,2c,44,,,,,,,"RAWBYTE,18120,2c,44"
2026-04-23 16:02:02.985,RAWBYTE,18140,01,1,,,,,,,"RAWBYTE,18140,01,1"
2026-04-23 16:02:03.005,RAWBYTE,18160,0b,11,,,,,,,"RAWBYTE,18160,0b,11"
2026-04-23 16:02:03.026,RAWBYTE,18181,02,2,,,,,,,"RAWBYTE,18181,02,2"
2026-04-23 16:02:03.046,RAWBYTE,18202,16,22,,,,,,,"RAWBYTE,18202,16,22"
2026-04-23 16:02:03.068,RAWBYTE,18222,21,33,,,,,,,"RAWBYTE,18222,21,33"
2026-04-23 16:02:03.090,RAWBYTE,18242,02,2,,,,,,,"RAWBYTE,18242,02,2"
2026-04-23 16:02:03.140,RAWBYTE,18263,16,22,,,,,,,"RAWBYTE,18263,16,22"
2026-04-23 16:02:03.141,RAWBYTE,18284,21,33,,,,,,,"RAWBYTE,18284,21,33"
2026-04-23 16:02:03.150,RAWBYTE,18304,2c,44,,,,,,,"RAWBYTE,18304,2c,44"
2026-04-23 16:02:03.171,RAWBYTE,18324,16,22,,,,,,,"RAWBYTE,18324,16,22"
2026-04-23 16:02:03.192,RAWBYTE,18345,0b,11,,,,,,,"RAWBYTE,18345,0b,11"
2026-04-23 16:02:03.212,RAWBYTE,18365,01,1,,,,,,,"RAWBYTE,18365,01,1"
2026-04-23 16:02:03.232,RAWBYTE,18386,0b,11,,,,,,,"RAWBYTE,18386,0b,11"
2026-04-23 16:02:03.255,RAWBYTE,18406,16,22,,,,,,,"RAWBYTE,18406,16,22"
2026-04-23 16:02:03.273,RAWBYTE,18427,0a,10,,,,,,,"RAWBYTE,18427,0a,10"
2026-04-23 16:02:03.295,RAWBYTE,18447,0b,11,,,,,,,"RAWBYTE,18447,0b,11"
2026-04-23 16:02:03.313,RAWBYTE,18468,16,22,,,,,,,"RAWBYTE,18468,16,22"
2026-04-23 16:02:03.335,RAWBYTE,18488,21,33,,,,,,,"RAWBYTE,18488,21,33"
2026-04-23 16:02:03.355,RAWBYTE,18509,02,2,,,,,,,"RAWBYTE,18509,02,2"
2026-04-23 16:02:03.376,RAWBYTE,18529,0a,10,,,,,,,"RAWBYTE,18529,0a,10"
2026-04-23 16:02:03.404,RAWBYTE,18550,02,2,,,,,,,"RAWBYTE,18550,02,2"
2026-04-23 16:02:03.417,RAWBYTE,18570,01,1,,,,,,,"RAWBYTE,18570,01,1"
2026-04-23 16:02:03.437,RAWBYTE,18591,21,33,,,,,,,"RAWBYTE,18591,21,33"
2026-04-23 16:02:03.460,RAWBYTE,18611,16,22,,,,,,,"RAWBYTE,18611,16,22"
2026-04-23 16:02:03.478,RAWBYTE,18632,0a,10,,,,,,,"RAWBYTE,18632,0a,10"
2026-04-23 16:02:03.499,RAWBYTE,18652,02,2,,,,,,,"RAWBYTE,18652,02,2"
2026-04-23 16:02:03.519,RAWBYTE,18673,16,22,,,,,,,"RAWBYTE,18673,16,22"
2026-04-23 16:02:03.539,RAWBYTE,18693,0a,10,,,,,,,"RAWBYTE,18693,0a,10"
2026-04-23 16:02:03.560,RAWBYTE,18714,2c,44,,,,,,,"RAWBYTE,18714,2c,44"
2026-04-23 16:02:03.580,RAWBYTE,18734,01,1,,,,,,,"RAWBYTE,18734,01,1"
2026-04-23 16:02:03.602,RAWBYTE,18754,0b,11,,,,,,,"RAWBYTE,18754,0b,11"
2026-04-23 16:02:03.621,RAWBYTE,18775,02,2,,,,,,,"RAWBYTE,18775,02,2"
2026-04-23 16:02:03.641,RAWBYTE,18796,01,1,,,,,,,"RAWBYTE,18796,01,1"
2026-04-23 16:02:03.664,RAWBYTE,18816,21,33,,,,,,,"RAWBYTE,18816,21,33"
2026-04-23 16:02:03.682,RAWBYTE,18836,2c,44,,,,,,,"RAWBYTE,18836,2c,44"
2026-04-23 16:02:03.704,RAWBYTE,18857,01,1,,,,,,,"RAWBYTE,18857,01,1"
2026-04-23 16:02:03.724,RAWBYTE,18877,02,2,,,,,,,"RAWBYTE,18877,02,2"
2026-04-23 16:02:03.745,RAWBYTE,18898,16,22,,,,,,,"RAWBYTE,18898,16,22"
2026-04-23 16:02:03.765,RAWBYTE,18918,0a,10,,,,,,,"RAWBYTE,18918,0a,10"
2026-04-23 16:02:03.785,RAWBYTE,18939,0b,11,,,,,,,"RAWBYTE,18939,0b,11"
2026-04-23 16:02:03.807,RAWBYTE,18959,16,22,,,,,,,"RAWBYTE,18959,16,22"
2026-04-23 16:02:03.826,RAWBYTE,18980,0a,10,,,,,,,"RAWBYTE,18980,0a,10"
2026-04-23 16:02:03.846,RAWBYTE,19000,0b,11,,,,,,,"RAWBYTE,19000,0b,11"
2026-04-23 16:02:03.867,RAWBYTE,19021,16,22,,,,,,,"RAWBYTE,19021,16,22"
2026-04-23 16:02:03.887,RAWBYTE,19041,0a,10,,,,,,,"RAWBYTE,19041,0a,10"
2026-04-23 16:02:03.909,RAWBYTE,19062,02,2,,,,,,,"RAWBYTE,19062,02,2"
2026-04-23 16:02:03.928,RAWBYTE,19083,16,22,,,,,,,"RAWBYTE,19083,16,22"
2026-04-23 16:02:03.949,RAWBYTE,19103,21,33,,,,,,,"RAWBYTE,19103,21,33"
2026-04-23 16:02:03.971,RAWBYTE,19124,2c,44,,,,,,,"RAWBYTE,19124,2c,44"
2026-04-23 16:02:03.990,RAWBYTE,19144,01,1,,,,,,,"RAWBYTE,19144,01,1"
2026-04-23 16:02:04.011,RAWBYTE,19165,21,33,,,,,,,"RAWBYTE,19165,21,33"
2026-04-23 16:02:04.031,RAWBYTE,19185,02,2,,,,,,,"RAWBYTE,19185,02,2"
2026-04-23 16:02:04.051,RAWBYTE,19206,01,1,,,,,,,"RAWBYTE,19206,01,1"
2026-04-23 16:02:04.073,RAWBYTE,19226,21,33,,,,,,,"RAWBYTE,19226,21,33"
2026-04-23 16:02:04.093,RAWBYTE,19247,02,2,,,,,,,"RAWBYTE,19247,02,2"
2026-04-23 16:02:04.114,RAWBYTE,19267,01,1,,,,,,,"RAWBYTE,19267,01,1"
2026-04-23 16:02:04.134,RAWBYTE,19287,0a,10,,,,,,,"RAWBYTE,19287,0a,10"
2026-04-23 16:02:04.154,RAWBYTE,19308,02,2,,,,,,,"RAWBYTE,19308,02,2"
2026-04-23 16:02:04.177,RAWBYTE,19329,16,22,,,,,,,"RAWBYTE,19329,16,22"
2026-04-23 16:02:04.206,RAWBYTE,19349,21,33,,,,,,,"RAWBYTE,19349,21,33"
2026-04-23 16:02:04.216,RAWBYTE,19369,0b,11,,,,,,,"RAWBYTE,19369,0b,11"
2026-04-23 16:02:04.236,RAWBYTE,19390,2c,44,,,,,,,"RAWBYTE,19390,2c,44"
2026-04-23 16:02:04.256,RAWBYTE,19410,01,1,,,,,,,"RAWBYTE,19410,01,1"
2026-04-23 16:02:04.279,RAWBYTE,19431,21,33,,,,,,,"RAWBYTE,19431,21,33"
2026-04-23 16:02:04.296,RAWBYTE,19451,16,22,,,,,,,"RAWBYTE,19451,16,22"
2026-04-23 16:02:04.319,RAWBYTE,19472,01,1,,,,,,,"RAWBYTE,19472,01,1"
2026-04-23 16:02:04.338,RAWBYTE,19492,21,33,,,,,,,"RAWBYTE,19492,21,33"
2026-04-23 16:02:04.359,RAWBYTE,19513,02,2,,,,,,,"RAWBYTE,19513,02,2"
2026-04-23 16:02:04.385,RAWBYTE,19533,01,1,,,,,,,"RAWBYTE,19533,01,1"
2026-04-23 16:02:04.400,RAWBYTE,19554,0b,11,,,,,,,"RAWBYTE,19554,0b,11"
2026-04-23 16:02:04.421,RAWBYTE,19574,02,2,,,,,,,"RAWBYTE,19574,02,2"
2026-04-23 16:02:04.439,RAWBYTE,19595,2c,44,,,,,,,"RAWBYTE,19595,2c,44"
2026-04-23 16:02:04.460,RAWBYTE,19615,16,22,,,,,,,"RAWBYTE,19615,16,22"
2026-04-23 16:02:04.482,RAWBYTE,19636,21,33,,,,,,,"RAWBYTE,19636,21,33"
2026-04-23 16:02:04.501,RAWBYTE,19656,02,2,,,,,,,"RAWBYTE,19656,02,2"
2026-04-23 16:02:04.521,RAWBYTE,19677,16,22,,,,,,,"RAWBYTE,19677,16,22"
2026-04-23 16:02:04.543,RAWBYTE,19697,21,33,,,,,,,"RAWBYTE,19697,21,33"
2026-04-23 16:02:04.563,RAWBYTE,19718,02,2,,,,,,,"RAWBYTE,19718,02,2"
2026-04-23 16:02:04.586,RAWBYTE,19738,01,1,,,,,,,"RAWBYTE,19738,01,1"
2026-04-23 16:02:04.604,RAWBYTE,19759,21,33,,,,,,,"RAWBYTE,19759,21,33"
2026-04-23 16:02:04.626,RAWBYTE,19779,2c,44,,,,,,,"RAWBYTE,19779,2c,44"
2026-04-23 16:02:04.645,RAWBYTE,19799,01,1,,,,,,,"RAWBYTE,19799,01,1"
2026-04-23 16:02:04.675,RAWBYTE,19820,21,33,,,,,,,"RAWBYTE,19820,21,33"
2026-04-23 16:02:04.691,RAWBYTE,19841,02,2,,,,,,,"RAWBYTE,19841,02,2"
2026-04-23 16:02:04.707,RAWBYTE,19861,16,22,,,,,,,"RAWBYTE,19861,16,22"
2026-04-23 16:02:04.728,RAWBYTE,19881,21,33,,,,,,,"RAWBYTE,19881,21,33"
2026-04-23 16:02:04.748,RAWBYTE,19902,02,2,,,,,,,"RAWBYTE,19902,02,2"
2026-04-23 16:02:04.768,RAWBYTE,19922,21,33,,,,,,,"RAWBYTE,19922,21,33"
2026-04-23 16:02:04.791,RAWBYTE,19943,2c,44,,,,,,,"RAWBYTE,19943,2c,44"
2026-04-23 16:02:04.809,RAWBYTE,19963,0a,10,,,,,,,"RAWBYTE,19963,0a,10"
2026-04-23 16:02:04.831,RAWBYTE,19984,02,2,,,,,,,"RAWBYTE,19984,02,2"
2026-04-23 16:02:04.852,RAWBYTE,20004,01,1,,,,,,,"RAWBYTE,20004,01,1"
2026-04-23 16:02:04.871,RAWBYTE,20025,0b,11,,,,,,,"RAWBYTE,20025,0b,11"
2026-04-23 16:02:04.893,RAWBYTE,20045,16,22,,,,,,,"RAWBYTE,20045,16,22"
2026-04-23 16:02:04.911,RAWBYTE,20066,21,33,,,,,,,"RAWBYTE,20066,21,33"
2026-04-23 16:02:04.933,RAWBYTE,20086,2c,44,,,,,,,"RAWBYTE,20086,2c,44"
2026-04-23 16:02:04.953,RAWBYTE,20107,0a,10,,,,,,,"RAWBYTE,20107,0a,10"
2026-04-23 16:02:04.973,RAWBYTE,20127,02,2,,,,,,,"RAWBYTE,20127,02,2"
2026-04-23 16:02:04.996,RAWBYTE,20148,01,1,,,,,,,"RAWBYTE,20148,01,1"
2026-04-23 16:02:05.014,RAWBYTE,20168,0b,11,,,,,,,"RAWBYTE,20168,0b,11"
2026-04-23 16:02:05.035,RAWBYTE,20189,16,22,,,,,,,"RAWBYTE,20189,16,22"
2026-04-23 16:02:05.055,RAWBYTE,20209,21,33,,,,,,,"RAWBYTE,20209,21,33"
2026-04-23 16:02:05.076,RAWBYTE,20230,2c,44,,,,,,,"RAWBYTE,20230,2c,44"
2026-04-23 16:02:05.098,RAWBYTE,20250,0a,10,,,,,,,"RAWBYTE,20250,0a,10"
2026-04-23 16:02:05.116,RAWBYTE,20271,02,2,,,,,,,"RAWBYTE,20271,02,2"
2026-04-23 16:02:05.138,RAWBYTE,20291,01,1,,,,,,,"RAWBYTE,20291,01,1"
2026-04-23 16:02:05.170,RAWBYTE,20311,0b,11,,,,,,,"RAWBYTE,20311,0b,11"
2026-04-23 16:02:05.177,RAWBYTE,20332,16,22,,,,,,,"RAWBYTE,20332,16,22"
2026-04-23 16:02:05.200,RAWBYTE,20353,21,33,,,,,,,"RAWBYTE,20353,21,33"
2026-04-23 16:02:05.219,RAWBYTE,20373,2c,44,,,,,,,"RAWBYTE,20373,2c,44"
2026-04-23 16:02:05.240,RAWBYTE,20393,0a,10,,,,,,,"RAWBYTE,20393,0a,10"
2026-04-23 16:02:05.265,RAWBYTE,20414,02,2,,,,,,,"RAWBYTE,20414,02,2"
2026-04-23 16:02:05.281,RAWBYTE,20434,01,1,,,,,,,"RAWBYTE,20434,01,1"
2026-04-23 16:02:05.303,RAWBYTE,20455,0b,11,,,,,,,"RAWBYTE,20455,0b,11"
2026-04-23 16:02:05.321,RAWBYTE,20475,16,22,,,,,,,"RAWBYTE,20475,16,22"
2026-04-23 16:02:05.343,RAWBYTE,20496,21,33,,,,,,,"RAWBYTE,20496,21,33"
2026-04-23 16:02:05.366,RAWBYTE,20516,2c,44,,,,,,,"RAWBYTE,20516,2c,44"
2026-04-23 16:02:05.383,RAWBYTE,20537,0a,10,,,,,,,"RAWBYTE,20537,0a,10"
2026-04-23 16:02:05.406,RAWBYTE,20557,02,2,,,,,,,"RAWBYTE,20557,02,2"
2026-04-23 16:02:05.424,RAWBYTE,20578,01,1,,,,,,,"RAWBYTE,20578,01,1"
2026-04-23 16:02:05.445,RAWBYTE,20598,0b,11,,,,,,,"RAWBYTE,20598,0b,11"
2026-04-23 16:02:05.464,RAWBYTE,20619,16,22,,,,,,,"RAWBYTE,20619,16,22"
2026-04-23 16:02:05.484,RAWBYTE,20639,21,33,,,,,,,"RAWBYTE,20639,21,33"
2026-04-23 16:02:05.510,RAWBYTE,20660,2c,44,,,,,,,"RAWBYTE,20660,2c,44"
2026-04-23 16:02:05.525,RAWBYTE,20680,0a,10,,,,,,,"RAWBYTE,20680,0a,10"
2026-04-23 16:02:05.548,RAWBYTE,20700,02,2,,,,,,,"RAWBYTE,20700,02,2"
2026-04-23 16:02:05.567,RAWBYTE,20721,01,1,,,,,,,"RAWBYTE,20721,01,1"
2026-04-23 16:02:05.588,RAWBYTE,20742,0b,11,,,,,,,"RAWBYTE,20742,0b,11"
2026-04-23 16:02:05.610,RAWBYTE,20762,16,22,,,,,,,"RAWBYTE,20762,16,22"
2026-04-23 16:02:05.628,RAWBYTE,20782,21,33,,,,,,,"RAWBYTE,20782,21,33"
2026-04-23 16:02:05.650,RAWBYTE,20803,2c,44,,,,,,,"RAWBYTE,20803,2c,44"
2026-04-23 16:02:05.669,RAWBYTE,20823,0a,10,,,,,,,"RAWBYTE,20823,0a,10"
2026-04-23 16:02:05.690,RAWBYTE,20844,02,2,,,,,,,"RAWBYTE,20844,02,2"
2026-04-23 16:02:05.712,RAWBYTE,20864,01,1,,,,,,,"RAWBYTE,20864,01,1"
2026-04-23 16:02:05.731,RAWBYTE,20885,0b,11,,,,,,,"RAWBYTE,20885,0b,11"
2026-04-23 16:02:05.752,RAWBYTE,20905,16,22,,,,,,,"RAWBYTE,20905,16,22"
2026-04-23 16:02:05.772,RAWBYTE,20926,21,33,,,,,,,"RAWBYTE,20926,21,33"
2026-04-23 16:02:05.792,RAWBYTE,20946,2c,44,,,,,,,"RAWBYTE,20946,2c,44"
2026-04-23 16:02:05.814,RAWBYTE,20967,0a,10,,,,,,,"RAWBYTE,20967,0a,10"
2026-04-23 16:02:05.833,RAWBYTE,20987,02,2,,,,,,,"RAWBYTE,20987,02,2"
2026-04-23 16:02:05.855,RAWBYTE,21008,01,1,,,,,,,"RAWBYTE,21008,01,1"
2026-04-23 16:02:05.875,RAWBYTE,21028,0b,11,,,,,,,"RAWBYTE,21028,0b,11"
2026-04-23 16:02:05.895,RAWBYTE,21049,16,22,,,,,,,"RAWBYTE,21049,16,22"
2026-04-23 16:02:05.916,RAWBYTE,21069,21,33,,,,,,,"RAWBYTE,21069,21,33"
2026-04-23 16:02:05.936,RAWBYTE,21090,2c,44,,,,,,,"RAWBYTE,21090,2c,44"
2026-04-23 16:02:05.957,RAWBYTE,21110,0a,10,,,,,,,"RAWBYTE,21110,0a,10"
2026-04-23 16:02:05.976,RAWBYTE,21131,02,2,,,,,,,"RAWBYTE,21131,02,2"
2026-04-23 16:02:05.996,RAWBYTE,21151,01,1,,,,,,,"RAWBYTE,21151,01,1"
2026-04-23 16:02:06.019,RAWBYTE,21172,0b,11,,,,,,,"RAWBYTE,21172,0b,11"
2026-04-23 16:02:06.038,RAWBYTE,21192,16,22,,,,,,,"RAWBYTE,21192,16,22"
2026-04-23 16:02:06.060,RAWBYTE,21212,21,33,,,,,,,"RAWBYTE,21212,21,33"
2026-04-23 16:02:06.079,RAWBYTE,21233,2c,44,,,,,,,"RAWBYTE,21233,2c,44"
2026-04-23 16:02:06.099,RAWBYTE,21254,0a,10,,,,,,,"RAWBYTE,21254,0a,10"
2026-04-23 16:02:06.122,RAWBYTE,21274,02,2,,,,,,,"RAWBYTE,21274,02,2"
2026-04-23 16:02:06.140,RAWBYTE,21294,01,1,,,,,,,"RAWBYTE,21294,01,1"
2026-04-23 16:02:06.162,RAWBYTE,21315,0b,11,,,,,,,"RAWBYTE,21315,0b,11"
2026-04-23 16:02:06.182,RAWBYTE,21335,16,22,,,,,,,"RAWBYTE,21335,16,22"
2026-04-23 16:02:06.202,RAWBYTE,21356,21,33,,,,,,,"RAWBYTE,21356,21,33"
2026-04-23 16:02:06.224,RAWBYTE,21376,2c,44,,,,,,,"RAWBYTE,21376,2c,44"
2026-04-23 16:02:06.243,RAWBYTE,21397,0a,10,,,,,,,"RAWBYTE,21397,0a,10"
2026-04-23 16:02:06.264,RAWBYTE,21417,02,2,,,,,,,"RAWBYTE,21417,02,2"
2026-04-23 16:02:06.284,RAWBYTE,21438,01,1,,,,,,,"RAWBYTE,21438,01,1"
2026-04-23 16:02:06.304,RAWBYTE,21458,0b,11,,,,,,,"RAWBYTE,21458,0b,11"
2026-04-23 16:02:06.327,RAWBYTE,21479,16,22,,,,,,,"RAWBYTE,21479,16,22"
2026-04-23 16:02:06.345,RAWBYTE,21499,21,33,,,,,,,"RAWBYTE,21499,21,33"
2026-04-23 16:02:06.367,RAWBYTE,21520,2c,44,,,,,,,"RAWBYTE,21520,2c,44"
2026-04-23 16:02:06.386,RAWBYTE,21540,0a,10,,,,,,,"RAWBYTE,21540,0a,10"
2026-04-23 16:02:06.407,RAWBYTE,21561,02,2,,,,,,,"RAWBYTE,21561,02,2"
2026-04-23 16:02:06.429,RAWBYTE,21581,01,1,,,,,,,"RAWBYTE,21581,01,1"
2026-04-23 16:02:06.447,RAWBYTE,21602,0b,11,,,,,,,"RAWBYTE,21602,0b,11"
2026-04-23 16:02:06.469,RAWBYTE,21622,16,22,,,,,,,"RAWBYTE,21622,16,22"
2026-04-23 16:02:06.489,RAWBYTE,21643,21,33,,,,,,,"RAWBYTE,21643,21,33"
2026-04-23 16:02:06.509,RAWBYTE,21663,2c,44,,,,,,,"RAWBYTE,21663,2c,44"
2026-04-23 16:02:06.531,RAWBYTE,21684,0a,10,,,,,,,"RAWBYTE,21684,0a,10"
2026-04-23 16:02:06.550,RAWBYTE,21704,02,2,,,,,,,"RAWBYTE,21704,02,2"
2026-04-23 16:02:06.572,RAWBYTE,21724,01,1,,,,,,,"RAWBYTE,21724,01,1"
2026-04-23 16:02:06.591,RAWBYTE,21745,0b,11,,,,,,,"RAWBYTE,21745,0b,11"
2026-04-23 16:02:06.611,RAWBYTE,21766,16,22,,,,,,,"RAWBYTE,21766,16,22"
2026-04-23 16:02:06.634,RAWBYTE,21786,21,33,,,,,,,"RAWBYTE,21786,21,33"
2026-04-23 16:02:06.652,RAWBYTE,21806,2c,44,,,,,,,"RAWBYTE,21806,2c,44"
2026-04-23 16:02:06.674,RAWBYTE,21827,0a,10,,,,,,,"RAWBYTE,21827,0a,10"
2026-04-23 16:02:06.693,RAWBYTE,21847,02,2,,,,,,,"RAWBYTE,21847,02,2"
2026-04-23 16:02:06.714,RAWBYTE,21868,01,1,,,,,,,"RAWBYTE,21868,01,1"
2026-04-23 16:02:06.736,RAWBYTE,21888,0b,11,,,,,,,"RAWBYTE,21888,0b,11"
2026-04-23 16:02:06.754,RAWBYTE,21909,16,22,,,,,,,"RAWBYTE,21909,16,22"
2026-04-23 16:02:06.776,RAWBYTE,21929,21,33,,,,,,,"RAWBYTE,21929,21,33"
2026-04-23 16:02:06.796,RAWBYTE,21950,2c,44,,,,,,,"RAWBYTE,21950,2c,44"
2026-04-23 16:02:06.816,RAWBYTE,21970,0a,10,,,,,,,"RAWBYTE,21970,0a,10"
2026-04-23 16:02:06.839,RAWBYTE,21991,02,2,,,,,,,"RAWBYTE,21991,02,2"
2026-04-23 16:02:06.857,RAWBYTE,22011,01,1,,,,,,,"RAWBYTE,22011,01,1"
2026-04-23 16:02:06.879,RAWBYTE,22032,0b,11,,,,,,,"RAWBYTE,22032,0b,11"
2026-04-23 16:02:06.899,RAWBYTE,22052,16,22,,,,,,,"RAWBYTE,22052,16,22"
2026-04-23 16:02:06.919,RAWBYTE,22073,21,33,,,,,,,"RAWBYTE,22073,21,33"
2026-04-23 16:02:06.944,RAWBYTE,22093,2c,44,,,,,,,"RAWBYTE,22093,2c,44"
2026-04-23 16:02:06.960,RAWBYTE,22114,0a,10,,,,,,,"RAWBYTE,22114,0a,10"
2026-04-23 16:02:06.981,RAWBYTE,22134,02,2,,,,,,,"RAWBYTE,22134,02,2"
2026-04-23 16:02:07.001,RAWBYTE,22155,01,1,,,,,,,"RAWBYTE,22155,01,1"
2026-04-23 16:02:07.021,RAWBYTE,22175,0b,11,,,,,,,"RAWBYTE,22175,0b,11"
2026-04-23 16:02:07.044,RAWBYTE,22196,16,22,,,,,,,"RAWBYTE,22196,16,22"
2026-04-23 16:02:07.061,RAWBYTE,22216,21,33,,,,,,,"RAWBYTE,22216,21,33"
2026-04-23 16:02:07.084,RAWBYTE,22237,2c,44,,,,,,,"RAWBYTE,22237,2c,44"
2026-04-23 16:02:07.102,RAWBYTE,22257,0a,10,,,,,,,"RAWBYTE,22257,0a,10"
2026-04-23 16:02:07.123,RAWBYTE,22278,02,2,,,,,,,"RAWBYTE,22278,02,2"
2026-04-23 16:02:07.146,RAWBYTE,22299,01,1,,,,,,,"RAWBYTE,22299,01,1"
2026-04-23 16:02:07.165,RAWBYTE,22319,0b,11,,,,,,,"RAWBYTE,22319,0b,11"
2026-04-23 16:02:07.186,RAWBYTE,22339,16,22,,,,,,,"RAWBYTE,22339,16,22"
2026-04-23 16:02:07.207,RAWBYTE,22360,21,33,,,,,,,"RAWBYTE,22360,21,33"
2026-04-23 16:02:07.226,RAWBYTE,22381,2c,44,,,,,,,"RAWBYTE,22381,2c,44"
2026-04-23 16:02:07.248,RAWBYTE,22401,0a,10,,,,,,,"RAWBYTE,22401,0a,10"
2026-04-23 16:02:07.267,RAWBYTE,22421,02,2,,,,,,,"RAWBYTE,22421,02,2"
2026-04-23 16:02:07.288,RAWBYTE,22442,01,1,,,,,,,"RAWBYTE,22442,01,1"
2026-04-23 16:02:07.308,RAWBYTE,22462,0b,11,,,,,,,"RAWBYTE,22462,0b,11"
2026-04-23 16:02:07.329,RAWBYTE,22483,16,22,,,,,,,"RAWBYTE,22483,16,22"
2026-04-23 16:02:07.351,RAWBYTE,22503,21,33,,,,,,,"RAWBYTE,22503,21,33"
2026-04-23 16:02:07.369,RAWBYTE,22524,2c,44,,,,,,,"RAWBYTE,22524,2c,44"
2026-04-23 16:02:07.391,RAWBYTE,22544,0a,10,,,,,,,"RAWBYTE,22544,0a,10"
2026-04-23 16:02:07.411,RAWBYTE,22565,02,2,,,,,,,"RAWBYTE,22565,02,2"
2026-04-23 16:02:07.431,RAWBYTE,22585,01,1,,,,,,,"RAWBYTE,22585,01,1"
2026-04-23 16:02:07.477,RAWBYTE,22606,0b,11,,,,,,,"RAWBYTE,22606,0b,11"
2026-04-23 16:02:07.478,RAWBYTE,22627,16,22,,,,,,,"RAWBYTE,22627,16,22"
2026-04-23 16:02:07.493,RAWBYTE,22647,21,33,,,,,,,"RAWBYTE,22647,21,33"
2026-04-23 16:02:07.514,RAWBYTE,22668,2c,44,,,,,,,"RAWBYTE,22668,2c,44"
2026-04-23 16:02:07.534,RAWBYTE,22688,0a,10,,,,,,,"RAWBYTE,22688,0a,10"
2026-04-23 16:02:07.555,RAWBYTE,22709,02,2,,,,,,,"RAWBYTE,22709,02,2"
2026-04-23 16:02:07.575,RAWBYTE,22729,01,1,,,,,,,"RAWBYTE,22729,01,1"
2026-04-23 16:02:07.597,RAWBYTE,22750,0b,11,,,,,,,"RAWBYTE,22750,0b,11"
2026-04-23 16:02:07.616,RAWBYTE,22770,16,22,,,,,,,"RAWBYTE,22770,16,22"
2026-04-23 16:02:07.636,RAWBYTE,22791,21,33,,,,,,,"RAWBYTE,22791,21,33"
2026-04-23 16:02:07.658,RAWBYTE,22811,2c,44,,,,,,,"RAWBYTE,22811,2c,44"
2026-04-23 16:02:07.677,RAWBYTE,22831,0a,10,,,,,,,"RAWBYTE,22831,0a,10"
2026-04-23 16:02:07.700,RAWBYTE,22852,02,2,,,,,,,"RAWBYTE,22852,02,2"
2026-04-23 16:02:07.719,RAWBYTE,22872,01,1,,,,,,,"RAWBYTE,22872,01,1"
2026-04-23 16:02:07.739,RAWBYTE,22893,0b,11,,,,,,,"RAWBYTE,22893,0b,11"
2026-04-23 16:02:07.760,RAWBYTE,22913,16,22,,,,,,,"RAWBYTE,22913,16,22"
2026-04-23 16:02:07.780,RAWBYTE,22934,21,33,,,,,,,"RAWBYTE,22934,21,33"
2026-04-23 16:02:07.801,RAWBYTE,22954,2c,44,,,,,,,"RAWBYTE,22954,2c,44"
2026-04-23 16:02:07.820,RAWBYTE,22975,0a,10,,,,,,,"RAWBYTE,22975,0a,10"
2026-04-23 16:02:07.844,RAWBYTE,22995,02,2,,,,,,,"RAWBYTE,22995,02,2"
2026-04-23 16:02:07.863,RAWBYTE,23016,01,1,,,,,,,"RAWBYTE,23016,01,1"
2026-04-23 16:02:07.882,RAWBYTE,23036,0b,11,,,,,,,"RAWBYTE,23036,0b,11"
2026-04-23 16:02:07.903,RAWBYTE,23057,16,22,,,,,,,"RAWBYTE,23057,16,22"
2026-04-23 16:02:07.924,RAWBYTE,23077,21,33,,,,,,,"RAWBYTE,23077,21,33"
2026-04-23 16:02:07.944,RAWBYTE,23098,2c,44,,,,,,,"RAWBYTE,23098,2c,44"
2026-04-23 16:02:07.965,RAWBYTE,23118,0a,10,,,,,,,"RAWBYTE,23118,0a,10"
2026-04-23 16:02:07.985,RAWBYTE,23139,02,2,,,,,,,"RAWBYTE,23139,02,2"
2026-04-23 16:02:08.007,RAWBYTE,23159,01,1,,,,,,,"RAWBYTE,23159,01,1"
2026-04-23 16:02:08.026,RAWBYTE,23180,0b,11,,,,,,,"RAWBYTE,23180,0b,11"
2026-04-23 16:02:08.046,RAWBYTE,23200,16,22,,,,,,,"RAWBYTE,23200,16,22"
2026-04-23 16:02:08.068,RAWBYTE,23221,21,33,,,,,,,"RAWBYTE,23221,21,33"
2026-04-23 16:02:08.087,RAWBYTE,23241,2c,44,,,,,,,"RAWBYTE,23241,2c,44"
2026-04-23 16:02:08.109,RAWBYTE,23262,0a,10,,,,,,,"RAWBYTE,23262,0a,10"
2026-04-23 16:02:08.127,RAWBYTE,23282,02,2,,,,,,,"RAWBYTE,23282,02,2"
2026-04-23 16:02:08.147,RAWBYTE,23303,01,1,,,,,,,"RAWBYTE,23303,01,1"
2026-04-23 16:02:08.168,RAWBYTE,23323,0b,11,,,,,,,"RAWBYTE,23323,0b,11"
2026-04-23 16:02:08.189,RAWBYTE,23344,16,22,,,,,,,"RAWBYTE,23344,16,22"
2026-04-23 16:02:08.212,RAWBYTE,23364,21,33,,,,,,,"RAWBYTE,23364,21,33"
2026-04-23 16:02:08.231,RAWBYTE,23384,2c,44,,,,,,,"RAWBYTE,23384,2c,44"
2026-04-23 16:02:08.252,RAWBYTE,23405,0a,10,,,,,,,"RAWBYTE,23405,0a,10"
2026-04-23 16:02:08.272,RAWBYTE,23425,02,2,,,,,,,"RAWBYTE,23425,02,2"
2026-04-23 16:02:08.292,RAWBYTE,23446,01,1,,,,,,,"RAWBYTE,23446,01,1"
2026-04-23 16:02:08.314,RAWBYTE,23466,0b,11,,,,,,,"RAWBYTE,23466,0b,11"
2026-04-23 16:02:08.333,RAWBYTE,23487,16,22,,,,,,,"RAWBYTE,23487,16,22"
2026-04-23 16:02:08.353,RAWBYTE,23507,21,33,,,,,,,"RAWBYTE,23507,21,33"
2026-04-23 16:02:08.375,RAWBYTE,23528,2c,44,,,,,,,"RAWBYTE,23528,2c,44"
2026-04-23 16:02:08.405,RAWBYTE,23548,0a,10,,,,,,,"RAWBYTE,23548,0a,10"
2026-04-23 16:02:08.415,RAWBYTE,23569,02,2,,,,,,,"RAWBYTE,23569,02,2"
2026-04-23 16:02:08.435,RAWBYTE,23589,01,1,,,,,,,"RAWBYTE,23589,01,1"
2026-04-23 16:02:08.456,RAWBYTE,23610,0b,11,,,,,,,"RAWBYTE,23610,0b,11"
2026-04-23 16:02:08.477,RAWBYTE,23630,16,22,,,,,,,"RAWBYTE,23630,16,22"
2026-04-23 16:02:08.497,RAWBYTE,23651,21,33,,,,,,,"RAWBYTE,23651,21,33"
2026-04-23 16:02:08.518,RAWBYTE,23671,2c,44,,,,,,,"RAWBYTE,23671,2c,44"
2026-04-23 16:02:08.538,RAWBYTE,23692,0a,10,,,,,,,"RAWBYTE,23692,0a,10"
2026-04-23 16:02:08.558,RAWBYTE,23712,02,2,,,,,,,"RAWBYTE,23712,02,2"
2026-04-23 16:02:08.579,RAWBYTE,23733,01,1,,,,,,,"RAWBYTE,23733,01,1"
2026-04-23 16:02:08.598,RAWBYTE,23753,0b,11,,,,,,,"RAWBYTE,23753,0b,11"
2026-04-23 16:02:08.621,RAWBYTE,23774,16,22,,,,,,,"RAWBYTE,23774,16,22"
2026-04-23 16:02:08.640,RAWBYTE,23794,21,33,,,,,,,"RAWBYTE,23794,21,33"
2026-04-23 16:02:08.661,RAWBYTE,23815,2c,44,,,,,,,"RAWBYTE,23815,2c,44"
2026-04-23 16:02:08.682,RAWBYTE,23835,0a,10,,,,,,,"RAWBYTE,23835,0a,10"
2026-04-23 16:02:08.701,RAWBYTE,23856,02,2,,,,,,,"RAWBYTE,23856,02,2"
2026-04-23 16:02:08.724,RAWBYTE,23876,01,1,,,,,,,"RAWBYTE,23876,01,1"
2026-04-23 16:02:08.742,RAWBYTE,23896,0b,11,,,,,,,"RAWBYTE,23896,0b,11"
2026-04-23 16:02:08.763,RAWBYTE,23917,16,22,,,,,,,"RAWBYTE,23917,16,22"
2026-04-23 16:02:08.784,RAWBYTE,23938,21,33,,,,,,,"RAWBYTE,23938,21,33"
2026-04-23 16:02:08.804,RAWBYTE,23958,2c,44,,,,,,,"RAWBYTE,23958,2c,44"
2026-04-23 16:02:08.826,RAWBYTE,23978,0a,10,,,,,,,"RAWBYTE,23978,0a,10"
2026-04-23 16:02:08.845,RAWBYTE,23999,02,2,,,,,,,"RAWBYTE,23999,02,2"
2026-04-23 16:02:08.865,RAWBYTE,24019,01,1,,,,,,,"RAWBYTE,24019,01,1"
2026-04-23 16:02:08.886,RAWBYTE,24040,0b,11,,,,,,,"RAWBYTE,24040,0b,11"
2026-04-23 16:02:08.906,RAWBYTE,24060,16,22,,,,,,,"RAWBYTE,24060,16,22"
2026-04-23 16:02:08.929,RAWBYTE,24081,21,33,,,,,,,"RAWBYTE,24081,21,33"
2026-04-23 16:02:08.947,RAWBYTE,24101,2c,44,,,,,,,"RAWBYTE,24101,2c,44"
2026-04-23 16:02:08.968,RAWBYTE,24122,0a,10,,,,,,,"RAWBYTE,24122,0a,10"
2026-04-23 16:02:08.989,RAWBYTE,24142,02,2,,,,,,,"RAWBYTE,24142,02,2"
2026-04-23 16:02:09.009,RAWBYTE,24163,01,1,,,,,,,"RAWBYTE,24163,01,1"
2026-04-23 16:02:09.031,RAWBYTE,24183,0b,11,,,,,,,"RAWBYTE,24183,0b,11"
2026-04-23 16:02:09.050,RAWBYTE,24204,16,22,,,,,,,"RAWBYTE,24204,16,22"
2026-04-23 16:02:09.070,RAWBYTE,24224,21,33,,,,,,,"RAWBYTE,24224,21,33"
2026-04-23 16:02:09.092,RAWBYTE,24245,2c,44,,,,,,,"RAWBYTE,24245,2c,44"
2026-04-23 16:02:09.111,RAWBYTE,24265,0a,10,,,,,,,"RAWBYTE,24265,0a,10"
2026-04-23 16:02:09.133,RAWBYTE,24286,02,2,,,,,,,"RAWBYTE,24286,02,2"
2026-04-23 16:02:09.152,RAWBYTE,24306,01,1,,,,,,,"RAWBYTE,24306,01,1"
2026-04-23 16:02:09.172,RAWBYTE,24327,0b,11,,,,,,,"RAWBYTE,24327,0b,11"
2026-04-23 16:02:09.194,RAWBYTE,24347,16,22,,,,,,,"RAWBYTE,24347,16,22"
2026-04-23 16:02:09.214,RAWBYTE,24368,21,33,,,,,,,"RAWBYTE,24368,21,33"
2026-04-23 16:02:09.234,RAWBYTE,24388,2c,44,,,,,,,"RAWBYTE,24388,2c,44"
2026-04-23 16:02:09.255,RAWBYTE,24408,0a,10,,,,,,,"RAWBYTE,24408,0a,10"
2026-04-23 16:02:09.275,RAWBYTE,24429,02,2,,,,,,,"RAWBYTE,24429,02,2"
2026-04-23 16:02:09.296,RAWBYTE,24450,01,1,,,,,,,"RAWBYTE,24450,01,1"
2026-04-23 16:02:09.316,RAWBYTE,24470,0b,11,,,,,,,"RAWBYTE,24470,0b,11"
2026-04-23 16:02:09.339,RAWBYTE,24490,16,22,,,,,,,"RAWBYTE,24490,16,22"
2026-04-23 16:02:09.357,RAWBYTE,24511,21,33,,,,,,,"RAWBYTE,24511,21,33"
2026-04-23 16:02:09.378,RAWBYTE,24532,2c,44,,,,,,,"RAWBYTE,24532,2c,44"
2026-04-23 16:02:09.399,RAWBYTE,24552,0a,10,,,,,,,"RAWBYTE,24552,0a,10"
2026-04-23 16:02:09.419,RAWBYTE,24572,02,2,,,,,,,"RAWBYTE,24572,02,2"
2026-04-23 16:02:09.441,RAWBYTE,24593,01,1,,,,,,,"RAWBYTE,24593,01,1"
2026-04-23 16:02:09.459,RAWBYTE,24613,0b,11,,,,,,,"RAWBYTE,24613,0b,11"
2026-04-23 16:02:09.480,RAWBYTE,24634,16,22,,,,,,,"RAWBYTE,24634,16,22"
2026-04-23 16:02:09.501,RAWBYTE,24655,21,33,,,,,,,"RAWBYTE,24655,21,33"
2026-04-23 16:02:09.521,RAWBYTE,24675,2c,44,,,,,,,"RAWBYTE,24675,2c,44"
2026-04-23 16:02:09.543,RAWBYTE,24695,0a,10,,,,,,,"RAWBYTE,24695,0a,10"
2026-04-23 16:02:09.562,RAWBYTE,24716,02,2,,,,,,,"RAWBYTE,24716,02,2"
2026-04-23 16:02:09.583,RAWBYTE,24737,01,1,,,,,,,"RAWBYTE,24737,01,1"
2026-04-23 16:02:09.604,RAWBYTE,24757,0b,11,,,,,,,"RAWBYTE,24757,0b,11"
2026-04-23 16:02:09.624,RAWBYTE,24778,16,22,,,,,,,"RAWBYTE,24778,16,22"
2026-04-23 16:02:09.646,RAWBYTE,24798,21,33,,,,,,,"RAWBYTE,24798,21,33"
2026-04-23 16:02:09.664,RAWBYTE,24819,2c,44,,,,,,,"RAWBYTE,24819,2c,44"
2026-04-23 16:02:09.684,RAWBYTE,24839,0a,10,,,,,,,"RAWBYTE,24839,0a,10"
2026-04-23 16:02:09.704,RAWBYTE,24860,02,2,,,,,,,"RAWBYTE,24860,02,2"
2026-04-23 16:02:09.725,RAWBYTE,24880,01,1,,,,,,,"RAWBYTE,24880,01,1"
2026-04-23 16:02:09.748,RAWBYTE,24901,0b,11,,,,,,,"RAWBYTE,24901,0b,11"
2026-04-23 16:02:09.767,RAWBYTE,24921,16,22,,,,,,,"RAWBYTE,24921,16,22"
2026-04-23 16:02:09.788,RAWBYTE,24942,21,33,,,,,,,"RAWBYTE,24942,21,33"
2026-04-23 16:02:09.808,RAWBYTE,24962,2c,44,,,,,,,"RAWBYTE,24962,2c,44"
2026-04-23 16:02:09.829,RAWBYTE,24983,0a,10,,,,,,,"RAWBYTE,24983,0a,10"
2026-04-23 16:02:09.851,RAWBYTE,25003,02,2,,,,,,,"RAWBYTE,25003,02,2"
2026-04-23 16:02:09.870,RAWBYTE,25024,01,1,,,,,,,"RAWBYTE,25024,01,1"
2026-04-23 16:02:09.890,RAWBYTE,25044,0b,11,,,,,,,"RAWBYTE,25044,0b,11"
2026-04-23 16:02:09.911,RAWBYTE,25065,16,22,,,,,,,"RAWBYTE,25065,16,22"
2026-04-23 16:02:09.931,RAWBYTE,25085,21,33,,,,,,,"RAWBYTE,25085,21,33"
2026-04-23 16:02:09.953,RAWBYTE,25105,2c,44,,,,,,,"RAWBYTE,25105,2c,44"
2026-04-23 16:02:09.972,RAWBYTE,25126,0a,10,,,,,,,"RAWBYTE,25126,0a,10"
2026-04-23 16:02:09.992,RAWBYTE,25147,02,2,,,,,,,"RAWBYTE,25147,02,2"
2026-04-23 16:02:10.013,RAWBYTE,25167,01,1,,,,,,,"RAWBYTE,25167,01,1"
2026-04-23 16:02:10.033,RAWBYTE,25188,0b,11,,,,,,,"RAWBYTE,25188,0b,11"
2026-04-23 16:02:10.055,RAWBYTE,25208,16,22,,,,,,,"RAWBYTE,25208,16,22"
2026-04-23 16:02:10.075,RAWBYTE,25229,21,33,,,,,,,"RAWBYTE,25229,21,33"
2026-04-23 16:02:10.096,RAWBYTE,25250,2c,44,,,,,,,"RAWBYTE,25250,2c,44"
2026-04-23 16:02:10.123,RAWBYTE,25270,0a,10,,,,,,,"RAWBYTE,25270,0a,10"
2026-04-23 16:02:10.136,RAWBYTE,25290,02,2,,,,,,,"RAWBYTE,25290,02,2"
2026-04-23 16:02:10.158,RAWBYTE,25311,01,1,,,,,,,"RAWBYTE,25311,01,1"
2026-04-23 16:02:10.178,RAWBYTE,25331,0b,11,,,,,,,"RAWBYTE,25331,0b,11"
2026-04-23 16:02:10.198,RAWBYTE,25352,16,22,,,,,,,"RAWBYTE,25352,16,22"
2026-04-23 16:02:10.218,RAWBYTE,25372,21,33,,,,,,,"RAWBYTE,25372,21,33"
2026-04-23 16:02:10.239,RAWBYTE,25393,2c,44,,,,,,,"RAWBYTE,25393,2c,44"
2026-04-23 16:02:10.260,RAWBYTE,25413,0a,10,,,,,,,"RAWBYTE,25413,0a,10"
2026-04-23 16:02:10.280,STATUS,25434,,,,,,,,"WIFI_ALIVE,IP=10.198.115.147,RSSI=-35","STATUS,25434,WIFI_ALIVE,IP=10.198.115.147,RSSI=-35"
2026-04-23 16:02:15.281,STATUS,30435,,,,,,,,"WIFI_ALIVE,IP=10.198.115.147,RSSI=-35","STATUS,30435,WIFI_ALIVE,IP=10.198.115.147,RSSI=-35"
2026-04-23 16:02:20.283,STATUS,35436,,,,,,,,"WIFI_ALIVE,IP=10.198.115.147,RSSI=-35","STATUS,35436,WIFI_ALIVE,IP=10.198.115.147,RSSI=-35"
2026-04-23 16:02:25.283,STATUS,40437,,,,,,,,"WIFI_ALIVE,IP=10.198.115.147,RSSI=-35","STATUS,40437,WIFI_ALIVE,IP=10.198.115.147,RSSI=-35"
