row_id,wall_time_utc,session_id,scenario_id,execution_mode,scenario_time_s,program_time_s,sample_dt_s,phase,scenario_started,vehicle_mass_kg,mass_label,steer_cmd_deg,throttle_cmd,brake_cmd,speed_mps,yaw_rad,yaw_rate_rps,mode_id,fault_flag,rtt_ms,jitter_ms,steer_ref_deg,throttle_ref,brake_ref,speed_ref_mps,tol_steer_deg,tol_throttle,tol_brake,tol_speed_mps,e_speed_actual,e_steer_actual,speed_in_tol,speed_min_mps,speed_max_mps,speed_in_corridor,e_speed_low,e_speed_high
1,2026-04-21T13:26:51.113Z,S20260421_142650,SC01,AUTO,,0.6685,0.6518,start,0,1500,VIDE,0.0,0.0,0.0,0.0,0.0,0.0,0,0,0.0,0.0,0.0,0.0,0.0,0.0,2.0,1.0,0.05,0.8,0.0,0.0,1,0.0,0.2,1,0.0,0.2
2,2026-04-21T13:26:51.147Z,S20260421_142650,SC01,AUTO,,0.7021,0.0335,start,0,1500,VIDE,0.0,0.0,0.0,0.0,0.0,0.0,0,0,0.0,0.0,0.0,0.0,0.0,0.0,2.0,1.0,0.05,0.8,0.0,0.0,1,0.0,0.2,1,0.0,0.2
3,2026-04-21T13:26:51.210Z,S20260421_142650,SC01,AUTO,,0.7654,0.0634,start,0,1500,VIDE,0.0,0.0,0.0,0.0,0.0,0.0,0,0,0.0,0.0,0.0,0.0,0.0,0.0,2.0,1.0,0.05,0.8,0.0,0.0,1,0.0,0.2,1,0.0,0.2
4,2026-04-21T13:26:51.270Z,S20260421_142650,SC01,AUTO,,0.8249,0.0594,start,0,1500,VIDE,0.0,0.0,0.0,0.0,0.0,0.0,0,0,0.0,0.0,0.0,0.0,0.0,0.0,2.0,1.0,0.05,0.8,0.0,0.0,1,0.0,0.2,1,0.0,0.2
5,2026-04-21T13:26:51.335Z,S20260421_142650,SC01,AUTO,,0.8904,0.0655,start,0,1500,VIDE,0.0,0.0,0.0,0.0,0.0,0.0,0,0,0.0,0.0,0.0,0.0,0.0,0.0,2.0,1.0,0.05,0.8,0.0,0.0,1,0.0,0.2,1,0.0,0.2
6,2026-04-21T13:26:51.398Z,S20260421_142650,SC01,AUTO,,0.9533,0.063,start,0,1500,VIDE,0.0,0.0,0.0,0.0,0.0,0.0,0,0,0.0,0.0,0.0,0.0,0.0,0.0,2.0,1.0,0.05,0.8,0.0,0.0,1,0.0,0.2,1,0.0,0.2
7,2026-04-21T13:26:51.460Z,S20260421_142650,SC01,AUTO,,1.0156,0.0623,start,0,1500,VIDE,0.0,0.0,0.0,0.0,0.0,0.0,0,0,0.0,0.0,0.0,0.0,0.0,0.0,2.0,1.0,0.05,0.8,0.0,0.0,1,0.0,0.2,1,0.0,0.2
8,2026-04-21T13:26:51.520Z,S20260421_142650,SC01,AUTO,,1.0752,0.0596,start,0,1500,VIDE,0.0,0.0,0.0,0.0,0.0,0.0,0,0,0.0,0.0,0.0,0.0,0.0,0.0,2.0,1.0,0.05,0.8,0.0,0.0,1,0.0,0.2,1,0.0,0.2
9,2026-04-21T13:26:51.584Z,S20260421_142650,SC01,AUTO,,1.1396,0.0644,start,0,1500,VIDE,0.0,0.0,0.0,0.0,0.0,0.0,0,0,0.0,0.0,0.0,0.0,0.0,0.0,2.0,1.0,0.05,0.8,0.0,0.0,1,0.0,0.2,1,0.0,0.2
10,2026-04-21T13:26:51.645Z,S20260421_142650,SC01,AUTO,,1.2005,0.0609,start,0,1500,VIDE,0.0,0.0,0.0,0.0,0.0,0.0,0,0,0.0,0.0,0.0,0.0,0.0,0.0,2.0,1.0,0.05,0.8,0.0,0.0,1,0.0,0.2,1,0.0,0.2
11,2026-04-21T13:26:51.710Z,S20260421_142650,SC01,AUTO,,1.2652,0.0648,start,0,1500,VIDE,0.0,0.0,0.0,0.0,0.0,0.0,0,0,0.0,0.0,0.0,0.0,0.0,0.0,2.0,1.0,0.05,0.8,0.0,0.0,1,0.0,0.2,1,0.0,0.2
12,2026-04-21T13:26:51.769Z,S20260421_142650,SC01,AUTO,,1.3247,0.0595,start,0,1500,VIDE,0.0,0.0,0.0,0.0,0.0,0.0,0,0,0.0,0.0,0.0,0.0,0.0,0.0,2.0,1.0,0.05,0.8,0.0,0.0,1,0.0,0.2,1,0.0,0.2
13,2026-04-21T13:26:51.835Z,S20260421_142650,SC01,AUTO,,1.39,0.0653,start,0,1500,VIDE,0.0,0.0,0.0,0.0,0.0,0.0,0,0,0.0,0.0,0.0,0.0,0.0,0.0,2.0,1.0,0.05,0.8,0.0,0.0,1,0.0,0.2,1,0.0,0.2
14,2026-04-21T13:26:51.897Z,S20260421_142650,SC01,AUTO,,1.4527,0.0627,start,0,1500,VIDE,0.0,0.0,0.0,0.0,0.0,0.0,0,0,0.0,0.0,0.0,0.0,0.0,0.0,2.0,1.0,0.05,0.8,0.0,0.0,1,0.0,0.2,1,0.0,0.2
15,2026-04-21T13:26:51.959Z,S20260421_142650,SC01,AUTO,,1.5146,0.0619,start,0,1500,VIDE,0.0,0.0,0.0,0.0,0.0,0.0,0,0,0.0,0.0,0.0,0.0,0.0,0.0,2.0,1.0,0.05,0.8,0.0,0.0,1,0.0,0.2,1,0.0,0.2
16,2026-04-21T13:26:52.020Z,S20260421_142650,SC01,AUTO,,1.5748,0.0603,start,0,1500,VIDE,0.0,0.0,0.0,0.0,0.0,0.0,0,0,0.0,0.0,0.0,0.0,0.0,0.0,2.0,1.0,0.05,0.8,0.0,0.0,1,0.0,0.2,1,0.0,0.2
17,2026-04-21T13:26:52.083Z,S20260421_142650,SC01,AUTO,,1.6381,0.0633,start,0,1500,VIDE,0.0,0.0,0.0,0.0,0.0,0.0,0,0,0.0,0.0,0.0,0.0,0.0,0.0,2.0,1.0,0.05,0.8,0.0,0.0,1,0.0,0.2,1,0.0,0.2
18,2026-04-21T13:26:52.147Z,S20260421_142650,SC01,AUTO,,1.7026,0.0646,start,0,1500,VIDE,0.0,0.0,0.0,0.0,0.0,0.0,0,0,0.0,0.0,0.0,0.0,0.0,0.0,2.0,1.0,0.05,0.8,0.0,0.0,1,0.0,0.2,1,0.0,0.2
19,2026-04-21T13:26:52.211Z,S20260421_142650,SC01,AUTO,,1.7661,0.0634,start,0,1500,VIDE,0.0,0.0,0.0,0.0,0.0,0.0,0,0,0.0,0.0,0.0,0.0,0.0,0.0,2.0,1.0,0.05,0.8,0.0,0.0,1,0.0,0.2,1,0.0,0.2
20,2026-04-21T13:26:52.269Z,S20260421_142650,SC01,AUTO,,1.8246,0.0586,start,0,1500,VIDE,0.0,0.0,0.0,0.0,0.0,0.0,0,0,0.0,0.0,0.0,0.0,0.0,0.0,2.0,1.0,0.05,0.8,0.0,0.0,1,0.0,0.2,1,0.0,0.2
21,2026-04-21T13:26:52.338Z,S20260421_142650,SC01,AUTO,,1.8933,0.0686,start,0,1500,VIDE,0.0,0.0,0.0,0.0,0.0,0.0,0,0,0.0,0.0,0.0,0.0,0.0,0.0,2.0,1.0,0.05,0.8,0.0,0.0,1,0.0,0.2,1,0.0,0.2
22,2026-04-21T13:26:52.399Z,S20260421_142650,SC01,AUTO,,1.9545,0.0612,start,0,1500,VIDE,0.0,0.0,0.0,0.0,0.0,0.0,0,0,0.0,0.0,0.0,0.0,0.0,0.0,2.0,1.0,0.05,0.8,0.0,0.0,1,0.0,0.2,1,0.0,0.2
23,2026-04-21T13:26:52.462Z,S20260421_142650,SC01,AUTO,,2.0177,0.0632,start,0,1500,VIDE,0.0,0.0,0.0,0.0,0.0,0.0,0,0,0.0,0.0,0.0,0.0,0.0,0.0,2.0,1.0,0.05,0.8,0.0,0.0,1,0.0,0.2,1,0.0,0.2
24,2026-04-21T13:26:52.525Z,S20260421_142650,SC01,AUTO,,2.08,0.0623,start,0,1500,VIDE,0.0,0.0,0.0,0.0,0.0,0.0,0,0,0.0,0.0,0.0,0.0,0.0,0.0,2.0,1.0,0.05,0.8,0.0,0.0,1,0.0,0.2,1,0.0,0.2
25,2026-04-21T13:26:52.587Z,S20260421_142650,SC01,AUTO,,2.1419,0.0619,start,0,1500,VIDE,0.0,0.0,0.0,0.0,0.0,0.0,0,0,0.0,0.0,0.0,0.0,0.0,0.0,2.0,1.0,0.05,0.8,0.0,0.0,1,0.0,0.2,1,0.0,0.2
26,2026-04-21T13:26:52.648Z,S20260421_142650,SC01,AUTO,,2.2035,0.0615,start,0,1500,VIDE,0.0,0.0,0.0,0.0,0.0,0.0,0,0,0.0,0.0,0.0,0.0,0.0,0.0,2.0,1.0,0.05,0.8,0.0,0.0,1,0.0,0.2,1,0.0,0.2
27,2026-04-21T13:26:52.710Z,S20260421_142650,SC01,AUTO,,2.2656,0.0621,start,0,1500,VIDE,0.0,0.0,0.0,0.0,0.0,0.0,0,0,0.0,0.0,0.0,0.0,0.0,0.0,2.0,1.0,0.05,0.8,0.0,0.0,1,0.0,0.2,1,0.0,0.2
28,2026-04-21T13:26:52.770Z,S20260421_142650,SC01,AUTO,,2.3255,0.06,start,0,1500,VIDE,0.0,0.0,0.0,0.0,0.0,0.0,0,0,0.0,0.0,0.0,0.0,0.0,0.0,2.0,1.0,0.05,0.8,0.0,0.0,1,0.0,0.2,1,0.0,0.2
29,2026-04-21T13:26:52.835Z,S20260421_142650,SC01,AUTO,,2.39,0.0645,start,0,1500,VIDE,0.0,0.0,0.0,0.0,0.0,0.0,0,0,0.0,0.0,0.0,0.0,0.0,0.0,2.0,1.0,0.05,0.8,0.0,0.0,1,0.0,0.2,1,0.0,0.2
30,2026-04-21T13:26:52.899Z,S20260421_142650,SC01,AUTO,,2.4541,0.0641,start,0,1500,VIDE,0.0,0.0,0.0,0.0,0.0,0.0,0,0,0.0,0.0,0.0,0.0,0.0,0.0,2.0,1.0,0.05,0.8,0.0,0.0,1,0.0,0.2,1,0.0,0.2
31,2026-04-21T13:26:52.960Z,S20260421_142650,SC01,AUTO,,2.5154,0.0613,start,0,1500,VIDE,0.0,0.0,0.0,0.0,0.0,0.0,0,0,0.0,0.0,0.0,0.0,0.0,0.0,2.0,1.0,0.05,0.8,0.0,0.0,1,0.0,0.2,1,0.0,0.2
32,2026-04-21T13:26:53.024Z,S20260421_142650,SC01,AUTO,,2.5791,0.0638,start,0,1500,VIDE,0.0,0.0,0.0,0.0,0.0,0.0,0,0,0.0,0.0,0.0,0.0,0.0,0.0,2.0,1.0,0.05,0.8,0.0,0.0,1,0.0,0.2,1,0.0,0.2
33,2026-04-21T13:26:53.086Z,S20260421_142650,SC01,AUTO,,2.6411,0.062,start,0,1500,VIDE,0.0,0.0,0.0,0.0,0.0,0.0,0,0,0.0,0.0,0.0,0.0,0.0,0.0,2.0,1.0,0.05,0.8,0.0,0.0,1,0.0,0.2,1,0.0,0.2
34,2026-04-21T13:26:53.146Z,S20260421_142650,SC01,AUTO,,2.7018,0.0607,start,0,1500,VIDE,0.0,0.0,0.0,0.0,0.0,0.0,0,0,0.0,0.0,0.0,0.0,0.0,0.0,2.0,1.0,0.05,0.8,0.0,0.0,1,0.0,0.2,1,0.0,0.2
35,2026-04-21T13:26:53.209Z,S20260421_142650,SC01,AUTO,,2.7648,0.063,start,0,1500,VIDE,0.0,0.0,0.0,0.0,0.0,0.0,0,0,0.0,0.0,0.0,0.0,0.0,0.0,2.0,1.0,0.05,0.8,0.0,0.0,1,0.0,0.2,1,0.0,0.2
36,2026-04-21T13:26:53.269Z,S20260421_142650,SC01,AUTO,,2.8248,0.06,start,0,1500,VIDE,0.0,0.0,0.0,0.0,0.0,0.0,0,0,0.0,0.0,0.0,0.0,0.0,0.0,2.0,1.0,0.05,0.8,0.0,0.0,1,0.0,0.2,1,0.0,0.2
37,2026-04-21T13:26:53.336Z,S20260421_142650,SC01,AUTO,,2.8909,0.0661,start,0,1500,VIDE,0.0,0.0,0.0,0.0,0.0,0.0,0,0,0.0,0.0,0.0,0.0,0.0,0.0,2.0,1.0,0.05,0.8,0.0,0.0,1,0.0,0.2,1,0.0,0.2
38,2026-04-21T13:26:53.398Z,S20260421_142650,SC01,AUTO,,2.9535,0.0626,start,0,1500,VIDE,0.0,0.0,0.0,0.0,0.0,0.0,0,0,0.0,0.0,0.0,0.0,0.0,0.0,2.0,1.0,0.05,0.8,0.0,0.0,1,0.0,0.2,1,0.0,0.2
39,2026-04-21T13:26:53.462Z,S20260421_142650,SC01,AUTO,,3.0171,0.0636,start,0,1500,VIDE,0.0,0.0,0.0,0.0,0.0,0.0,0,0,0.0,0.0,0.0,0.0,0.0,0.0,2.0,1.0,0.05,0.8,0.0,0.0,1,0.0,0.2,1,0.0,0.2
40,2026-04-21T13:26:53.521Z,S20260421_142650,SC01,AUTO,,3.0768,0.0597,start,0,1500,VIDE,0.0,0.0,0.0,0.0,0.0,0.0,0,0,0.0,0.0,0.0,0.0,0.0,0.0,2.0,1.0,0.05,0.8,0.0,0.0,1,0.0,0.2,1,0.0,0.2
41,2026-04-21T13:26:53.585Z,S20260421_142650,SC01,AUTO,,3.14,0.0631,start,0,1500,VIDE,0.0,0.0,0.0,0.0,0.0,0.0,0,0,0.0,0.0,0.0,0.0,0.0,0.0,2.0,1.0,0.05,0.8,0.0,0.0,1,0.0,0.2,1,0.0,0.2
42,2026-04-21T13:26:53.647Z,S20260421_142650,SC01,AUTO,,3.202,0.062,start,0,1500,VIDE,0.0,0.0,0.0,0.0,0.0,0.0,0,0,0.0,0.0,0.0,0.0,0.0,0.0,2.0,1.0,0.05,0.8,0.0,0.0,1,0.0,0.2,1,0.0,0.2
43,2026-04-21T13:26:53.709Z,S20260421_142650,SC01,AUTO,,3.2641,0.0621,start,0,1500,VIDE,0.0,0.0,0.0,0.0,0.0,0.0,0,0,0.0,0.0,0.0,0.0,0.0,0.0,2.0,1.0,0.05,0.8,0.0,0.0,1,0.0,0.2,1,0.0,0.2
44,2026-04-21T13:26:53.769Z,S20260421_142650,SC01,AUTO,,3.3247,0.0607,start,0,1500,VIDE,0.0,0.0,0.0,0.0,0.0,0.0,0,0,0.0,0.0,0.0,0.0,0.0,0.0,2.0,1.0,0.05,0.8,0.0,0.0,1,0.0,0.2,1,0.0,0.2
45,2026-04-21T13:26:53.833Z,S20260421_142650,SC01,AUTO,,3.3887,0.064,start,0,1500,VIDE,0.0,0.0,0.0,0.0,0.0,0.0,0,0,0.0,0.0,0.0,0.0,0.0,0.0,2.0,1.0,0.05,0.8,0.0,0.0,1,0.0,0.2,1,0.0,0.2
46,2026-04-21T13:26:53.895Z,S20260421_142650,SC01,AUTO,,3.45,0.0613,start,0,1500,VIDE,0.0,0.0,0.0,0.0,0.0,0.0,0,0,0.0,0.0,0.0,0.0,0.0,0.0,2.0,1.0,0.05,0.8,0.0,0.0,1,0.0,0.2,1,0.0,0.2
47,2026-04-21T13:26:53.958Z,S20260421_142650,SC01,AUTO,,3.513,0.063,start,0,1500,VIDE,0.0,0.0,0.0,0.0,0.0,0.0,0,0,0.0,0.0,0.0,0.0,0.0,0.0,2.0,1.0,0.05,0.8,0.0,0.0,1,0.0,0.2,1,0.0,0.2
48,2026-04-21T13:26:54.020Z,S20260421_142650,SC01,AUTO,,3.575,0.062,start,0,1500,VIDE,0.0,0.0,0.0,0.0,0.0,0.0,0,0,0.0,0.0,0.0,0.0,0.0,0.0,2.0,1.0,0.05,0.8,0.0,0.0,1,0.0,0.2,1,0.0,0.2
49,2026-04-21T13:26:54.082Z,S20260421_142650,SC01,AUTO,,3.6373,0.0623,start,0,1500,VIDE,0.0,0.0,0.0,0.0,0.0,0.0,0,0,0.0,0.0,0.0,0.0,0.0,0.0,2.0,1.0,0.05,0.8,0.0,0.0,1,0.0,0.2,1,0.0,0.2
50,2026-04-21T13:26:54.145Z,S20260421_142650,SC01,AUTO,,3.7003,0.063,start,0,1500,VIDE,0.0,0.0,0.0,0.0,0.0,0.0,0,0,0.0,0.0,0.0,0.0,0.0,0.0,2.0,1.0,0.05,0.8,0.0,0.0,1,0.0,0.2,1,0.0,0.2
51,2026-04-21T13:26:54.207Z,S20260421_142650,SC01,AUTO,,3.7622,0.0619,start,0,1500,VIDE,0.0,0.0,0.0,0.0,0.0,0.0,0,0,0.0,0.0,0.0,0.0,0.0,0.0,2.0,1.0,0.05,0.8,0.0,0.0,1,0.0,0.2,1,0.0,0.2
52,2026-04-21T13:26:54.270Z,S20260421_142650,SC01,AUTO,,3.8249,0.0627,start,0,1500,VIDE,0.0,0.0,0.0,0.0,0.0,0.0,0,0,0.0,0.0,0.0,0.0,0.0,0.0,2.0,1.0,0.05,0.8,0.0,0.0,1,0.0,0.2,1,0.0,0.2
53,2026-04-21T13:26:54.332Z,S20260421_142650,SC01,AUTO,,3.8878,0.0629,start,0,1500,VIDE,0.0,0.0,0.0,0.0,0.0,0.0,0,0,0.0,0.0,0.0,0.0,0.0,0.0,2.0,1.0,0.05,0.8,0.0,0.0,1,0.0,0.2,1,0.0,0.2
54,2026-04-21T13:26:54.396Z,S20260421_142650,SC01,AUTO,,3.9511,0.0633,start,0,1500,VIDE,0.0,0.0,0.0,0.0,0.0,0.0,0,0,0.0,0.0,0.0,0.0,0.0,0.0,2.0,1.0,0.05,0.8,0.0,0.0,1,0.0,0.2,1,0.0,0.2
55,2026-04-21T13:26:54.460Z,S20260421_142650,SC01,AUTO,,4.015,0.0639,start,0,1500,VIDE,0.0,0.0,0.0,0.0,0.0,0.0,0,0,0.0,0.0,0.0,0.0,0.0,0.0,2.0,1.0,0.05,0.8,0.0,0.0,1,0.0,0.2,1,0.0,0.2
56,2026-04-21T13:26:54.521Z,S20260421_142650,SC01,AUTO,,4.076,0.061,start,0,1500,VIDE,0.0,0.0,0.0,0.0,0.0,0.0,0,0,0.0,0.0,0.0,0.0,0.0,0.0,2.0,1.0,0.05,0.8,0.0,0.0,1,0.0,0.2,1,0.0,0.2
57,2026-04-21T13:26:54.589Z,S20260421_142650,SC01,AUTO,,4.1448,0.0688,start,0,1500,VIDE,0.0,0.0,0.0,0.0,0.0,0.0,0,0,0.0,0.0,0.0,0.0,0.0,0.0,2.0,1.0,0.05,0.8,0.0,0.0,1,0.0,0.2,1,0.0,0.2
58,2026-04-21T13:26:54.645Z,S20260421_142650,SC01,AUTO,,4.1999,0.0551,start,0,1500,VIDE,0.0,0.0,0.0,0.0,0.0,0.0,0,0,0.0,0.0,0.0,0.0,0.0,0.0,2.0,1.0,0.05,0.8,0.0,0.0,1,0.0,0.2,1,0.0,0.2
59,2026-04-21T13:26:54.707Z,S20260421_142650,SC01,AUTO,,4.2628,0.0629,start,0,1500,VIDE,0.0,0.0,0.0,0.0,0.0,0.0,0,0,0.0,0.0,0.0,0.0,0.0,0.0,2.0,1.0,0.05,0.8,0.0,0.0,1,0.0,0.2,1,0.0,0.2
60,2026-04-21T13:26:54.770Z,S20260421_142650,SC01,AUTO,,4.3256,0.0628,start,0,1500,VIDE,0.0,0.0,0.0,0.0,0.0,0.0,0,0,0.0,0.0,0.0,0.0,0.0,0.0,2.0,1.0,0.05,0.8,0.0,0.0,1,0.0,0.2,1,0.0,0.2
61,2026-04-21T13:26:54.834Z,S20260421_142650,SC01,AUTO,,4.3889,0.0632,start,0,1500,VIDE,0.0,0.0,0.0,0.0,0.0,0.0,0,0,0.0,0.0,0.0,0.0,0.0,0.0,2.0,1.0,0.05,0.8,0.0,0.0,1,0.0,0.2,1,0.0,0.2
62,2026-04-21T13:26:54.895Z,S20260421_142650,SC01,AUTO,,4.4508,0.062,start,0,1500,VIDE,0.0,0.0,0.0,0.0,0.0,0.0,0,0,0.0,0.0,0.0,0.0,0.0,0.0,2.0,1.0,0.05,0.8,0.0,0.0,1,0.0,0.2,1,0.0,0.2
63,2026-04-21T13:26:54.959Z,S20260421_142650,SC01,AUTO,,4.5139,0.0631,start,0,1500,VIDE,0.0,0.0,0.0,0.0,0.0,0.0,0,0,0.0,0.0,0.0,0.0,0.0,0.0,2.0,1.0,0.05,0.8,0.0,0.0,1,0.0,0.2,1,0.0,0.2
64,2026-04-21T13:26:55.020Z,S20260421_142650,SC01,AUTO,,4.575,0.0611,start,0,1500,VIDE,0.0,0.0,0.0,0.0,0.0,0.0,0,0,0.0,0.0,0.0,0.0,0.0,0.0,2.0,1.0,0.05,0.8,0.0,0.0,1,0.0,0.2,1,0.0,0.2
65,2026-04-21T13:26:55.082Z,S20260421_142650,SC01,AUTO,,4.6376,0.0626,start,0,1500,VIDE,0.0,0.0,0.0,0.0,0.0,0.0,0,0,0.0,0.0,0.0,0.0,0.0,0.0,2.0,1.0,0.05,0.8,0.0,0.0,1,0.0,0.2,1,0.0,0.2
66,2026-04-21T13:26:55.150Z,S20260421_142650,SC01,AUTO,,4.7051,0.0675,start,0,1500,VIDE,0.0,0.0,0.0,0.0,0.0,0.0,0,0,0.0,0.0,0.0,0.0,0.0,0.0,2.0,1.0,0.05,0.8,0.0,0.0,1,0.0,0.2,1,0.0,0.2
67,2026-04-21T13:26:55.210Z,S20260421_142650,SC01,AUTO,,4.7651,0.06,start,0,1500,VIDE,0.0,0.0,0.0,0.0,0.0,0.0,0,0,0.0,0.0,0.0,0.0,0.0,0.0,2.0,1.0,0.05,0.8,0.0,0.0,1,0.0,0.2,1,0.0,0.2
68,2026-04-21T13:26:55.270Z,S20260421_142650,SC01,AUTO,,4.8253,0.0602,start,0,1500,VIDE,0.0,0.0,0.0,0.0,0.0,0.0,0,0,0.0,0.0,0.0,0.0,0.0,0.0,2.0,1.0,0.05,0.8,0.0,0.0,1,0.0,0.2,1,0.0,0.2
69,2026-04-21T13:26:55.346Z,S20260421_142650,SC01,AUTO,,4.9015,0.0763,start,0,1500,VIDE,0.0,0.0,0.0,0.0,0.0,0.0,0,0,0.0,0.0,0.0,0.0,0.0,0.0,2.0,1.0,0.05,0.8,0.0,0.0,1,0.0,0.2,1,0.0,0.2
70,2026-04-21T13:26:55.409Z,S20260421_142650,SC01,AUTO,,4.9642,0.0627,start,0,1500,VIDE,0.0,0.0,0.0,0.0,0.0,0.0,0,0,0.0,0.0,0.0,0.0,0.0,0.0,2.0,1.0,0.05,0.8,0.0,0.0,1,0.0,0.2,1,0.0,0.2
71,2026-04-21T13:26:55.470Z,S20260421_142650,SC01,AUTO,,5.0256,0.0613,start,0,1500,VIDE,0.0,0.0,0.0,0.0,0.0,0.0,0,0,0.0,0.0,0.0,0.0,0.0,0.0,2.0,1.0,0.05,0.8,0.0,0.0,1,0.0,0.2,1,0.0,0.2
72,2026-04-21T13:26:55.520Z,S20260421_142650,SC01,AUTO,,5.075,0.0495,start,0,1500,VIDE,0.0,0.0,0.0,0.0,0.0,0.0,0,0,0.0,0.0,0.0,0.0,0.0,0.0,2.0,1.0,0.05,0.8,0.0,0.0,1,0.0,0.2,1,0.0,0.2
73,2026-04-21T13:26:55.582Z,S20260421_142650,SC01,AUTO,,5.1376,0.0625,start,0,1500,VIDE,0.0,0.0,0.0,0.0,0.0,0.0,0,0,0.0,0.0,0.0,0.0,0.0,0.0,2.0,1.0,0.05,0.8,0.0,0.0,1,0.0,0.2,1,0.0,0.2
74,2026-04-21T13:26:55.645Z,S20260421_142650,SC01,AUTO,,5.2001,0.0626,start,0,1500,VIDE,0.0,0.0,0.0,0.0,0.0,0.0,0,0,0.0,0.0,0.0,0.0,0.0,0.0,2.0,1.0,0.05,0.8,0.0,0.0,1,0.0,0.2,1,0.0,0.2
75,2026-04-21T13:26:55.710Z,S20260421_142650,SC01,AUTO,,5.265,0.0648,start,0,1500,VIDE,0.0,0.0,0.0,0.0,0.0,0.0,0,0,0.0,0.0,0.0,0.0,0.0,0.0,2.0,1.0,0.05,0.8,0.0,0.0,1,0.0,0.2,1,0.0,0.2
76,2026-04-21T13:26:55.770Z,S20260421_142650,SC01,AUTO,,5.3251,0.0601,start,0,1500,VIDE,0.0,0.0,0.0,0.0,0.0,0.0,0,0,0.0,0.0,0.0,0.0,0.0,0.0,2.0,1.0,0.05,0.8,0.0,0.0,1,0.0,0.2,1,0.0,0.2
77,2026-04-21T13:26:55.848Z,S20260421_142650,SC01,AUTO,,5.403,0.0779,start,0,1500,VIDE,0.0,0.0,0.0,0.0,0.0,0.0,0,0,0.0,0.0,0.0,0.0,0.0,0.0,2.0,1.0,0.05,0.8,0.0,0.0,1,0.0,0.2,1,0.0,0.2
78,2026-04-21T13:26:55.926Z,S20260421_142650,SC01,AUTO,,5.4809,0.078,start,0,1500,VIDE,0.0,0.0,0.0,0.0,0.0,0.0,0,0,0.0,0.0,0.0,0.0,0.0,0.0,2.0,1.0,0.05,0.8,0.0,0.0,1,0.0,0.2,1,0.0,0.2
79,2026-04-21T13:26:55.988Z,S20260421_142650,SC01,AUTO,,5.5433,0.0623,start,0,1500,VIDE,0.0,0.0,0.0,0.0,0.0,0.0,0,0,0.0,0.0,0.0,0.0,0.0,0.0,2.0,1.0,0.05,0.8,0.0,0.0,1,0.0,0.2,1,0.0,0.2
80,2026-04-21T13:26:56.036Z,S20260421_142650,SC01,AUTO,,5.5911,0.0478,start,0,1500,VIDE,0.0,0.0,0.0,0.0,0.0,0.0,0,0,0.0,0.0,0.0,0.0,0.0,0.0,2.0,1.0,0.05,0.8,0.0,0.0,1,0.0,0.2,1,0.0,0.2
81,2026-04-21T13:26:56.097Z,S20260421_142650,SC01,AUTO,,5.6527,0.0617,start,0,1500,VIDE,0.0,0.0,0.0,0.0,0.0,0.0,0,0,0.0,0.0,0.0,0.0,0.0,0.0,2.0,1.0,0.05,0.8,0.0,0.0,1,0.0,0.2,1,0.0,0.2
82,2026-04-21T13:26:56.170Z,S20260421_142650,SC01,AUTO,,5.7249,0.0721,start,0,1500,VIDE,0.0,0.0,0.0,0.0,0.0,0.0,0,0,0.0,0.0,0.0,0.0,0.0,0.0,2.0,1.0,0.05,0.8,0.0,0.0,1,0.0,0.2,1,0.0,0.2
83,2026-04-21T13:26:56.224Z,S20260421_142650,SC01,AUTO,,5.7789,0.0541,start,0,1500,VIDE,0.0,0.0,0.0,0.0,0.0,0.0,0,0,0.0,0.0,0.0,0.0,0.0,0.0,2.0,1.0,0.05,0.8,0.0,0.0,1,0.0,0.2,1,0.0,0.2
84,2026-04-21T13:26:56.286Z,S20260421_142650,SC01,AUTO,,5.8418,0.0628,start,0,1500,VIDE,0.0,0.0,0.0,0.0,0.0,0.0,0,0,0.0,0.0,0.0,0.0,0.0,0.0,2.0,1.0,0.05,0.8,0.0,0.0,1,0.0,0.2,1,0.0,0.2
85,2026-04-21T13:26:56.349Z,S20260421_142650,SC01,AUTO,,5.9039,0.0622,start,0,1500,VIDE,0.0,0.0,0.0,0.0,0.0,0.0,0,0,0.0,0.0,0.0,0.0,0.0,0.0,2.0,1.0,0.05,0.8,0.0,0.0,1,0.0,0.2,1,0.0,0.2
86,2026-04-21T13:26:56.410Z,S20260421_142650,SC01,AUTO,,5.9654,0.0614,start,0,1500,VIDE,0.0,0.0,0.0,0.0,0.0,0.0,0,0,0.0,0.0,0.0,0.0,0.0,0.0,2.0,1.0,0.05,0.8,0.0,0.0,1,0.0,0.2,1,0.0,0.2
87,2026-04-21T13:26:56.475Z,S20260421_142650,SC01,AUTO,,6.0299,0.0646,start,0,1500,VIDE,0.0,0.0,0.0,0.0,0.0,0.0,0,0,0.0,0.0,0.0,0.0,0.0,0.0,2.0,1.0,0.05,0.8,0.0,0.0,1,0.0,0.2,1,0.0,0.2
88,2026-04-21T13:26:56.538Z,S20260421_142650,SC01,AUTO,,6.0933,0.0633,start,0,1500,VIDE,0.0,0.0,0.0,0.0,0.0,0.0,0,0,0.0,0.0,0.0,0.0,0.0,0.0,2.0,1.0,0.05,0.8,0.0,0.0,1,0.0,0.2,1,0.0,0.2
89,2026-04-21T13:26:56.601Z,S20260421_142650,SC01,AUTO,,6.1563,0.063,start,0,1500,VIDE,0.0,0.0,0.0,0.0,0.0,0.0,0,0,0.0,0.0,0.0,0.0,0.0,0.0,2.0,1.0,0.05,0.8,0.0,0.0,1,0.0,0.2,1,0.0,0.2
90,2026-04-21T13:26:56.662Z,S20260421_142650,SC01,AUTO,,6.2177,0.0614,start,0,1500,VIDE,0.0,0.0,0.0,0.0,0.0,0.0,0,0,0.0,0.0,0.0,0.0,0.0,0.0,2.0,1.0,0.05,0.8,0.0,0.0,1,0.0,0.2,1,0.0,0.2
91,2026-04-21T13:26:56.723Z,S20260421_142650,SC01,AUTO,,6.2785,0.0608,start,0,1500,VIDE,0.0,0.0,0.0,0.0,0.0,0.0,0,0,0.0,0.0,0.0,0.0,0.0,0.0,2.0,1.0,0.05,0.8,0.0,0.0,1,0.0,0.2,1,0.0,0.2
92,2026-04-21T13:26:56.790Z,S20260421_142650,SC01,AUTO,,6.3449,0.0664,start,0,1500,VIDE,0.0,0.0,0.0,0.0,0.0,0.0,0,0,0.0,0.0,0.0,0.0,0.0,0.0,2.0,1.0,0.05,0.8,0.0,0.0,1,0.0,0.2,1,0.0,0.2
93,2026-04-21T13:26:56.850Z,S20260421_142650,SC01,AUTO,,6.4055,0.0605,start,0,1500,VIDE,0.0,0.0,0.0,0.0,0.0,0.0,0,0,0.0,0.0,0.0,0.0,0.0,0.0,2.0,1.0,0.05,0.8,0.0,0.0,1,0.0,0.2,1,0.0,0.2
94,2026-04-21T13:26:56.922Z,S20260421_142650,SC01,AUTO,,6.4775,0.072,start,0,1500,VIDE,0.0,0.0,0.0,0.0,0.0,0.0,0,0,0.0,0.0,0.0,0.0,0.0,0.0,2.0,1.0,0.05,0.8,0.0,0.0,1,0.0,0.2,1,0.0,0.2
95,2026-04-21T13:26:56.984Z,S20260421_142650,SC01,AUTO,,6.5394,0.0619,start,0,1500,VIDE,0.0,0.0,0.0,0.0,0.0,0.0,0,0,0.0,0.0,0.0,0.0,0.0,0.0,2.0,1.0,0.05,0.8,0.0,0.0,1,0.0,0.2,1,0.0,0.2
96,2026-04-21T13:26:57.048Z,S20260421_142650,SC01,AUTO,,6.6032,0.0638,start,0,1500,VIDE,0.0,0.0,0.0,0.0,0.0,0.0,0,0,0.0,0.0,0.0,0.0,0.0,0.0,2.0,1.0,0.05,0.8,0.0,0.0,1,0.0,0.2,1,0.0,0.2
97,2026-04-21T13:26:57.110Z,S20260421_142650,SC01,AUTO,,6.6649,0.0617,start,0,1500,VIDE,0.0,0.0,0.0,0.0,0.0,0.0,0,0,0.0,0.0,0.0,0.0,0.0,0.0,2.0,1.0,0.05,0.8,0.0,0.0,1,0.0,0.2,1,0.0,0.2
98,2026-04-21T13:26:57.170Z,S20260421_142650,SC01,AUTO,,6.7249,0.06,start,0,1500,VIDE,0.0,0.0,0.0,0.0,0.0,0.0,0,0,0.0,0.0,0.0,0.0,0.0,0.0,2.0,1.0,0.05,0.8,0.0,0.0,1,0.0,0.2,1,0.0,0.2
99,2026-04-21T13:26:57.229Z,S20260421_142650,SC01,AUTO,,6.7848,0.0599,start,0,1500,VIDE,0.0,0.0,0.0,0.0,0.0,0.0,0,0,0.0,0.0,0.0,0.0,0.0,0.0,2.0,1.0,0.05,0.8,0.0,0.0,1,0.0,0.2,1,0.0,0.2
100,2026-04-21T13:26:57.289Z,S20260421_142650,SC01,AUTO,,6.8447,0.0599,start,0,1500,VIDE,0.0,0.0,0.0,0.0,0.0,0.0,0,0,0.0,0.0,0.0,0.0,0.0,0.0,2.0,1.0,0.05,0.8,0.0,0.0,1,0.0,0.2,1,0.0,0.2
101,2026-04-21T13:26:57.348Z,S20260421_142650,SC01,AUTO,,6.9029,0.0582,start,0,1500,VIDE,0.0,0.0,0.0,0.0,0.0,0.0,0,0,0.0,0.0,0.0,0.0,0.0,0.0,2.0,1.0,0.05,0.8,0.0,0.0,1,0.0,0.2,1,0.0,0.2
102,2026-04-21T13:26:57.411Z,S20260421_142650,SC01,AUTO,,6.966,0.0631,start,0,1500,VIDE,0.0,0.0,0.0,0.0,0.0,0.0,0,0,0.0,0.0,0.0,0.0,0.0,0.0,2.0,1.0,0.05,0.8,0.0,0.0,1,0.0,0.2,1,0.0,0.2
103,2026-04-21T13:26:57.475Z,S20260421_142650,SC01,AUTO,,7.0299,0.0639,start,0,1500,VIDE,0.0,0.0,0.0,0.0,0.0,0.0,0,0,0.0,0.0,0.0,0.0,0.0,0.0,2.0,1.0,0.05,0.8,0.0,0.0,1,0.0,0.2,1,0.0,0.2
104,2026-04-21T13:26:57.537Z,S20260421_142650,SC01,AUTO,,7.0927,0.0628,start,0,1500,VIDE,0.0,0.0,0.0,0.0,0.0,0.0,0,0,0.0,0.0,0.0,0.0,0.0,0.0,2.0,1.0,0.05,0.8,0.0,0.0,1,0.0,0.2,1,0.0,0.2
105,2026-04-21T13:26:57.598Z,S20260421_142650,SC01,AUTO,,7.1538,0.0612,start,0,1500,VIDE,0.0,0.0,0.0,0.0,0.0,0.0,0,0,0.0,0.0,0.0,0.0,0.0,0.0,2.0,1.0,0.05,0.8,0.0,0.0,1,0.0,0.2,1,0.0,0.2
106,2026-04-21T13:26:57.660Z,S20260421_142650,SC01,AUTO,,7.2153,0.0614,start,0,1500,VIDE,0.0,0.0,0.0,0.0,0.0,0.0,0,0,0.0,0.0,0.0,0.0,0.0,0.0,2.0,1.0,0.05,0.8,0.0,0.0,1,0.0,0.2,1,0.0,0.2
107,2026-04-21T13:26:57.730Z,S20260421_142650,SC01,AUTO,,7.2856,0.0704,start,0,1500,VIDE,0.0,0.0,0.0,0.0,0.0,0.0,0,0,0.0,0.0,0.0,0.0,0.0,0.0,2.0,1.0,0.05,0.8,0.0,0.0,1,0.0,0.2,1,0.0,0.2
108,2026-04-21T13:26:57.785Z,S20260421_142650,SC01,AUTO,,7.3403,0.0547,start,0,1500,VIDE,0.0,0.0,0.0,0.0,0.0,0.0,0,0,0.0,0.0,0.0,0.0,0.0,0.0,2.0,1.0,0.05,0.8,0.0,0.0,1,0.0,0.2,1,0.0,0.2
109,2026-04-21T13:26:57.850Z,S20260421_142650,SC01,AUTO,,7.4055,0.0652,start,0,1500,VIDE,0.0,0.0,0.0,0.0,0.0,0.0,0,0,0.0,0.0,0.0,0.0,0.0,0.0,2.0,1.0,0.05,0.8,0.0,0.0,1,0.0,0.2,1,0.0,0.2
110,2026-04-21T13:26:57.910Z,S20260421_142650,SC01,AUTO,,7.4652,0.0597,start,0,1500,VIDE,0.0,0.0,0.0,0.0,0.0,0.0,0,0,0.0,0.0,0.0,0.0,0.0,0.0,2.0,1.0,0.05,0.8,0.0,0.0,1,0.0,0.2,1,0.0,0.2
111,2026-04-21T13:26:57.973Z,S20260421_142650,SC01,AUTO,,7.5285,0.0633,start,0,1500,VIDE,0.0,0.0,0.0,0.0,0.0,0.0,0,0,0.0,0.0,0.0,0.0,0.0,0.0,2.0,1.0,0.05,0.8,0.0,0.0,1,0.0,0.2,1,0.0,0.2
112,2026-04-21T13:26:58.035Z,S20260421_142650,SC01,AUTO,,7.5906,0.062,start,0,1500,VIDE,0.0,0.0,0.0,0.0,0.0,0.0,0,0,0.0,0.0,0.0,0.0,0.0,0.0,2.0,1.0,0.05,0.8,0.0,0.0,1,0.0,0.2,1,0.0,0.2
113,2026-04-21T13:26:58.098Z,S20260421_142650,SC01,AUTO,,7.6532,0.0627,start,0,1500,VIDE,0.0,0.0,0.0,0.0,0.0,0.0,0,0,0.0,0.0,0.0,0.0,0.0,0.0,2.0,1.0,0.05,0.8,0.0,0.0,1,0.0,0.2,1,0.0,0.2
114,2026-04-21T13:26:58.160Z,S20260421_142650,SC01,AUTO,,7.7158,0.0626,start,0,1500,VIDE,0.0,0.0,0.0,0.0,0.0,0.0,0,0,0.0,0.0,0.0,0.0,0.0,0.0,2.0,1.0,0.05,0.8,0.0,0.0,1,0.0,0.2,1,0.0,0.2
115,2026-04-21T13:26:58.223Z,S20260421_142650,SC01,AUTO,,7.7783,0.0625,start,0,1500,VIDE,0.0,0.0,0.0,0.0,0.0,0.0,0,0,0.0,0.0,0.0,0.0,0.0,0.0,2.0,1.0,0.05,0.8,0.0,0.0,1,0.0,0.2,1,0.0,0.2
116,2026-04-21T13:26:58.290Z,S20260421_142650,SC01,AUTO,,7.845,0.0667,start,0,1500,VIDE,0.0,0.0,0.0,0.0,0.0,0.0,0,0,0.0,0.0,0.0,0.0,0.0,0.0,2.0,1.0,0.05,0.8,0.0,0.0,1,0.0,0.2,1,0.0,0.2
117,2026-04-21T13:26:58.350Z,S20260421_142650,SC01,AUTO,,7.9051,0.06,start,0,1500,VIDE,0.0,0.0,0.0,0.0,0.0,0.0,0,0,0.0,0.0,0.0,0.0,0.0,0.0,2.0,1.0,0.05,0.8,0.0,0.0,1,0.0,0.2,1,0.0,0.2
118,2026-04-21T13:26:58.411Z,S20260421_142650,SC01,AUTO,,7.9665,0.0615,start,0,1500,VIDE,0.0,0.0,0.0,0.0,0.0,0.0,0,0,0.0,0.0,0.0,0.0,0.0,0.0,2.0,1.0,0.05,0.8,0.0,0.0,1,0.0,0.2,1,0.0,0.2
119,2026-04-21T13:26:58.474Z,S20260421_142650,SC01,AUTO,,8.0295,0.063,start,0,1500,VIDE,0.0,0.0,0.0,0.0,0.0,0.0,0,0,0.0,0.0,0.0,0.0,0.0,0.0,2.0,1.0,0.05,0.8,0.0,0.0,1,0.0,0.2,1,0.0,0.2
120,2026-04-21T13:26:58.536Z,S20260421_142650,SC01,AUTO,,8.0911,0.0616,start,0,1500,VIDE,0.0,0.0,0.0,0.0,0.0,0.0,0,0,0.0,0.0,0.0,0.0,0.0,0.0,2.0,1.0,0.05,0.8,0.0,0.0,1,0.0,0.2,1,0.0,0.2
121,2026-04-21T13:26:58.598Z,S20260421_142650,SC01,AUTO,,8.1535,0.0624,start,0,1500,VIDE,0.0,0.0,0.0,0.0,0.0,0.0,0,0,0.0,0.0,0.0,0.0,0.0,0.0,2.0,1.0,0.05,0.8,0.0,0.0,1,0.0,0.2,1,0.0,0.2
122,2026-04-21T13:26:58.660Z,S20260421_142650,SC01,AUTO,,8.2157,0.0622,start,0,1500,VIDE,0.0,0.0,0.0,0.0,0.0,0.0,0,0,0.0,0.0,0.0,0.0,0.0,0.0,2.0,1.0,0.05,0.8,0.0,0.0,1,0.0,0.2,1,0.0,0.2
123,2026-04-21T13:26:58.723Z,S20260421_142650,SC01,AUTO,,8.2784,0.0627,start,0,1500,VIDE,0.0,0.0,0.0,0.0,0.0,0.0,0,0,0.0,0.0,0.0,0.0,0.0,0.0,2.0,1.0,0.05,0.8,0.0,0.0,1,0.0,0.2,1,0.0,0.2
124,2026-04-21T13:26:58.785Z,S20260421_142650,SC01,AUTO,,8.3408,0.0623,start,0,1500,VIDE,0.0,0.0,0.0,0.0,0.0,0.0,0,0,0.0,0.0,0.0,0.0,0.0,0.0,2.0,1.0,0.05,0.8,0.0,0.0,1,0.0,0.2,1,0.0,0.2
125,2026-04-21T13:26:58.848Z,S20260421_142650,SC01,AUTO,,8.4031,0.0623,start,0,1500,VIDE,0.0,0.0,0.0,0.0,0.0,0.0,0,0,0.0,0.0,0.0,0.0,0.0,0.0,2.0,1.0,0.05,0.8,0.0,0.0,1,0.0,0.2,1,0.0,0.2
126,2026-04-21T13:26:58.910Z,S20260421_142650,SC01,AUTO,,8.4653,0.0623,start,0,1500,VIDE,0.0,0.0,0.0,0.0,0.0,0.0,0,0,0.0,0.0,0.0,0.0,0.0,0.0,2.0,1.0,0.05,0.8,0.0,0.0,1,0.0,0.2,1,0.0,0.2
127,2026-04-21T13:26:58.974Z,S20260421_142650,SC01,AUTO,,8.5296,0.0642,start,0,1500,VIDE,0.0,0.0,0.0,0.0,0.0,0.0,0,0,0.0,0.0,0.0,0.0,0.0,0.0,2.0,1.0,0.05,0.8,0.0,0.0,1,0.0,0.2,1,0.0,0.2
128,2026-04-21T13:26:59.036Z,S20260421_142650,SC01,AUTO,,8.5916,0.062,start,0,1500,VIDE,0.0,0.0,0.0,0.0,0.0,0.0,0,0,0.0,0.0,0.0,0.0,0.0,0.0,2.0,1.0,0.05,0.8,0.0,0.0,1,0.0,0.2,1,0.0,0.2
129,2026-04-21T13:26:59.098Z,S20260421_142650,SC01,AUTO,,8.6532,0.0616,start,0,1500,VIDE,0.0,0.0,0.0,0.0,0.0,0.0,0,0,0.0,0.0,0.0,0.0,0.0,0.0,2.0,1.0,0.05,0.8,0.0,0.0,1,0.0,0.2,1,0.0,0.2
130,2026-04-21T13:26:59.160Z,S20260421_142650,SC01,AUTO,,8.7154,0.0623,start,0,1500,VIDE,0.0,0.0,0.0,0.0,0.0,0.0,0,0,0.0,0.0,0.0,0.0,0.0,0.0,2.0,1.0,0.05,0.8,0.0,0.0,1,0.0,0.2,1,0.0,0.2
131,2026-04-21T13:26:59.230Z,S20260421_142650,SC01,AUTO,,8.7853,0.0698,start,0,1500,VIDE,0.0,0.0,0.0,0.0,0.0,0.0,0,0,0.0,0.0,0.0,0.0,0.0,0.0,2.0,1.0,0.05,0.8,0.0,0.0,1,0.0,0.2,1,0.0,0.2
132,2026-04-21T13:26:59.290Z,S20260421_142650,SC01,AUTO,,8.8453,0.06,start,0,1500,VIDE,0.0,0.0,0.0,0.0,0.0,0.0,0,0,0.0,0.0,0.0,0.0,0.0,0.0,2.0,1.0,0.05,0.8,0.0,0.0,1,0.0,0.2,1,0.0,0.2
133,2026-04-21T13:26:59.348Z,S20260421_142650,SC01,AUTO,,8.9033,0.058,start,0,1500,VIDE,0.0,0.0,0.0,0.0,0.0,0.0,0,0,0.0,0.0,0.0,0.0,0.0,0.0,2.0,1.0,0.05,0.8,0.0,0.0,1,0.0,0.2,1,0.0,0.2
134,2026-04-21T13:26:59.425Z,S20260421_142650,SC01,AUTO,,8.9807,0.0774,start,0,1500,VIDE,0.0,0.0,0.0,0.0,0.0,0.0,0,0,0.0,0.0,0.0,0.0,0.0,0.0,2.0,1.0,0.05,0.8,0.0,0.0,1,0.0,0.2,1,0.0,0.2
135,2026-04-21T13:26:59.488Z,S20260421_142650,SC01,AUTO,,9.0436,0.063,start,0,1500,VIDE,0.0,0.0,0.0,0.0,0.0,0.0,0,0,0.0,0.0,0.0,0.0,0.0,0.0,2.0,1.0,0.05,0.8,0.0,0.0,1,0.0,0.2,1,0.0,0.2
136,2026-04-21T13:26:59.549Z,S20260421_142650,SC01,AUTO,,9.1039,0.0603,start,0,1500,VIDE,0.0,0.0,0.0,0.0,0.0,0.0,0,0,0.0,0.0,0.0,0.0,0.0,0.0,2.0,1.0,0.05,0.8,0.0,0.0,1,0.0,0.2,1,0.0,0.2
137,2026-04-21T13:26:59.609Z,S20260421_142650,SC01,AUTO,,9.1648,0.0609,start,0,1500,VIDE,0.0,0.0,0.0,0.0,0.0,0.0,0,0,0.0,0.0,0.0,0.0,0.0,0.0,2.0,1.0,0.05,0.8,0.0,0.0,1,0.0,0.2,1,0.0,0.2
138,2026-04-21T13:26:59.670Z,S20260421_142650,SC01,AUTO,,9.2251,0.0603,start,0,1500,VIDE,0.0,0.0,0.0,0.0,0.0,0.0,0,0,0.0,0.0,0.0,0.0,0.0,0.0,2.0,1.0,0.05,0.8,0.0,0.0,1,0.0,0.2,1,0.0,0.2
139,2026-04-21T13:26:59.729Z,S20260421_142650,SC01,AUTO,,9.2847,0.0596,start,0,1500,VIDE,0.0,0.0,0.0,0.0,0.0,0.0,0,0,0.0,0.0,0.0,0.0,0.0,0.0,2.0,1.0,0.05,0.8,0.0,0.0,1,0.0,0.2,1,0.0,0.2
140,2026-04-21T13:26:59.790Z,S20260421_142650,SC01,AUTO,,9.3452,0.0605,start,0,1500,VIDE,0.0,0.0,0.0,0.0,0.0,0.0,0,0,0.0,0.0,0.0,0.0,0.0,0.0,2.0,1.0,0.05,0.8,0.0,0.0,1,0.0,0.2,1,0.0,0.2
141,2026-04-21T13:26:59.849Z,S20260421_142650,SC01,AUTO,,9.4047,0.0595,start,0,1500,VIDE,0.0,0.0,0.0,0.0,0.0,0.0,0,0,0.0,0.0,0.0,0.0,0.0,0.0,2.0,1.0,0.05,0.8,0.0,0.0,1,0.0,0.2,1,0.0,0.2
142,2026-04-21T13:26:59.923Z,S20260421_142650,SC01,AUTO,,9.4785,0.0738,start,0,1500,VIDE,0.0,0.0,0.0,0.0,0.0,0.0,0,0,0.0,0.0,0.0,0.0,0.0,0.0,2.0,1.0,0.05,0.8,0.0,0.0,1,0.0,0.2,1,0.0,0.2
143,2026-04-21T13:26:59.983Z,S20260421_142650,SC01,AUTO,,9.5381,0.0595,start,0,1500,VIDE,0.0,0.0,0.0,0.0,0.0,0.0,0,0,0.0,0.0,0.0,0.0,0.0,0.0,2.0,1.0,0.05,0.8,0.0,0.0,1,0.0,0.2,1,0.0,0.2
144,2026-04-21T13:27:00.044Z,S20260421_142650,SC01,AUTO,,9.5991,0.061,start,0,1500,VIDE,0.0,0.0,0.0,0.0,0.0,0.0,0,0,0.0,0.0,0.0,0.0,0.0,0.0,2.0,1.0,0.05,0.8,0.0,0.0,1,0.0,0.2,1,0.0,0.2
145,2026-04-21T13:27:00.107Z,S20260421_142650,SC01,AUTO,,9.6625,0.0634,start,0,1500,VIDE,0.0,0.0,0.0,0.0,0.0,0.0,0,0,0.0,0.0,0.0,0.0,0.0,0.0,2.0,1.0,0.05,0.8,0.0,0.0,1,0.0,0.2,1,0.0,0.2
146,2026-04-21T13:27:00.168Z,S20260421_142650,SC01,AUTO,,9.7232,0.0607,start,0,1500,VIDE,0.0,0.0,0.0,0.0,0.0,0.0,0,0,0.0,0.0,0.0,0.0,0.0,0.0,2.0,1.0,0.05,0.8,0.0,0.0,1,0.0,0.2,1,0.0,0.2
147,2026-04-21T13:27:00.230Z,S20260421_142650,SC01,AUTO,,9.7853,0.0621,start,0,1500,VIDE,0.0,0.0,0.0,0.0,0.0,0.0,0,0,0.0,0.0,0.0,0.0,0.0,0.0,2.0,1.0,0.05,0.8,0.0,0.0,1,0.0,0.2,1,0.0,0.2
148,2026-04-21T13:27:00.290Z,S20260421_142650,SC01,AUTO,,9.8449,0.0597,start,0,1500,VIDE,0.0,0.0,0.0,0.0,0.0,0.0,0,0,0.0,0.0,0.0,0.0,0.0,0.0,2.0,1.0,0.05,0.8,0.0,0.0,1,0.0,0.2,1,0.0,0.2
149,2026-04-21T13:27:00.350Z,S20260421_142650,SC01,AUTO,,9.9051,0.0602,start,0,1500,VIDE,0.0,0.0,0.0,0.0,0.0,0.0,0,0,0.0,0.0,0.0,0.0,0.0,0.0,2.0,1.0,0.05,0.8,0.0,0.0,1,0.0,0.2,1,0.0,0.2
150,2026-04-21T13:27:00.417Z,S20260421_142650,SC01,AUTO,,9.9724,0.0674,start,0,1500,VIDE,0.0,0.0,0.0,0.0,0.0,0.0,0,0,0.0,0.0,0.0,0.0,0.0,0.0,2.0,1.0,0.05,0.8,0.0,0.0,1,0.0,0.2,1,0.0,0.2
151,2026-04-21T13:27:00.480Z,S20260421_142650,SC01,AUTO,,10.0354,0.063,start,0,1500,VIDE,0.0,0.0,0.0,0.0,0.0,0.0,0,0,0.0,0.0,0.0,0.0,0.0,0.0,2.0,1.0,0.05,0.8,0.0,0.0,1,0.0,0.2,1,0.0,0.2
152,2026-04-21T13:27:00.543Z,S20260421_142650,SC01,AUTO,,10.0982,0.0627,start,0,1500,VIDE,0.0,0.0,0.0,0.0,0.0,0.0,0,0,0.0,0.0,0.0,0.0,0.0,0.0,2.0,1.0,0.05,0.8,0.0,0.0,1,0.0,0.2,1,0.0,0.2
153,2026-04-21T13:27:00.603Z,S20260421_142650,SC01,AUTO,,10.1585,0.0604,start,0,1500,VIDE,0.0,0.0,0.0,0.0,0.0,0.0,0,0,0.0,0.0,0.0,0.0,0.0,0.0,2.0,1.0,0.05,0.8,0.0,0.0,1,0.0,0.2,1,0.0,0.2
154,2026-04-21T13:27:00.666Z,S20260421_142650,SC01,AUTO,,10.2216,0.0631,start,0,1500,VIDE,0.0,0.0,0.0,0.0,0.0,0.0,0,0,0.0,0.0,0.0,0.0,0.0,0.0,2.0,1.0,0.05,0.8,0.0,0.0,1,0.0,0.2,1,0.0,0.2
155,2026-04-21T13:27:00.728Z,S20260421_142650,SC01,AUTO,,10.2832,0.0615,start,0,1500,VIDE,0.0,0.0,0.0,0.0,0.0,0.0,0,0,0.0,0.0,0.0,0.0,0.0,0.0,2.0,1.0,0.05,0.8,0.0,0.0,1,0.0,0.2,1,0.0,0.2
156,2026-04-21T13:27:00.790Z,S20260421_142650,SC01,AUTO,,10.3456,0.0625,start,0,1500,VIDE,0.0,0.0,0.0,0.0,0.0,0.0,0,0,0.0,0.0,0.0,0.0,0.0,0.0,2.0,1.0,0.05,0.8,0.0,0.0,1,0.0,0.2,1,0.0,0.2
157,2026-04-21T13:27:00.849Z,S20260421_142650,SC01,AUTO,,10.4047,0.0591,start,0,1500,VIDE,0.0,0.0,0.0,0.0,0.0,0.0,0,0,0.0,0.0,0.0,0.0,0.0,0.0,2.0,1.0,0.05,0.8,0.0,0.0,1,0.0,0.2,1,0.0,0.2
158,2026-04-21T13:27:00.910Z,S20260421_142650,SC01,AUTO,,10.4656,0.0609,start,0,1500,VIDE,0.0,0.0,0.0,0.0,0.0,0.0,0,0,0.0,0.0,0.0,0.0,0.0,0.0,2.0,1.0,0.05,0.8,0.0,0.0,1,0.0,0.2,1,0.0,0.2
159,2026-04-21T13:27:00.977Z,S20260421_142650,SC01,AUTO,,10.5326,0.0669,start,0,1500,VIDE,0.0,0.0,0.0,0.0,0.0,0.0,0,0,0.0,0.0,0.0,0.0,0.0,0.0,2.0,1.0,0.05,0.8,0.0,0.0,1,0.0,0.2,1,0.0,0.2
160,2026-04-21T13:27:01.039Z,S20260421_142650,SC01,AUTO,,10.5948,0.0623,start,0,1500,VIDE,0.0,0.0,0.0,0.0,0.0,0.0,0,0,0.0,0.0,0.0,0.0,0.0,0.0,2.0,1.0,0.05,0.8,0.0,0.0,1,0.0,0.2,1,0.0,0.2
161,2026-04-21T13:27:01.102Z,S20260421_142650,SC01,AUTO,,10.6578,0.0629,start,0,1500,VIDE,0.0,0.0,0.0,0.0,0.0,0.0,0,0,0.0,0.0,0.0,0.0,0.0,0.0,2.0,1.0,0.05,0.8,0.0,0.0,1,0.0,0.2,1,0.0,0.2
162,2026-04-21T13:27:01.164Z,S20260421_142650,SC01,AUTO,,10.7191,0.0614,start,0,1500,VIDE,0.0,0.0,0.0,0.0,0.0,0.0,0,0,0.0,0.0,0.0,0.0,0.0,0.0,2.0,1.0,0.05,0.8,0.0,0.0,1,0.0,0.2,1,0.0,0.2
163,2026-04-21T13:27:01.226Z,S20260421_142650,SC01,AUTO,,10.7816,0.0624,start,0,1500,VIDE,0.0,0.0,0.0,0.0,0.0,0.0,0,0,0.0,0.0,0.0,0.0,0.0,0.0,2.0,1.0,0.05,0.8,0.0,0.0,1,0.0,0.2,1,0.0,0.2
164,2026-04-21T13:27:01.289Z,S20260421_142650,SC01,AUTO,,10.8439,0.0623,start,0,1500,VIDE,0.0,0.0,0.0,0.0,0.0,0.0,0,0,0.0,0.0,0.0,0.0,0.0,0.0,2.0,1.0,0.05,0.8,0.0,0.0,1,0.0,0.2,1,0.0,0.2
165,2026-04-21T13:27:01.349Z,S20260421_142650,SC01,AUTO,,10.9048,0.0609,start,0,1500,VIDE,0.0,0.0,0.0,0.0,0.0,0.0,0,0,0.0,0.0,0.0,0.0,0.0,0.0,2.0,1.0,0.05,0.8,0.0,0.0,1,0.0,0.2,1,0.0,0.2
166,2026-04-21T13:27:01.410Z,S20260421_142650,SC01,AUTO,,10.9653,0.0605,start,0,1500,VIDE,0.0,0.0,0.0,0.0,0.0,0.0,0,0,0.0,0.0,0.0,0.0,0.0,0.0,2.0,1.0,0.05,0.8,0.0,0.0,1,0.0,0.2,1,0.0,0.2
167,2026-04-21T13:27:01.478Z,S20260421_142650,SC01,AUTO,,11.0332,0.0679,start,0,1500,VIDE,0.0,0.0,0.0,0.0,0.0,0.0,0,0,0.0,0.0,0.0,0.0,0.0,0.0,2.0,1.0,0.05,0.8,0.0,0.0,1,0.0,0.2,1,0.0,0.2
168,2026-04-21T13:27:01.540Z,S20260421_142650,SC01,AUTO,,11.095,0.0618,start,0,1500,VIDE,0.0,0.0,0.0,0.0,0.0,0.0,0,0,0.0,0.0,0.0,0.0,0.0,0.0,2.0,1.0,0.05,0.8,0.0,0.0,1,0.0,0.2,1,0.0,0.2
169,2026-04-21T13:27:01.602Z,S20260421_142650,SC01,AUTO,,11.1573,0.0623,start,0,1500,VIDE,0.0,0.0,0.0,0.0,0.0,0.0,0,0,0.0,0.0,0.0,0.0,0.0,0.0,2.0,1.0,0.05,0.8,0.0,0.0,1,0.0,0.2,1,0.0,0.2
170,2026-04-21T13:27:01.665Z,S20260421_142650,SC01,AUTO,,11.2203,0.0631,start,0,1500,VIDE,0.0,0.0,0.0,0.0,0.0,0.0,0,0,0.0,0.0,0.0,0.0,0.0,0.0,2.0,1.0,0.05,0.8,0.0,0.0,1,0.0,0.2,1,0.0,0.2
171,2026-04-21T13:27:01.728Z,S20260421_142650,SC01,AUTO,,11.2834,0.0631,start,0,1500,VIDE,0.0,0.0,0.0,0.0,0.0,0.0,0,0,0.0,0.0,0.0,0.0,0.0,0.0,2.0,1.0,0.05,0.8,0.0,0.0,1,0.0,0.2,1,0.0,0.2
172,2026-04-21T13:27:01.790Z,S20260421_142650,SC01,AUTO,,11.3454,0.062,start,0,1500,VIDE,0.0,0.0,0.0,0.0,0.0,0.0,0,0,0.0,0.0,0.0,0.0,0.0,0.0,2.0,1.0,0.05,0.8,0.0,0.0,1,0.0,0.2,1,0.0,0.2
173,2026-04-21T13:27:01.850Z,S20260421_142650,SC01,AUTO,,11.4054,0.0601,start,0,1500,VIDE,0.0,0.0,0.0,0.0,0.0,0.0,0,0,0.0,0.0,0.0,0.0,0.0,0.0,2.0,1.0,0.05,0.8,0.0,0.0,1,0.0,0.2,1,0.0,0.2
174,2026-04-21T13:27:01.917Z,S20260421_142650,SC01,AUTO,,11.4721,0.0666,start,0,1500,VIDE,0.0,0.0,0.0,0.0,0.0,0.0,0,0,0.0,0.0,0.0,0.0,0.0,0.0,2.0,1.0,0.05,0.8,0.0,0.0,1,0.0,0.2,1,0.0,0.2
175,2026-04-21T13:27:01.980Z,S20260421_142650,SC01,AUTO,,11.5353,0.0633,start,0,1500,VIDE,0.0,0.0,0.0,0.0,0.0,0.0,0,0,0.0,0.0,0.0,0.0,0.0,0.0,2.0,1.0,0.05,0.8,0.0,0.0,1,0.0,0.2,1,0.0,0.2
176,2026-04-21T13:27:02.043Z,S20260421_142650,SC01,AUTO,,11.5983,0.063,start,0,1500,VIDE,0.0,0.0,0.0,0.0,0.0,0.0,0,0,0.0,0.0,0.0,0.0,0.0,0.0,2.0,1.0,0.05,0.8,0.0,0.0,1,0.0,0.2,1,0.0,0.2
177,2026-04-21T13:27:02.106Z,S20260421_142650,SC01,AUTO,,11.6611,0.0628,start,0,1500,VIDE,0.0,0.0,0.0,0.0,0.0,0.0,0,0,0.0,0.0,0.0,0.0,0.0,0.0,2.0,1.0,0.05,0.8,0.0,0.0,1,0.0,0.2,1,0.0,0.2
178,2026-04-21T13:27:02.168Z,S20260421_142650,SC01,AUTO,,11.7229,0.0618,start,0,1500,VIDE,0.0,0.0,0.0,0.0,0.0,0.0,0,0,0.0,0.0,0.0,0.0,0.0,0.0,2.0,1.0,0.05,0.8,0.0,0.0,1,0.0,0.2,1,0.0,0.2
179,2026-04-21T13:27:02.229Z,S20260421_142650,SC01,AUTO,,11.7843,0.0614,start,0,1500,VIDE,0.0,0.0,0.0,0.0,0.0,0.0,0,0,0.0,0.0,0.0,0.0,0.0,0.0,2.0,1.0,0.05,0.8,0.0,0.0,1,0.0,0.2,1,0.0,0.2
180,2026-04-21T13:27:02.290Z,S20260421_142650,SC01,AUTO,,11.8452,0.0609,start,0,1500,VIDE,0.0,0.0,0.0,0.0,0.0,0.0,0,0,0.0,0.0,0.0,0.0,0.0,0.0,2.0,1.0,0.05,0.8,0.0,0.0,1,0.0,0.2,1,0.0,0.2
181,2026-04-21T13:27:02.350Z,S20260421_142650,SC01,AUTO,,11.9049,0.0597,start,0,1500,VIDE,0.0,0.0,0.0,0.0,0.0,0.0,0,0,0.0,0.0,0.0,0.0,0.0,0.0,2.0,1.0,0.05,0.8,0.0,0.0,1,0.0,0.2,1,0.0,0.2
182,2026-04-21T13:27:02.416Z,S20260421_142650,SC01,AUTO,,11.9717,0.0668,start,0,1500,VIDE,0.0,0.0,0.0,0.0,0.0,0.0,0,0,0.0,0.0,0.0,0.0,0.0,0.0,2.0,1.0,0.05,0.8,0.0,0.0,1,0.0,0.2,1,0.0,0.2
183,2026-04-21T13:27:02.480Z,S20260421_142650,SC01,AUTO,,12.0349,0.0631,start,0,1500,VIDE,0.0,0.0,0.0,0.0,0.0,0.0,0,0,0.0,0.0,0.0,0.0,0.0,0.0,2.0,1.0,0.05,0.8,0.0,0.0,1,0.0,0.2,1,0.0,0.2
184,2026-04-21T13:27:02.540Z,S20260421_142650,SC01,AUTO,,12.0955,0.0606,start,0,1500,VIDE,0.0,0.0,0.0,0.0,0.0,0.0,0,0,0.0,0.0,0.0,0.0,0.0,0.0,2.0,1.0,0.05,0.8,0.0,0.0,1,0.0,0.2,1,0.0,0.2
185,2026-04-21T13:27:02.603Z,S20260421_142650,SC01,AUTO,,12.1582,0.0628,start,0,1500,VIDE,0.0,0.0,0.0,0.0,0.0,0.0,0,0,0.0,0.0,0.0,0.0,0.0,0.0,2.0,1.0,0.05,0.8,0.0,0.0,1,0.0,0.2,1,0.0,0.2
186,2026-04-21T13:27:02.666Z,S20260421_142650,SC01,AUTO,,12.2211,0.0628,start,0,1500,VIDE,0.0,0.0,0.0,0.0,0.0,0.0,0,0,0.0,0.0,0.0,0.0,0.0,0.0,2.0,1.0,0.05,0.8,0.0,0.0,1,0.0,0.2,1,0.0,0.2
187,2026-04-21T13:27:02.730Z,S20260421_142650,SC01,AUTO,,12.2849,0.0638,start,0,1500,VIDE,0.0,0.0,0.0,0.0,0.0,0.0,0,0,0.0,0.0,0.0,0.0,0.0,0.0,2.0,1.0,0.05,0.8,0.0,0.0,1,0.0,0.2,1,0.0,0.2
188,2026-04-21T13:27:02.789Z,S20260421_142650,SC01,AUTO,,12.3447,0.0598,start,0,1500,VIDE,0.0,0.0,0.0,0.0,0.0,0.0,0,0,0.0,0.0,0.0,0.0,0.0,0.0,2.0,1.0,0.05,0.8,0.0,0.0,1,0.0,0.2,1,0.0,0.2
189,2026-04-21T13:27:02.850Z,S20260421_142650,SC01,AUTO,,12.4049,0.0602,start,0,1500,VIDE,0.0,0.0,0.0,0.0,0.0,0.0,0,0,0.0,0.0,0.0,0.0,0.0,0.0,2.0,1.0,0.05,0.8,0.0,0.0,1,0.0,0.2,1,0.0,0.2
190,2026-04-21T13:27:02.910Z,S20260421_142650,SC01,AUTO,,12.4653,0.0604,start,0,1500,VIDE,0.0,0.0,0.0,0.0,0.0,0.0,0,0,0.0,0.0,0.0,0.0,0.0,0.0,2.0,1.0,0.05,0.8,0.0,0.0,1,0.0,0.2,1,0.0,0.2
191,2026-04-21T13:27:02.978Z,S20260421_142650,SC01,AUTO,,12.5329,0.0676,start,0,1500,VIDE,0.0,0.0,0.0,0.0,0.0,0.0,0,0,0.0,0.0,0.0,0.0,0.0,0.0,2.0,1.0,0.05,0.8,0.0,0.0,1,0.0,0.2,1,0.0,0.2
192,2026-04-21T13:27:03.040Z,S20260421_142650,SC01,AUTO,,12.5954,0.0625,start,0,1500,VIDE,0.0,0.0,0.0,0.0,0.0,0.0,0,0,0.0,0.0,0.0,0.0,0.0,0.0,2.0,1.0,0.05,0.8,0.0,0.0,1,0.0,0.2,1,0.0,0.2
193,2026-04-21T13:27:03.103Z,S20260421_142650,SC01,AUTO,,12.6583,0.0629,start,0,1500,VIDE,0.0,0.0,0.0,0.0,0.0,0.0,0,0,0.0,0.0,0.0,0.0,0.0,0.0,2.0,1.0,0.05,0.8,0.0,0.0,1,0.0,0.2,1,0.0,0.2
194,2026-04-21T13:27:03.164Z,S20260421_142650,SC01,AUTO,,12.7196,0.0613,start,0,1500,VIDE,0.0,0.0,0.0,0.0,0.0,0.0,0,0,0.0,0.0,0.0,0.0,0.0,0.0,2.0,1.0,0.05,0.8,0.0,0.0,1,0.0,0.2,1,0.0,0.2
195,2026-04-21T13:27:03.228Z,S20260421_142650,SC01,AUTO,,12.7837,0.064,start,0,1500,VIDE,0.0,0.0,0.0,0.0,0.0,0.0,0,0,0.0,0.0,0.0,0.0,0.0,0.0,2.0,1.0,0.05,0.8,0.0,0.0,1,0.0,0.2,1,0.0,0.2
196,2026-04-21T13:27:03.290Z,S20260421_142650,SC01,AUTO,,12.8453,0.0616,start,0,1500,VIDE,0.0,0.0,0.0,0.0,0.0,0.0,0,0,0.0,0.0,0.0,0.0,0.0,0.0,2.0,1.0,0.05,0.8,0.0,0.0,1,0.0,0.2,1,0.0,0.2
197,2026-04-21T13:27:03.350Z,S20260421_142650,SC01,AUTO,,12.9053,0.06,start,0,1500,VIDE,0.0,0.0,0.0,0.0,0.0,0.0,0,0,0.0,0.0,0.0,0.0,0.0,0.0,2.0,1.0,0.05,0.8,0.0,0.0,1,0.0,0.2,1,0.0,0.2
198,2026-04-21T13:27:03.410Z,S20260421_142650,SC01,AUTO,,12.9655,0.0603,start,0,1500,VIDE,0.0,0.0,0.0,0.0,0.0,0.0,0,0,0.0,0.0,0.0,0.0,0.0,0.0,2.0,1.0,0.05,0.8,0.0,0.0,1,0.0,0.2,1,0.0,0.2
199,2026-04-21T13:27:03.477Z,S20260421_142650,SC01,AUTO,,13.0321,0.0666,start,0,1500,VIDE,0.0,0.0,0.0,0.0,0.0,0.0,0,0,0.0,0.0,0.0,0.0,0.0,0.0,2.0,1.0,0.05,0.8,0.0,0.0,1,0.0,0.2,1,0.0,0.2
200,2026-04-21T13:27:03.539Z,S20260421_142650,SC01,AUTO,,13.0941,0.062,start,0,1500,VIDE,0.0,0.0,0.0,0.0,0.0,0.0,0,0,0.0,0.0,0.0,0.0,0.0,0.0,2.0,1.0,0.05,0.8,0.0,0.0,1,0.0,0.2,1,0.0,0.2
201,2026-04-21T13:27:03.602Z,S20260421_142650,SC01,AUTO,,13.1576,0.0634,start,0,1500,VIDE,0.0,0.0,0.0,0.0,0.0,0.0,0,0,0.0,0.0,0.0,0.0,0.0,0.0,2.0,1.0,0.05,0.8,0.0,0.0,1,0.0,0.2,1,0.0,0.2
202,2026-04-21T13:27:03.664Z,S20260421_142650,SC01,AUTO,,13.2196,0.0621,start,0,1500,VIDE,0.0,0.0,0.0,0.0,0.0,0.0,0,0,0.0,0.0,0.0,0.0,0.0,0.0,2.0,1.0,0.05,0.8,0.0,0.0,1,0.0,0.2,1,0.0,0.2
203,2026-04-21T13:27:03.726Z,S20260421_142650,SC01,AUTO,,13.2814,0.0617,start,0,1500,VIDE,0.0,0.0,0.0,0.0,0.0,0.0,0,0,0.0,0.0,0.0,0.0,0.0,0.0,2.0,1.0,0.05,0.8,0.0,0.0,1,0.0,0.2,1,0.0,0.2
204,2026-04-21T13:27:03.788Z,S20260421_142650,SC01,AUTO,,13.3436,0.0623,start,0,1500,VIDE,0.0,0.0,0.0,0.0,0.0,0.0,0,0,0.0,0.0,0.0,0.0,0.0,0.0,2.0,1.0,0.05,0.8,0.0,0.0,1,0.0,0.2,1,0.0,0.2
205,2026-04-21T13:27:03.850Z,S20260421_142650,SC01,AUTO,,13.4052,0.0616,start,0,1500,VIDE,0.0,0.0,0.0,0.0,0.0,0.0,0,0,0.0,0.0,0.0,0.0,0.0,0.0,2.0,1.0,0.05,0.8,0.0,0.0,1,0.0,0.2,1,0.0,0.2
206,2026-04-21T13:27:03.911Z,S20260421_142650,SC01,AUTO,,13.466,0.0608,start,0,1500,VIDE,0.0,0.0,0.0,0.0,0.0,0.0,0,0,0.0,0.0,0.0,0.0,0.0,0.0,2.0,1.0,0.05,0.8,0.0,0.0,1,0.0,0.2,1,0.0,0.2
207,2026-04-21T13:27:03.976Z,S20260421_142650,SC01,AUTO,,13.5313,0.0652,start,0,1500,VIDE,0.0,0.0,0.0,0.0,0.0,0.0,0,0,0.0,0.0,0.0,0.0,0.0,0.0,2.0,1.0,0.05,0.8,0.0,0.0,1,0.0,0.2,1,0.0,0.2
208,2026-04-21T13:27:04.038Z,S20260421_142650,SC01,AUTO,,13.5929,0.0616,start,0,1500,VIDE,0.0,0.0,0.0,0.0,0.0,0.0,0,0,0.0,0.0,0.0,0.0,0.0,0.0,2.0,1.0,0.05,0.8,0.0,0.0,1,0.0,0.2,1,0.0,0.2
209,2026-04-21T13:27:04.100Z,S20260421_142650,SC01,AUTO,,13.6552,0.0623,start,0,1500,VIDE,0.0,0.0,0.0,0.0,0.0,0.0,0,0,0.0,0.0,0.0,0.0,0.0,0.0,2.0,1.0,0.05,0.8,0.0,0.0,1,0.0,0.2,1,0.0,0.2
210,2026-04-21T13:27:04.163Z,S20260421_142650,SC01,AUTO,,13.7187,0.0635,start,0,1500,VIDE,0.0,0.0,0.0,0.0,0.0,0.0,0,0,0.0,0.0,0.0,0.0,0.0,0.0,2.0,1.0,0.05,0.8,0.0,0.0,1,0.0,0.2,1,0.0,0.2
211,2026-04-21T13:27:04.225Z,S20260421_142650,SC01,AUTO,,13.7804,0.0616,start,0,1500,VIDE,0.0,0.0,0.0,0.0,0.0,0.0,0,0,0.0,0.0,0.0,0.0,0.0,0.0,2.0,1.0,0.05,0.8,0.0,0.0,1,0.0,0.2,1,0.0,0.2
212,2026-04-21T13:27:04.287Z,S20260421_142650,SC01,AUTO,,13.8425,0.0621,start,0,1500,VIDE,0.0,0.0,0.0,0.0,0.0,0.0,0,0,0.0,0.0,0.0,0.0,0.0,0.0,2.0,1.0,0.05,0.8,0.0,0.0,1,0.0,0.2,1,0.0,0.2
213,2026-04-21T13:27:04.349Z,S20260421_142650,SC01,AUTO,,13.9041,0.0617,start,0,1500,VIDE,0.0,0.0,0.0,0.0,0.0,0.0,0,0,0.0,0.0,0.0,0.0,0.0,0.0,2.0,1.0,0.05,0.8,0.0,0.0,1,0.0,0.2,1,0.0,0.2
214,2026-04-21T13:27:04.410Z,S20260421_142650,SC01,AUTO,,13.9655,0.0613,start,0,1500,VIDE,0.0,0.0,0.0,0.0,0.0,0.0,0,0,0.0,0.0,0.0,0.0,0.0,0.0,2.0,1.0,0.05,0.8,0.0,0.0,1,0.0,0.2,1,0.0,0.2
215,2026-04-21T13:27:04.474Z,S20260421_142650,SC01,AUTO,,14.0297,0.0642,start,0,1500,VIDE,0.0,0.0,0.0,0.0,0.0,0.0,0,0,0.0,0.0,0.0,0.0,0.0,0.0,2.0,1.0,0.05,0.8,0.0,0.0,1,0.0,0.2,1,0.0,0.2
216,2026-04-21T13:27:04.537Z,S20260421_142650,SC01,AUTO,,14.0919,0.0622,start,0,1500,VIDE,0.0,0.0,0.0,0.0,0.0,0.0,0,0,0.0,0.0,0.0,0.0,0.0,0.0,2.0,1.0,0.05,0.8,0.0,0.0,1,0.0,0.2,1,0.0,0.2
217,2026-04-21T13:27:04.598Z,S20260421_142650,SC01,AUTO,,14.1535,0.0616,start,0,1500,VIDE,0.0,0.0,0.0,0.0,0.0,0.0,0,0,0.0,0.0,0.0,0.0,0.0,0.0,2.0,1.0,0.05,0.8,0.0,0.0,1,0.0,0.2,1,0.0,0.2
218,2026-04-21T13:27:04.670Z,S20260421_142650,SC01,AUTO,,14.2258,0.0723,start,0,1500,VIDE,0.0,0.0,0.0,0.0,0.0,0.0,0,0,0.0,0.0,0.0,0.0,0.0,0.0,2.0,1.0,0.05,0.8,0.0,0.0,1,0.0,0.2,1,0.0,0.2
219,2026-04-21T13:27:04.730Z,S20260421_142650,SC01,AUTO,,14.2853,0.0595,start,0,1500,VIDE,0.0,0.0,0.0,0.0,0.0,0.0,0,0,0.0,0.0,0.0,0.0,0.0,0.0,2.0,1.0,0.05,0.8,0.0,0.0,1,0.0,0.2,1,0.0,0.2
220,2026-04-21T13:27:04.790Z,S20260421_142650,SC01,AUTO,,14.3451,0.0598,start,0,1500,VIDE,0.0,0.0,0.0,0.0,0.0,0.0,0,0,0.0,0.0,0.0,0.0,0.0,0.0,2.0,1.0,0.05,0.8,0.0,0.0,1,0.0,0.2,1,0.0,0.2
221,2026-04-21T13:27:04.849Z,S20260421_142650,SC01,AUTO,,14.4047,0.0597,start,0,1500,VIDE,0.0,0.0,0.0,0.0,0.0,0.0,0,0,0.0,0.0,0.0,0.0,0.0,0.0,2.0,1.0,0.05,0.8,0.0,0.0,1,0.0,0.2,1,0.0,0.2
222,2026-04-21T13:27:04.910Z,S20260421_142650,SC01,AUTO,,14.4657,0.061,start,0,1500,VIDE,0.0,0.0,0.0,0.0,0.0,0.0,0,0,0.0,0.0,0.0,0.0,0.0,0.0,2.0,1.0,0.05,0.8,0.0,0.0,1,0.0,0.2,1,0.0,0.2
223,2026-04-21T13:27:04.986Z,S20260421_142650,SC01,AUTO,,14.5418,0.076,start,0,1500,VIDE,0.0,0.0,0.0,0.0,0.0,0.0,0,0,0.0,0.0,0.0,0.0,0.0,0.0,2.0,1.0,0.05,0.8,0.0,0.0,1,0.0,0.2,1,0.0,0.2
224,2026-04-21T13:27:05.049Z,S20260421_142650,SC01,AUTO,,14.6041,0.0624,start,0,1500,VIDE,0.0,0.0,0.0,0.0,0.0,0.0,0,0,0.0,0.0,0.0,0.0,0.0,0.0,2.0,1.0,0.05,0.8,0.0,0.0,1,0.0,0.2,1,0.0,0.2
225,2026-04-21T13:27:05.110Z,S20260421_142650,SC01,AUTO,,14.6654,0.0613,start,0,1500,VIDE,0.0,0.0,0.0,0.0,0.0,0.0,0,0,0.0,0.0,0.0,0.0,0.0,0.0,2.0,1.0,0.05,0.8,0.0,0.0,1,0.0,0.2,1,0.0,0.2
226,2026-04-21T13:27:05.170Z,S20260421_142650,SC01,AUTO,,14.7252,0.0598,start,0,1500,VIDE,0.0,0.0,0.0,0.0,0.0,0.0,0,0,0.0,0.0,0.0,0.0,0.0,0.0,2.0,1.0,0.05,0.8,0.0,0.0,1,0.0,0.2,1,0.0,0.2
227,2026-04-21T13:27:05.230Z,S20260421_142650,SC01,AUTO,,14.7854,0.0602,start,0,1500,VIDE,0.0,0.0,0.0,0.0,0.0,0.0,0,0,0.0,0.0,0.0,0.0,0.0,0.0,2.0,1.0,0.05,0.8,0.0,0.0,1,0.0,0.2,1,0.0,0.2
228,2026-04-21T13:27:05.290Z,S20260421_142650,SC01,AUTO,,14.8449,0.0595,start,0,1500,VIDE,0.0,0.0,0.0,0.0,0.0,0.0,0,0,0.0,0.0,0.0,0.0,0.0,0.0,2.0,1.0,0.05,0.8,0.0,0.0,1,0.0,0.2,1,0.0,0.2
229,2026-04-21T13:27:05.349Z,S20260421_142650,SC01,AUTO,,14.9047,0.0598,start,0,1500,VIDE,0.0,0.0,0.0,0.0,0.0,0.0,0,0,0.0,0.0,0.0,0.0,0.0,0.0,2.0,1.0,0.05,0.8,0.0,0.0,1,0.0,0.2,1,0.0,0.2
230,2026-04-21T13:27:05.425Z,S20260421_142650,SC01,AUTO,,14.9804,0.0757,start,0,1500,VIDE,0.0,0.0,0.0,0.0,0.0,0.0,0,0,0.0,0.0,0.0,0.0,0.0,0.0,2.0,1.0,0.05,0.8,0.0,0.0,1,0.0,0.2,1,0.0,0.2
231,2026-04-21T13:27:05.486Z,S20260421_142650,SC01,AUTO,,15.0418,0.0614,start,0,1500,VIDE,0.0,0.0,0.0,0.0,0.0,0.0,0,0,0.0,0.0,0.0,0.0,0.0,0.0,2.0,1.0,0.05,0.8,0.0,0.0,1,0.0,0.2,1,0.0,0.2
232,2026-04-21T13:27:05.547Z,S20260421_142650,SC01,AUTO,,15.1027,0.0609,start,0,1500,VIDE,0.0,0.0,0.0,0.0,0.0,0.0,0,0,0.0,0.0,0.0,0.0,0.0,0.0,2.0,1.0,0.05,0.8,0.0,0.0,1,0.0,0.2,1,0.0,0.2
233,2026-04-21T13:27:05.609Z,S20260421_142650,SC01,AUTO,,15.164,0.0614,start,0,1500,VIDE,0.0,0.0,0.0,0.0,0.0,0.0,0,0,0.0,0.0,0.0,0.0,0.0,0.0,2.0,1.0,0.05,0.8,0.0,0.0,1,0.0,0.2,1,0.0,0.2
234,2026-04-21T13:27:05.670Z,S20260421_142650,SC01,AUTO,,15.2252,0.0611,start,0,1500,VIDE,0.0,0.0,0.0,0.0,0.0,0.0,0,0,0.0,0.0,0.0,0.0,0.0,0.0,2.0,1.0,0.05,0.8,0.0,0.0,1,0.0,0.2,1,0.0,0.2
235,2026-04-21T13:27:05.730Z,S20260421_142650,SC01,AUTO,,15.2853,0.0601,start,0,1500,VIDE,0.0,0.0,0.0,0.0,0.0,0.0,0,0,0.0,0.0,0.0,0.0,0.0,0.0,2.0,1.0,0.05,0.8,0.0,0.0,1,0.0,0.2,1,0.0,0.2
236,2026-04-21T13:27:05.790Z,S20260421_142650,SC01,AUTO,,15.3457,0.0604,start,0,1500,VIDE,0.0,0.0,0.0,0.0,0.0,0.0,0,0,0.0,0.0,0.0,0.0,0.0,0.0,2.0,1.0,0.05,0.8,0.0,0.0,1,0.0,0.2,1,0.0,0.2
237,2026-04-21T13:27:05.850Z,S20260421_142650,SC01,AUTO,,15.4052,0.0595,start,0,1500,VIDE,0.0,0.0,0.0,0.0,0.0,0.0,0,0,0.0,0.0,0.0,0.0,0.0,0.0,2.0,1.0,0.05,0.8,0.0,0.0,1,0.0,0.2,1,0.0,0.2
238,2026-04-21T13:27:05.916Z,S20260421_142650,SC01,AUTO,,15.4711,0.066,start,0,1500,VIDE,0.0,0.0,0.0,0.0,0.0,0.0,0,0,0.0,0.0,0.0,0.0,0.0,0.0,2.0,1.0,0.05,0.8,0.0,0.0,1,0.0,0.2,1,0.0,0.2
239,2026-04-21T13:27:05.978Z,S20260421_142650,SC01,AUTO,,15.5331,0.0619,start,0,1500,VIDE,0.0,0.0,0.0,0.0,0.0,0.0,0,0,0.0,0.0,0.0,0.0,0.0,0.0,2.0,1.0,0.05,0.8,0.0,0.0,1,0.0,0.2,1,0.0,0.2
240,2026-04-21T13:27:06.039Z,S20260421_142650,SC01,AUTO,,15.5944,0.0614,start,0,1500,VIDE,0.0,0.0,0.0,0.0,0.0,0.0,0,0,0.0,0.0,0.0,0.0,0.0,0.0,2.0,1.0,0.05,0.8,0.0,0.0,1,0.0,0.2,1,0.0,0.2
241,2026-04-21T13:27:06.101Z,S20260421_142650,SC01,AUTO,,15.6562,0.0618,start,0,1500,VIDE,0.0,0.0,0.0,0.0,0.0,0.0,0,0,0.0,0.0,0.0,0.0,0.0,0.0,2.0,1.0,0.05,0.8,0.0,0.0,1,0.0,0.2,1,0.0,0.2
242,2026-04-21T13:27:06.162Z,S20260421_142650,SC01,AUTO,,15.7169,0.0607,start,0,1500,VIDE,0.0,0.0,0.0,0.0,0.0,0.0,0,0,0.0,0.0,0.0,0.0,0.0,0.0,2.0,1.0,0.05,0.8,0.0,0.0,1,0.0,0.2,1,0.0,0.2
243,2026-04-21T13:27:06.223Z,S20260421_142650,SC01,AUTO,,15.7781,0.0612,start,0,1500,VIDE,0.0,0.0,0.0,0.0,0.0,0.0,0,0,0.0,0.0,0.0,0.0,0.0,0.0,2.0,1.0,0.05,0.8,0.0,0.0,1,0.0,0.2,1,0.0,0.2
244,2026-04-21T13:27:06.289Z,S20260421_142650,SC01,AUTO,,15.8446,0.0665,start,0,1500,VIDE,0.0,0.0,0.0,0.0,0.0,0.0,0,0,0.0,0.0,0.0,0.0,0.0,0.0,2.0,1.0,0.05,0.8,0.0,0.0,1,0.0,0.2,1,0.0,0.2
245,2026-04-21T13:27:06.350Z,S20260421_142650,SC01,AUTO,,15.9055,0.0608,start,0,1500,VIDE,0.0,0.0,0.0,0.0,0.0,0.0,0,0,0.0,0.0,0.0,0.0,0.0,0.0,2.0,1.0,0.05,0.8,0.0,0.0,1,0.0,0.2,1,0.0,0.2
246,2026-04-21T13:27:06.410Z,S20260421_142650,SC01,AUTO,,15.9653,0.0599,start,0,1500,VIDE,0.0,0.0,0.0,0.0,0.0,0.0,0,0,0.0,0.0,0.0,0.0,0.0,0.0,2.0,1.0,0.05,0.8,0.0,0.0,1,0.0,0.2,1,0.0,0.2
247,2026-04-21T13:27:06.489Z,S20260421_142650,SC01,AUTO,,16.0445,0.0791,start,0,1500,VIDE,0.0,0.0,0.0,0.0,0.0,0.0,0,0,0.0,0.0,0.0,0.0,0.0,0.0,2.0,1.0,0.05,0.8,0.0,0.0,1,0.0,0.2,1,0.0,0.2
248,2026-04-21T13:27:06.564Z,S20260421_142650,SC01,AUTO,,16.1198,0.0753,start,0,1500,VIDE,0.0,0.0,0.0,0.0,0.0,0.0,0,0,0.0,0.0,0.0,0.0,0.0,0.0,2.0,1.0,0.05,0.8,0.0,0.0,1,0.0,0.2,1,0.0,0.2
249,2026-04-21T13:27:06.627Z,S20260421_142650,SC01,AUTO,,16.1823,0.0625,start,0,1500,VIDE,0.0,0.0,0.0,0.0,0.0,0.0,0,0,0.0,0.0,0.0,0.0,0.0,0.0,2.0,1.0,0.05,0.8,0.0,0.0,1,0.0,0.2,1,0.0,0.2
250,2026-04-21T13:27:06.689Z,S20260421_142650,SC01,AUTO,,16.2442,0.0619,start,0,1500,VIDE,0.0,0.0,0.0,0.0,0.0,0.0,0,0,0.0,0.0,0.0,0.0,0.0,0.0,2.0,1.0,0.05,0.8,0.0,0.0,1,0.0,0.2,1,0.0,0.2
251,2026-04-21T13:27:06.750Z,S20260421_142650,SC01,AUTO,,16.305,0.0607,start,0,1500,VIDE,0.0,0.0,0.0,0.0,0.0,0.0,0,0,0.0,0.0,0.0,0.0,0.0,0.0,2.0,1.0,0.05,0.8,0.0,0.0,1,0.0,0.2,1,0.0,0.2
252,2026-04-21T13:27:06.810Z,S20260421_142650,SC01,AUTO,,16.3649,0.06,start,0,1500,VIDE,0.0,0.0,0.0,0.0,0.0,0.0,0,0,0.0,0.0,0.0,0.0,0.0,0.0,2.0,1.0,0.05,0.8,0.0,0.0,1,0.0,0.2,1,0.0,0.2
253,2026-04-21T13:27:06.870Z,S20260421_142650,SC01,AUTO,,16.4255,0.0605,start,0,1500,VIDE,0.0,0.0,0.0,0.0,0.0,0.0,0,0,0.0,0.0,0.0,0.0,0.0,0.0,2.0,1.0,0.05,0.8,0.0,0.0,1,0.0,0.2,1,0.0,0.2
254,2026-04-21T13:27:06.930Z,S20260421_142650,SC01,AUTO,,16.485,0.0596,start,0,1500,VIDE,0.0,0.0,0.0,0.0,0.0,0.0,0,0,0.0,0.0,0.0,0.0,0.0,0.0,2.0,1.0,0.05,0.8,0.0,0.0,1,0.0,0.2,1,0.0,0.2
255,2026-04-21T13:27:06.990Z,S20260421_142650,SC01,AUTO,,16.5449,0.0599,start,0,1500,VIDE,0.0,0.0,0.0,0.0,0.0,0.0,0,0,0.0,0.0,0.0,0.0,0.0,0.0,2.0,1.0,0.05,0.8,0.0,0.0,1,0.0,0.2,1,0.0,0.2
256,2026-04-21T13:27:07.051Z,S20260421_142650,SC01,AUTO,,16.6064,0.0615,start,0,1500,VIDE,0.0,0.0,0.0,0.0,0.0,0.0,0,0,0.0,0.0,0.0,0.0,0.0,0.0,2.0,1.0,0.05,0.8,0.0,0.0,1,0.0,0.2,1,0.0,0.2
257,2026-04-21T13:27:07.123Z,S20260421_142650,SC01,AUTO,,16.6783,0.0719,start,0,1500,VIDE,0.0,0.0,0.0,0.0,0.0,0.0,0,0,0.0,0.0,0.0,0.0,0.0,0.0,2.0,1.0,0.05,0.8,0.0,0.0,1,0.0,0.2,1,0.0,0.2
258,2026-04-21T13:27:07.186Z,S20260421_142650,SC01,AUTO,,16.7414,0.0631,start,0,1500,VIDE,0.0,0.0,0.0,0.0,0.0,0.0,0,0,0.0,0.0,0.0,0.0,0.0,0.0,2.0,1.0,0.05,0.8,0.0,0.0,1,0.0,0.2,1,0.0,0.2
259,2026-04-21T13:27:07.248Z,S20260421_142650,SC01,AUTO,,16.8031,0.0617,start,0,1500,VIDE,0.0,0.0,0.0,0.0,0.0,0.0,0,0,0.0,0.0,0.0,0.0,0.0,0.0,2.0,1.0,0.05,0.8,0.0,0.0,1,0.0,0.2,1,0.0,0.2
260,2026-04-21T13:27:07.310Z,S20260421_142650,SC01,AUTO,,16.8652,0.0621,start,0,1500,VIDE,0.0,0.0,0.0,0.0,0.0,0.0,0,0,0.0,0.0,0.0,0.0,0.0,0.0,2.0,1.0,0.05,0.8,0.0,0.0,1,0.0,0.2,1,0.0,0.2
261,2026-04-21T13:27:07.370Z,S20260421_142650,SC01,AUTO,,16.9257,0.0606,start,0,1500,VIDE,0.0,0.0,0.0,0.0,0.0,0.0,0,0,0.0,0.0,0.0,0.0,0.0,0.0,2.0,1.0,0.05,0.8,0.0,0.0,1,0.0,0.2,1,0.0,0.2
262,2026-04-21T13:27:07.430Z,S20260421_142650,SC01,AUTO,,16.9852,0.0595,start,0,1500,VIDE,0.0,0.0,0.0,0.0,0.0,0.0,0,0,0.0,0.0,0.0,0.0,0.0,0.0,2.0,1.0,0.05,0.8,0.0,0.0,1,0.0,0.2,1,0.0,0.2
263,2026-04-21T13:27:07.491Z,S20260421_142650,SC01,AUTO,,17.0463,0.0612,start,0,1500,VIDE,0.0,0.0,0.0,0.0,0.0,0.0,0,0,0.0,0.0,0.0,0.0,0.0,0.0,2.0,1.0,0.05,0.8,0.0,0.0,1,0.0,0.2,1,0.0,0.2
264,2026-04-21T13:27:07.562Z,S20260421_142650,SC01,AUTO,,17.117,0.0706,start,0,1500,VIDE,0.0,0.0,0.0,0.0,0.0,0.0,0,0,0.0,0.0,0.0,0.0,0.0,0.0,2.0,1.0,0.05,0.8,0.0,0.0,1,0.0,0.2,1,0.0,0.2
265,2026-04-21T13:27:07.623Z,S20260421_142650,SC01,AUTO,,17.1781,0.0612,start,0,1500,VIDE,0.0,0.0,0.0,0.0,0.0,0.0,0,0,0.0,0.0,0.0,0.0,0.0,0.0,2.0,1.0,0.05,0.8,0.0,0.0,1,0.0,0.2,1,0.0,0.2
266,2026-04-21T13:27:07.684Z,S20260421_142650,SC01,AUTO,,17.2395,0.0614,start,0,1500,VIDE,0.0,0.0,0.0,0.0,0.0,0.0,0,0,0.0,0.0,0.0,0.0,0.0,0.0,2.0,1.0,0.05,0.8,0.0,0.0,1,0.0,0.2,1,0.0,0.2
267,2026-04-21T13:27:07.748Z,S20260421_142650,SC01,AUTO,,17.3033,0.0638,start,0,1500,VIDE,0.0,0.0,0.0,0.0,0.0,0.0,0,0,0.0,0.0,0.0,0.0,0.0,0.0,2.0,1.0,0.05,0.8,0.0,0.0,1,0.0,0.2,1,0.0,0.2
268,2026-04-21T13:27:07.809Z,S20260421_142650,SC01,AUTO,,17.3647,0.0614,start,0,1500,VIDE,0.0,0.0,0.0,0.0,0.0,0.0,0,0,0.0,0.0,0.0,0.0,0.0,0.0,2.0,1.0,0.05,0.8,0.0,0.0,1,0.0,0.2,1,0.0,0.2
269,2026-04-21T13:27:07.870Z,S20260421_142650,SC01,AUTO,,17.4254,0.0608,start,0,1500,VIDE,0.0,0.0,0.0,0.0,0.0,0.0,0,0,0.0,0.0,0.0,0.0,0.0,0.0,2.0,1.0,0.05,0.8,0.0,0.0,1,0.0,0.2,1,0.0,0.2
270,2026-04-21T13:27:07.929Z,S20260421_142650,SC01,AUTO,,17.4848,0.0593,start,0,1500,VIDE,0.0,0.0,0.0,0.0,0.0,0.0,0,0,0.0,0.0,0.0,0.0,0.0,0.0,2.0,1.0,0.05,0.8,0.0,0.0,1,0.0,0.2,1,0.0,0.2
271,2026-04-21T13:27:07.990Z,S20260421_142650,SC01,AUTO,,17.5452,0.0604,start,0,1500,VIDE,0.0,0.0,0.0,0.0,0.0,0.0,0,0,0.0,0.0,0.0,0.0,0.0,0.0,2.0,1.0,0.05,0.8,0.0,0.0,1,0.0,0.2,1,0.0,0.2
272,2026-04-21T13:27:08.061Z,S20260421_142650,SC01,AUTO,,17.6163,0.0711,start,0,1500,VIDE,0.0,0.0,0.0,0.0,0.0,0.0,0,0,0.0,0.0,0.0,0.0,0.0,0.0,2.0,1.0,0.05,0.8,0.0,0.0,1,0.0,0.2,1,0.0,0.2
273,2026-04-21T13:27:08.122Z,S20260421_142650,SC01,AUTO,,17.6777,0.0614,start,0,1500,VIDE,0.0,0.0,0.0,0.0,0.0,0.0,0,0,0.0,0.0,0.0,0.0,0.0,0.0,2.0,1.0,0.05,0.8,0.0,0.0,1,0.0,0.2,1,0.0,0.2
274,2026-04-21T13:27:08.186Z,S20260421_142650,SC01,AUTO,,17.7412,0.0635,start,0,1500,VIDE,0.0,0.0,0.0,0.0,0.0,0.0,0,0,0.0,0.0,0.0,0.0,0.0,0.0,2.0,1.0,0.05,0.8,0.0,0.0,1,0.0,0.2,1,0.0,0.2
275,2026-04-21T13:27:08.248Z,S20260421_142650,SC01,AUTO,,17.8031,0.0619,start,0,1500,VIDE,0.0,0.0,0.0,0.0,0.0,0.0,0,0,0.0,0.0,0.0,0.0,0.0,0.0,2.0,1.0,0.05,0.8,0.0,0.0,1,0.0,0.2,1,0.0,0.2
276,2026-04-21T13:27:08.310Z,S20260421_142650,SC01,AUTO,,17.8655,0.0623,start,0,1500,VIDE,0.0,0.0,0.0,0.0,0.0,0.0,0,0,0.0,0.0,0.0,0.0,0.0,0.0,2.0,1.0,0.05,0.8,0.0,0.0,1,0.0,0.2,1,0.0,0.2
277,2026-04-21T13:27:08.370Z,S20260421_142650,SC01,AUTO,,17.9249,0.0594,start,0,1500,VIDE,0.0,0.0,0.0,0.0,0.0,0.0,0,0,0.0,0.0,0.0,0.0,0.0,0.0,2.0,1.0,0.05,0.8,0.0,0.0,1,0.0,0.2,1,0.0,0.2
278,2026-04-21T13:27:08.430Z,S20260421_142650,SC01,AUTO,,17.9853,0.0604,start,0,1500,VIDE,0.0,0.0,0.0,0.0,0.0,0.0,0,0,0.0,0.0,0.0,0.0,0.0,0.0,2.0,1.0,0.05,0.8,0.0,0.0,1,0.0,0.2,1,0.0,0.2
279,2026-04-21T13:27:08.491Z,S20260421_142650,SC01,AUTO,,18.0461,0.0609,start,0,1500,VIDE,0.0,0.0,0.0,0.0,0.0,0.0,0,0,0.0,0.0,0.0,0.0,0.0,0.0,2.0,1.0,0.05,0.8,0.0,0.0,1,0.0,0.2,1,0.0,0.2
280,2026-04-21T13:27:08.559Z,S20260421_142650,SC01,AUTO,,18.1148,0.0686,start,0,1500,VIDE,0.0,0.0,0.0,0.0,0.0,0.0,0,0,0.0,0.0,0.0,0.0,0.0,0.0,2.0,1.0,0.05,0.8,0.0,0.0,1,0.0,0.2,1,0.0,0.2
281,2026-04-21T13:27:08.622Z,S20260421_142650,SC01,AUTO,,18.1774,0.0627,start,0,1500,VIDE,0.0,0.0,0.0,0.0,0.0,0.0,0,0,0.0,0.0,0.0,0.0,0.0,0.0,2.0,1.0,0.05,0.8,0.0,0.0,1,0.0,0.2,1,0.0,0.2
282,2026-04-21T13:27:08.685Z,S20260421_142650,SC01,AUTO,,18.2405,0.0631,start,0,1500,VIDE,0.0,0.0,0.0,0.0,0.0,0.0,0,0,0.0,0.0,0.0,0.0,0.0,0.0,2.0,1.0,0.05,0.8,0.0,0.0,1,0.0,0.2,1,0.0,0.2
283,2026-04-21T13:27:08.747Z,S20260421_142650,SC01,AUTO,,18.302,0.0615,start,0,1500,VIDE,0.0,0.0,0.0,0.0,0.0,0.0,0,0,0.0,0.0,0.0,0.0,0.0,0.0,2.0,1.0,0.05,0.8,0.0,0.0,1,0.0,0.2,1,0.0,0.2
284,2026-04-21T13:27:08.810Z,S20260421_142650,SC01,AUTO,,18.3653,0.0633,start,0,1500,VIDE,0.0,0.0,0.0,0.0,0.0,0.0,0,0,0.0,0.0,0.0,0.0,0.0,0.0,2.0,1.0,0.05,0.8,0.0,0.0,1,0.0,0.2,1,0.0,0.2
285,2026-04-21T13:27:08.870Z,S20260421_142650,SC01,AUTO,,18.4252,0.0599,start,0,1500,VIDE,0.0,0.0,0.0,0.0,0.0,0.0,0,0,0.0,0.0,0.0,0.0,0.0,0.0,2.0,1.0,0.05,0.8,0.0,0.0,1,0.0,0.2,1,0.0,0.2
286,2026-04-21T13:27:08.930Z,S20260421_142650,SC01,AUTO,,18.4857,0.0605,start,0,1500,VIDE,0.0,0.0,0.0,0.0,0.0,0.0,0,0,0.0,0.0,0.0,0.0,0.0,0.0,2.0,1.0,0.05,0.8,0.0,0.0,1,0.0,0.2,1,0.0,0.2
287,2026-04-21T13:27:08.990Z,S20260421_142650,SC01,AUTO,,18.5451,0.0594,start,0,1500,VIDE,0.0,0.0,0.0,0.0,0.0,0.0,0,0,0.0,0.0,0.0,0.0,0.0,0.0,2.0,1.0,0.05,0.8,0.0,0.0,1,0.0,0.2,1,0.0,0.2
288,2026-04-21T13:27:09.051Z,S20260421_142650,SC01,AUTO,,18.6062,0.0611,start,0,1500,VIDE,0.0,0.0,0.0,0.0,0.0,0.0,0,0,0.0,0.0,0.0,0.0,0.0,0.0,2.0,1.0,0.05,0.8,0.0,0.0,1,0.0,0.2,1,0.0,0.2
289,2026-04-21T13:27:09.121Z,S20260421_142650,SC01,AUTO,,18.6765,0.0704,start,0,1500,VIDE,0.0,0.0,0.0,0.0,0.0,0.0,0,0,0.0,0.0,0.0,0.0,0.0,0.0,2.0,1.0,0.05,0.8,0.0,0.0,1,0.0,0.2,1,0.0,0.2
290,2026-04-21T13:27:09.184Z,S20260421_142650,SC01,AUTO,,18.7396,0.063,start,0,1500,VIDE,0.0,0.0,0.0,0.0,0.0,0.0,0,0,0.0,0.0,0.0,0.0,0.0,0.0,2.0,1.0,0.05,0.8,0.0,0.0,1,0.0,0.2,1,0.0,0.2
291,2026-04-21T13:27:09.246Z,S20260421_142650,SC01,AUTO,,18.8019,0.0622,start,0,1500,VIDE,0.0,0.0,0.0,0.0,0.0,0.0,0,0,0.0,0.0,0.0,0.0,0.0,0.0,2.0,1.0,0.05,0.8,0.0,0.0,1,0.0,0.2,1,0.0,0.2
292,2026-04-21T13:27:09.309Z,S20260421_142650,SC01,AUTO,,18.8643,0.0625,start,0,1500,VIDE,0.0,0.0,0.0,0.0,0.0,0.0,0,0,0.0,0.0,0.0,0.0,0.0,0.0,2.0,1.0,0.05,0.8,0.0,0.0,1,0.0,0.2,1,0.0,0.2
293,2026-04-21T13:27:09.370Z,S20260421_142650,SC01,AUTO,,18.9253,0.0609,start,0,1500,VIDE,0.0,0.0,0.0,0.0,0.0,0.0,0,0,0.0,0.0,0.0,0.0,0.0,0.0,2.0,1.0,0.05,0.8,0.0,0.0,1,0.0,0.2,1,0.0,0.2
294,2026-04-21T13:27:09.430Z,S20260421_142650,SC01,AUTO,,18.9853,0.0601,start,0,1500,VIDE,0.0,0.0,0.0,0.0,0.0,0.0,0,0,0.0,0.0,0.0,0.0,0.0,0.0,2.0,1.0,0.05,0.8,0.0,0.0,1,0.0,0.2,1,0.0,0.2
295,2026-04-21T13:27:09.491Z,S20260421_142650,SC01,AUTO,,19.0461,0.0607,start,0,1500,VIDE,0.0,0.0,0.0,0.0,0.0,0.0,0,0,0.0,0.0,0.0,0.0,0.0,0.0,2.0,1.0,0.05,0.8,0.0,0.0,1,0.0,0.2,1,0.0,0.2
296,2026-04-21T13:27:09.558Z,S20260421_142650,SC01,AUTO,,19.1136,0.0675,start,0,1500,VIDE,0.0,0.0,0.0,0.0,0.0,0.0,0,0,0.0,0.0,0.0,0.0,0.0,0.0,2.0,1.0,0.05,0.8,0.0,0.0,1,0.0,0.2,1,0.0,0.2
297,2026-04-21T13:27:09.621Z,S20260421_142650,SC01,AUTO,,19.1762,0.0626,start,0,1500,VIDE,0.0,0.0,0.0,0.0,0.0,0.0,0,0,0.0,0.0,0.0,0.0,0.0,0.0,2.0,1.0,0.05,0.8,0.0,0.0,1,0.0,0.2,1,0.0,0.2
298,2026-04-21T13:27:09.683Z,S20260421_142650,SC01,AUTO,,19.2386,0.0623,start,0,1500,VIDE,0.0,0.0,0.0,0.0,0.0,0.0,0,0,0.0,0.0,0.0,0.0,0.0,0.0,2.0,1.0,0.05,0.8,0.0,0.0,1,0.0,0.2,1,0.0,0.2
299,2026-04-21T13:27:09.744Z,S20260421_142650,SC01,AUTO,,19.2998,0.0612,start,0,1500,VIDE,0.0,0.0,0.0,0.0,0.0,0.0,0,0,0.0,0.0,0.0,0.0,0.0,0.0,2.0,1.0,0.05,0.8,0.0,0.0,1,0.0,0.2,1,0.0,0.2
300,2026-04-21T13:27:09.807Z,S20260421_142650,SC01,AUTO,,19.3624,0.0626,start,0,1500,VIDE,0.0,0.0,0.0,0.0,0.0,0.0,0,0,0.0,0.0,0.0,0.0,0.0,0.0,2.0,1.0,0.05,0.8,0.0,0.0,1,0.0,0.2,1,0.0,0.2
301,2026-04-21T13:27:09.868Z,S20260421_142650,SC01,AUTO,,19.4237,0.0613,start,0,1500,VIDE,0.0,0.0,0.0,0.0,0.0,0.0,0,0,0.0,0.0,0.0,0.0,0.0,0.0,2.0,1.0,0.05,0.8,0.0,0.0,1,0.0,0.2,1,0.0,0.2
302,2026-04-21T13:27:09.930Z,S20260421_142650,SC01,AUTO,,19.4856,0.062,start,0,1500,VIDE,0.0,0.0,0.0,0.0,0.0,0.0,0,0,0.0,0.0,0.0,0.0,0.0,0.0,2.0,1.0,0.05,0.8,0.0,0.0,1,0.0,0.2,1,0.0,0.2
303,2026-04-21T13:27:09.990Z,S20260421_142650,SC01,AUTO,,19.545,0.0594,start,0,1500,VIDE,0.0,0.0,0.0,0.0,0.0,0.0,0,0,0.0,0.0,0.0,0.0,0.0,0.0,2.0,1.0,0.05,0.8,0.0,0.0,1,0.0,0.2,1,0.0,0.2
304,2026-04-21T13:27:10.054Z,S20260421_142650,SC01,AUTO,,19.6098,0.0648,start,0,1500,VIDE,0.0,0.0,0.0,0.0,0.0,0.0,0,0,0.0,0.0,0.0,0.0,0.0,0.0,2.0,1.0,0.05,0.8,0.0,0.0,1,0.0,0.2,1,0.0,0.2
305,2026-04-21T13:27:10.117Z,S20260421_142650,SC01,AUTO,,19.6719,0.0621,start,0,1500,VIDE,0.0,0.0,0.0,0.0,0.0,0.0,0,0,0.0,0.0,0.0,0.0,0.0,0.0,2.0,1.0,0.05,0.8,0.0,0.0,1,0.0,0.2,1,0.0,0.2
306,2026-04-21T13:27:10.179Z,S20260421_142650,SC01,AUTO,,19.7344,0.0625,start,0,1500,VIDE,0.0,0.0,0.0,0.0,0.0,0.0,0,0,0.0,0.0,0.0,0.0,0.0,0.0,2.0,1.0,0.05,0.8,0.0,0.0,1,0.0,0.2,1,0.0,0.2
307,2026-04-21T13:27:10.242Z,S20260421_142650,SC01,AUTO,,19.797,0.0626,start,0,1500,VIDE,0.0,0.0,0.0,0.0,0.0,0.0,0,0,0.0,0.0,0.0,0.0,0.0,0.0,2.0,1.0,0.05,0.8,0.0,0.0,1,0.0,0.2,1,0.0,0.2
308,2026-04-21T13:27:10.303Z,S20260421_142650,SC01,AUTO,,19.8582,0.0612,start,0,1500,VIDE,0.0,0.0,0.0,0.0,0.0,0.0,0,0,0.0,0.0,0.0,0.0,0.0,0.0,2.0,1.0,0.05,0.8,0.0,0.0,1,0.0,0.2,1,0.0,0.2
309,2026-04-21T13:27:10.365Z,S20260421_142650,SC01,AUTO,,19.9203,0.0622,start,0,1500,VIDE,0.0,0.0,0.0,0.0,0.0,0.0,0,0,0.0,0.0,0.0,0.0,0.0,0.0,2.0,1.0,0.05,0.8,0.0,0.0,1,0.0,0.2,1,0.0,0.2
310,2026-04-21T13:27:10.427Z,S20260421_142650,SC01,AUTO,,19.9826,0.0621,start,0,1500,VIDE,0.0,0.0,0.0,0.0,0.0,0.0,0,0,0.0,0.0,0.0,0.0,0.0,0.0,2.0,1.0,0.05,0.8,0.0,0.0,1,0.0,0.2,1,0.0,0.2
311,2026-04-21T13:27:10.491Z,S20260421_142650,SC01,AUTO,,20.0463,0.0638,start,0,1500,VIDE,0.0,0.0,0.0,0.0,0.0,0.0,0,0,0.0,0.0,0.0,0.0,0.0,0.0,2.0,1.0,0.05,0.8,0.0,0.0,1,0.0,0.2,1,0.0,0.2
312,2026-04-21T13:27:10.555Z,S20260421_142650,SC01,AUTO,,20.1104,0.0641,start,0,1500,VIDE,0.0,0.0,0.0,0.0,0.0,0.0,0,0,0.0,0.0,0.0,0.0,0.0,0.0,2.0,1.0,0.05,0.8,0.0,0.0,1,0.0,0.2,1,0.0,0.2
313,2026-04-21T13:27:10.617Z,S20260421_142650,SC01,AUTO,,20.1719,0.0616,start,0,1500,VIDE,0.0,0.0,0.0,0.0,0.0,0.0,0,0,0.0,0.0,0.0,0.0,0.0,0.0,2.0,1.0,0.05,0.8,0.0,0.0,1,0.0,0.2,1,0.0,0.2
314,2026-04-21T13:27:10.679Z,S20260421_142650,SC01,AUTO,,20.2344,0.0625,start,0,1500,VIDE,0.0,0.0,0.0,0.0,0.0,0.0,0,0,0.0,0.0,0.0,0.0,0.0,0.0,2.0,1.0,0.05,0.8,0.0,0.0,1,0.0,0.2,1,0.0,0.2
315,2026-04-21T13:27:10.741Z,S20260421_142650,SC01,AUTO,,20.296,0.0615,start,0,1500,VIDE,0.0,0.0,0.0,0.0,0.0,0.0,0,0,0.0,0.0,0.0,0.0,0.0,0.0,2.0,1.0,0.05,0.8,0.0,0.0,1,0.0,0.2,1,0.0,0.2
316,2026-04-21T13:27:10.803Z,S20260421_142650,SC01,AUTO,,20.3586,0.0627,start,0,1500,VIDE,0.0,0.0,0.0,0.0,0.0,0.0,0,0,0.0,0.0,0.0,0.0,0.0,0.0,2.0,1.0,0.05,0.8,0.0,0.0,1,0.0,0.2,1,0.0,0.2
317,2026-04-21T13:27:10.865Z,S20260421_142650,SC01,AUTO,,20.4204,0.0618,start,0,1500,VIDE,0.0,0.0,0.0,0.0,0.0,0.0,0,0,0.0,0.0,0.0,0.0,0.0,0.0,2.0,1.0,0.05,0.8,0.0,0.0,1,0.0,0.2,1,0.0,0.2
318,2026-04-21T13:27:10.926Z,S20260421_142650,SC01,AUTO,,20.481,0.0606,start,0,1500,VIDE,0.0,0.0,0.0,0.0,0.0,0.0,0,0,0.0,0.0,0.0,0.0,0.0,0.0,2.0,1.0,0.05,0.8,0.0,0.0,1,0.0,0.2,1,0.0,0.2
319,2026-04-21T13:27:10.989Z,S20260421_142650,SC01,AUTO,,20.5446,0.0636,start,0,1500,VIDE,0.0,0.0,0.0,0.0,0.0,0.0,0,0,0.0,0.0,0.0,0.0,0.0,0.0,2.0,1.0,0.05,0.8,0.0,0.0,1,0.0,0.2,1,0.0,0.2
320,2026-04-21T13:27:11.066Z,S20260421_142650,SC01,AUTO,,20.6208,0.0762,start,0,1500,VIDE,0.0,0.0,0.0,0.0,0.0,0.0,0,0,0.0,0.0,0.0,0.0,0.0,0.0,2.0,1.0,0.05,0.8,0.0,0.0,1,0.0,0.2,1,0.0,0.2
321,2026-04-21T13:27:11.129Z,S20260421_142650,SC01,AUTO,,20.6843,0.0634,start,0,1500,VIDE,0.0,0.0,0.0,0.0,0.0,0.0,0,0,0.0,0.0,0.0,0.0,0.0,0.0,2.0,1.0,0.05,0.8,0.0,0.0,1,0.0,0.2,1,0.0,0.2
322,2026-04-21T13:27:11.192Z,S20260421_142650,SC01,AUTO,,20.7471,0.0628,start,0,1500,VIDE,0.0,0.0,0.0,0.0,0.0,0.0,0,0,0.0,0.0,0.0,0.0,0.0,0.0,2.0,1.0,0.05,0.8,0.0,0.0,1,0.0,0.2,1,0.0,0.2
323,2026-04-21T13:27:11.254Z,S20260421_142650,SC01,AUTO,,20.8091,0.0621,start,0,1500,VIDE,0.0,0.0,0.0,0.0,0.0,0.0,0,0,0.0,0.0,0.0,0.0,0.0,0.0,2.0,1.0,0.05,0.8,0.0,0.0,1,0.0,0.2,1,0.0,0.2
324,2026-04-21T13:27:11.330Z,S20260421_142650,SC01,AUTO,,20.8857,0.0765,start,0,1500,VIDE,0.0,0.0,0.0,0.0,0.0,0.0,0,0,0.0,0.0,0.0,0.0,0.0,0.0,2.0,1.0,0.05,0.8,0.0,0.0,1,0.0,0.2,1,0.0,0.2
325,2026-04-21T13:27:11.389Z,S20260421_142650,SC01,AUTO,,20.9448,0.0592,start,0,1500,VIDE,0.0,0.0,0.0,0.0,0.0,0.0,0,0,0.0,0.0,0.0,0.0,0.0,0.0,2.0,1.0,0.05,0.8,0.0,0.0,1,0.0,0.2,1,0.0,0.2
326,2026-04-21T13:27:11.450Z,S20260421_142650,SC01,AUTO,,21.0054,0.0606,start,0,1500,VIDE,0.0,0.0,0.0,0.0,0.0,0.0,0,0,0.0,0.0,0.0,0.0,0.0,0.0,2.0,1.0,0.05,0.8,0.0,0.0,1,0.0,0.2,1,0.0,0.2
327,2026-04-21T13:27:11.505Z,S20260421_142650,SC01,AUTO,,21.0603,0.0549,start,0,1500,VIDE,0.0,0.0,0.0,0.0,0.0,0.0,0,0,0.0,0.0,0.0,0.0,0.0,0.0,2.0,1.0,0.05,0.8,0.0,0.0,1,0.0,0.2,1,0.0,0.2
328,2026-04-21T13:27:11.566Z,S20260421_142650,SC01,AUTO,,21.1218,0.0616,start,0,1500,VIDE,0.0,0.0,0.0,0.0,0.0,0.0,0,0,0.0,0.0,0.0,0.0,0.0,0.0,2.0,1.0,0.05,0.8,0.0,0.0,1,0.0,0.2,1,0.0,0.2
329,2026-04-21T13:27:11.630Z,S20260421_142650,SC01,AUTO,,21.1852,0.0634,start,0,1500,VIDE,0.0,0.0,0.0,0.0,0.0,0.0,0,0,0.0,0.0,0.0,0.0,0.0,0.0,2.0,1.0,0.05,0.8,0.0,0.0,1,0.0,0.2,1,0.0,0.2
330,2026-04-21T13:27:11.706Z,S20260421_142650,SC01,AUTO,,21.2616,0.0764,start,0,1500,VIDE,0.0,0.0,0.0,0.0,0.0,0.0,0,0,0.0,0.0,0.0,0.0,0.0,0.0,2.0,1.0,0.05,0.8,0.0,0.0,1,0.0,0.2,1,0.0,0.2
331,2026-04-21T13:27:11.754Z,S20260421_142650,SC01,AUTO,,21.3093,0.0477,start,0,1500,VIDE,0.0,0.0,0.0,0.0,0.0,0.0,0,0,0.0,0.0,0.0,0.0,0.0,0.0,2.0,1.0,0.05,0.8,0.0,0.0,1,0.0,0.2,1,0.0,0.2
332,2026-04-21T13:27:11.817Z,S20260421_142650,SC01,AUTO,,21.372,0.0627,start,0,1500,VIDE,0.0,0.0,0.0,0.0,0.0,0.0,0,0,0.0,0.0,0.0,0.0,0.0,0.0,2.0,1.0,0.05,0.8,0.0,0.0,1,0.0,0.2,1,0.0,0.2
333,2026-04-21T13:27:11.879Z,S20260421_142650,SC01,AUTO,,21.4345,0.0625,start,0,1500,VIDE,0.0,0.0,0.0,0.0,0.0,0.0,0,0,0.0,0.0,0.0,0.0,0.0,0.0,2.0,1.0,0.05,0.8,0.0,0.0,1,0.0,0.2,1,0.0,0.2
334,2026-04-21T13:27:11.942Z,S20260421_142650,SC01,AUTO,,21.4978,0.0634,start,0,1500,VIDE,0.0,0.0,0.0,0.0,0.0,0.0,0,0,0.0,0.0,0.0,0.0,0.0,0.0,2.0,1.0,0.05,0.8,0.0,0.0,1,0.0,0.2,1,0.0,0.2
335,2026-04-21T13:27:12.005Z,S20260421_142650,SC01,AUTO,,21.56,0.0622,start,0,1500,VIDE,0.0,0.0,0.0,0.0,0.0,0.0,0,0,0.0,0.0,0.0,0.0,0.0,0.0,2.0,1.0,0.05,0.8,0.0,0.0,1,0.0,0.2,1,0.0,0.2
336,2026-04-21T13:27:12.067Z,S20260421_142650,SC01,AUTO,,21.6223,0.0623,start,0,1500,VIDE,0.0,0.0,0.0,0.0,0.0,0.0,0,0,0.0,0.0,0.0,0.0,0.0,0.0,2.0,1.0,0.05,0.8,0.0,0.0,1,0.0,0.2,1,0.0,0.2
337,2026-04-21T13:27:12.130Z,S20260421_142650,SC01,AUTO,,21.6852,0.0629,start,0,1500,VIDE,0.0,0.0,0.0,0.0,0.0,0.0,0,0,0.0,0.0,0.0,0.0,0.0,0.0,2.0,1.0,0.05,0.8,0.0,0.0,1,0.0,0.2,1,0.0,0.2
338,2026-04-21T13:27:12.205Z,S20260421_142650,SC01,AUTO,,21.76,0.0747,start,0,1500,VIDE,0.0,0.0,0.0,0.0,0.0,0.0,0,0,0.0,0.0,0.0,0.0,0.0,0.0,2.0,1.0,0.05,0.8,0.0,0.0,1,0.0,0.2,1,0.0,0.2
339,2026-04-21T13:27:12.266Z,S20260421_142650,SC01,AUTO,,21.8211,0.0612,start,0,1500,VIDE,0.0,0.0,0.0,0.0,0.0,0.0,0,0,0.0,0.0,0.0,0.0,0.0,0.0,2.0,1.0,0.05,0.8,0.0,0.0,1,0.0,0.2,1,0.0,0.2
340,2026-04-21T13:27:12.328Z,S20260421_142650,SC01,AUTO,,21.8834,0.0622,start,0,1500,VIDE,0.0,0.0,0.0,0.0,0.0,0.0,0,0,0.0,0.0,0.0,0.0,0.0,0.0,2.0,1.0,0.05,0.8,0.0,0.0,1,0.0,0.2,1,0.0,0.2
341,2026-04-21T13:27:12.390Z,S20260421_142650,SC01,AUTO,,21.9455,0.0621,start,0,1500,VIDE,0.0,0.0,0.0,0.0,0.0,0.0,0,0,0.0,0.0,0.0,0.0,0.0,0.0,2.0,1.0,0.05,0.8,0.0,0.0,1,0.0,0.2,1,0.0,0.2
342,2026-04-21T13:27:12.450Z,S20260421_142650,SC01,AUTO,,22.0056,0.0601,start,0,1500,VIDE,0.0,0.0,0.0,0.0,0.0,0.0,0,0,0.0,0.0,0.0,0.0,0.0,0.0,2.0,1.0,0.05,0.8,0.0,0.0,1,0.0,0.2,1,0.0,0.2
343,2026-04-21T13:27:12.510Z,S20260421_142650,SC01,AUTO,,22.0656,0.0601,start,0,1500,VIDE,0.0,0.0,0.0,0.0,0.0,0.0,0,0,0.0,0.0,0.0,0.0,0.0,0.0,2.0,1.0,0.05,0.8,0.0,0.0,1,0.0,0.2,1,0.0,0.2
344,2026-04-21T13:27:12.569Z,S20260421_142650,SC01,AUTO,,22.1246,0.059,start,0,1500,VIDE,0.0,0.0,0.0,0.0,0.0,0.0,0,0,0.0,0.0,0.0,0.0,0.0,0.0,2.0,1.0,0.05,0.8,0.0,0.0,1,0.0,0.2,1,0.0,0.2
345,2026-04-21T13:27:12.629Z,S20260421_142650,SC01,AUTO,,22.1848,0.0602,start,0,1500,VIDE,0.0,0.0,0.0,0.0,0.0,0.0,0,0,0.0,0.0,0.0,0.0,0.0,0.0,2.0,1.0,0.05,0.8,0.0,0.0,1,0.0,0.2,1,0.0,0.2
346,2026-04-21T13:27:12.704Z,S20260421_142650,SC01,AUTO,,22.2593,0.0744,start,0,1500,VIDE,0.0,0.0,0.0,0.0,0.0,0.0,0,0,0.0,0.0,0.0,0.0,0.0,0.0,2.0,1.0,0.05,0.8,0.0,0.0,1,0.0,0.2,1,0.0,0.2
347,2026-04-21T13:27:12.765Z,S20260421_142650,SC01,AUTO,,22.3204,0.0611,start,0,1500,VIDE,0.0,0.0,0.0,0.0,0.0,0.0,0,0,0.0,0.0,0.0,0.0,0.0,0.0,2.0,1.0,0.05,0.8,0.0,0.0,1,0.0,0.2,1,0.0,0.2
348,2026-04-21T13:27:12.827Z,S20260421_142650,SC01,AUTO,,22.3825,0.0621,start,0,1500,VIDE,0.0,0.0,0.0,0.0,0.0,0.0,0,0,0.0,0.0,0.0,0.0,0.0,0.0,2.0,1.0,0.05,0.8,0.0,0.0,1,0.0,0.2,1,0.0,0.2
349,2026-04-21T13:27:12.890Z,S20260421_142650,SC01,AUTO,,22.4451,0.0625,start,0,1500,VIDE,0.0,0.0,0.0,0.0,0.0,0.0,0,0,0.0,0.0,0.0,0.0,0.0,0.0,2.0,1.0,0.05,0.8,0.0,0.0,1,0.0,0.2,1,0.0,0.2
350,2026-04-21T13:27:12.950Z,S20260421_142650,SC01,AUTO,,22.5058,0.0608,start,0,1500,VIDE,0.0,0.0,0.0,0.0,0.0,0.0,0,0,0.0,0.0,0.0,0.0,0.0,0.0,2.0,1.0,0.05,0.8,0.0,0.0,1,0.0,0.2,1,0.0,0.2
351,2026-04-21T13:27:13.010Z,S20260421_142650,SC01,AUTO,,22.5651,0.0593,start,0,1500,VIDE,0.0,0.0,0.0,0.0,0.0,0.0,0,0,0.0,0.0,0.0,0.0,0.0,0.0,2.0,1.0,0.05,0.8,0.0,0.0,1,0.0,0.2,1,0.0,0.2
352,2026-04-21T13:27:13.070Z,S20260421_142650,SC01,AUTO,,22.6255,0.0604,start,0,1500,VIDE,0.0,0.0,0.0,0.0,0.0,0.0,0,0,0.0,0.0,0.0,0.0,0.0,0.0,2.0,1.0,0.05,0.8,0.0,0.0,1,0.0,0.2,1,0.0,0.2
353,2026-04-21T13:27:13.130Z,S20260421_142650,SC01,AUTO,,22.6854,0.0599,start,0,1500,VIDE,0.0,0.0,0.0,0.0,0.0,0.0,0,0,0.0,0.0,0.0,0.0,0.0,0.0,2.0,1.0,0.05,0.8,0.0,0.0,1,0.0,0.2,1,0.0,0.2
354,2026-04-21T13:27:13.195Z,S20260421_142650,SC01,AUTO,,22.7505,0.065,start,0,1500,VIDE,0.0,0.0,0.0,0.0,0.0,0.0,0,0,0.0,0.0,0.0,0.0,0.0,0.0,2.0,1.0,0.05,0.8,0.0,0.0,1,0.0,0.2,1,0.0,0.2
355,2026-04-21T13:27:13.260Z,S20260421_142650,SC01,AUTO,,22.8153,0.0648,start,0,1500,VIDE,0.0,0.0,0.0,0.0,0.0,0.0,0,0,0.0,0.0,0.0,0.0,0.0,0.0,2.0,1.0,0.05,0.8,0.0,0.0,1,0.0,0.2,1,0.0,0.2
356,2026-04-21T13:27:13.324Z,S20260421_142650,SC01,AUTO,,22.8792,0.0639,start,0,1500,VIDE,0.0,0.0,0.0,0.0,0.0,0.0,0,0,0.0,0.0,0.0,0.0,0.0,0.0,2.0,1.0,0.05,0.8,0.0,0.0,1,0.0,0.2,1,0.0,0.2
357,2026-04-21T13:27:13.379Z,S20260421_142650,SC01,AUTO,,22.9348,0.0556,start,0,1500,VIDE,0.0,0.0,0.0,0.0,0.0,0.0,0,0,0.0,0.0,0.0,0.0,0.0,0.0,2.0,1.0,0.05,0.8,0.0,0.0,1,0.0,0.2,1,0.0,0.2
358,2026-04-21T13:27:13.443Z,S20260421_142650,SC01,AUTO,,22.9984,0.0636,start,0,1500,VIDE,0.0,0.0,0.0,0.0,0.0,0.0,0,0,0.0,0.0,0.0,0.0,0.0,0.0,2.0,1.0,0.05,0.8,0.0,0.0,1,0.0,0.2,1,0.0,0.2
359,2026-04-21T13:27:13.506Z,S20260421_142650,SC01,AUTO,,23.0615,0.0631,start,0,1500,VIDE,0.0,0.0,0.0,0.0,0.0,0.0,0,0,0.0,0.0,0.0,0.0,0.0,0.0,2.0,1.0,0.05,0.8,0.0,0.0,1,0.0,0.2,1,0.0,0.2
360,2026-04-21T13:27:13.570Z,S20260421_142650,SC01,AUTO,,23.1256,0.0641,start,0,1500,VIDE,0.0,0.0,0.0,0.0,0.0,0.0,0,0,0.0,0.0,0.0,0.0,0.0,0.0,2.0,1.0,0.05,0.8,0.0,0.0,1,0.0,0.2,1,0.0,0.2
361,2026-04-21T13:27:13.631Z,S20260421_142650,SC01,AUTO,,23.1859,0.0602,start,0,1500,VIDE,0.0,0.0,0.0,0.0,0.0,0.0,0,0,0.0,0.0,0.0,0.0,0.0,0.0,2.0,1.0,0.05,0.8,0.0,0.0,1,0.0,0.2,1,0.0,0.2
362,2026-04-21T13:27:13.691Z,S20260421_142650,SC01,AUTO,,23.2468,0.0609,start,0,1500,VIDE,0.0,0.0,0.0,0.0,0.0,0.0,0,0,0.0,0.0,0.0,0.0,0.0,0.0,2.0,1.0,0.05,0.8,0.0,0.0,1,0.0,0.2,1,0.0,0.2
363,2026-04-21T13:27:13.762Z,S20260421_142650,SC01,AUTO,,23.3177,0.0709,start,0,1500,VIDE,0.0,0.0,0.0,0.0,0.0,0.0,0,0,0.0,0.0,0.0,0.0,0.0,0.0,2.0,1.0,0.05,0.8,0.0,0.0,1,0.0,0.2,1,0.0,0.2
364,2026-04-21T13:27:13.820Z,S20260421_142650,SC01,AUTO,,23.3749,0.0572,start,0,1500,VIDE,0.0,0.0,0.0,0.0,0.0,0.0,0,0,0.0,0.0,0.0,0.0,0.0,0.0,2.0,1.0,0.05,0.8,0.0,0.0,1,0.0,0.2,1,0.0,0.2
365,2026-04-21T13:27:13.886Z,S20260421_142650,SC01,AUTO,,23.4414,0.0665,start,0,1500,VIDE,0.0,0.0,0.0,0.0,0.0,0.0,0,0,0.0,0.0,0.0,0.0,0.0,0.0,2.0,1.0,0.05,0.8,0.0,0.0,1,0.0,0.2,1,0.0,0.2
366,2026-04-21T13:27:13.948Z,S20260421_142650,SC01,AUTO,,23.503,0.0616,start,0,1500,VIDE,0.0,0.0,0.0,0.0,0.0,0.0,0,0,0.0,0.0,0.0,0.0,0.0,0.0,2.0,1.0,0.05,0.8,0.0,0.0,1,0.0,0.2,1,0.0,0.2
367,2026-04-21T13:27:14.010Z,S20260421_142650,SC01,AUTO,,23.5655,0.0625,start,0,1500,VIDE,0.0,0.0,0.0,0.0,0.0,0.0,0,0,0.0,0.0,0.0,0.0,0.0,0.0,2.0,1.0,0.05,0.8,0.0,0.0,1,0.0,0.2,1,0.0,0.2
368,2026-04-21T13:27:14.067Z,S20260421_142650,SC01,AUTO,,23.6225,0.057,start,0,1500,VIDE,0.0,0.0,0.0,0.0,0.0,0.0,0,0,0.0,0.0,0.0,0.0,0.0,0.0,2.0,1.0,0.05,0.8,0.0,0.0,1,0.0,0.2,1,0.0,0.2
369,2026-04-21T13:27:14.130Z,S20260421_142650,SC01,AUTO,,23.6852,0.0628,start,0,1500,VIDE,0.0,0.0,0.0,0.0,0.0,0.0,0,0,0.0,0.0,0.0,0.0,0.0,0.0,2.0,1.0,0.05,0.8,0.0,0.0,1,0.0,0.2,1,0.0,0.2
370,2026-04-21T13:27:14.196Z,S20260421_142650,SC01,AUTO,,23.7508,0.0656,start,0,1500,VIDE,0.0,0.0,0.0,0.0,0.0,0.0,0,0,0.0,0.0,0.0,0.0,0.0,0.0,2.0,1.0,0.05,0.8,0.0,0.0,1,0.0,0.2,1,0.0,0.2
371,2026-04-21T13:27:14.258Z,S20260421_142650,SC01,AUTO,,23.8131,0.0623,start,0,1500,VIDE,0.0,0.0,0.0,0.0,0.0,0.0,0,0,0.0,0.0,0.0,0.0,0.0,0.0,2.0,1.0,0.05,0.8,0.0,0.0,1,0.0,0.2,1,0.0,0.2
372,2026-04-21T13:27:14.320Z,S20260421_142650,SC01,AUTO,,23.8756,0.0624,start,0,1500,VIDE,0.0,0.0,0.0,0.0,0.0,0.0,0,0,0.0,0.0,0.0,0.0,0.0,0.0,2.0,1.0,0.05,0.8,0.0,0.0,1,0.0,0.2,1,0.0,0.2
373,2026-04-21T13:27:14.379Z,S20260421_142650,SC01,AUTO,,23.9346,0.059,start,0,1500,VIDE,0.0,0.0,0.0,0.0,0.0,0.0,0,0,0.0,0.0,0.0,0.0,0.0,0.0,2.0,1.0,0.05,0.8,0.0,0.0,1,0.0,0.2,1,0.0,0.2
374,2026-04-21T13:27:14.443Z,S20260421_142650,SC01,AUTO,,23.9987,0.0641,start,0,1500,VIDE,0.0,0.0,0.0,0.0,0.0,0.0,0,0,0.0,0.0,0.0,0.0,0.0,0.0,2.0,1.0,0.05,0.8,0.0,0.0,1,0.0,0.2,1,0.0,0.2
375,2026-04-21T13:27:14.508Z,S20260421_142650,SC01,AUTO,,24.0636,0.0649,start,0,1500,VIDE,0.0,0.0,0.0,0.0,0.0,0.0,0,0,0.0,0.0,0.0,0.0,0.0,0.0,2.0,1.0,0.05,0.8,0.0,0.0,1,0.0,0.2,1,0.0,0.2
376,2026-04-21T13:27:14.614Z,S20260421_142650,SC01,AUTO,,24.1692,0.1056,start,0,1500,VIDE,0.0,0.0,0.0,0.0,0.0,0.0,0,0,0.0,0.0,0.0,0.0,0.0,0.0,2.0,1.0,0.05,0.8,0.0,0.0,1,0.0,0.2,1,0.0,0.2
377,2026-04-21T13:27:14.630Z,S20260421_142650,SC01,AUTO,,24.1854,0.0162,start,0,1500,VIDE,0.0,0.0,0.0,0.0,0.0,0.0,0,0,0.0,0.0,0.0,0.0,0.0,0.0,2.0,1.0,0.05,0.8,0.0,0.0,1,0.0,0.2,1,0.0,0.2
378,2026-04-21T13:27:14.696Z,S20260421_142650,SC01,AUTO,,24.2513,0.066,start,0,1500,VIDE,0.0,0.0,0.0,0.0,0.0,0.0,0,0,0.0,0.0,0.0,0.0,0.0,0.0,2.0,1.0,0.05,0.8,0.0,0.0,1,0.0,0.2,1,0.0,0.2
379,2026-04-21T13:27:14.758Z,S20260421_142650,SC01,AUTO,,24.3136,0.0623,start,0,1500,VIDE,0.0,0.0,0.0,0.0,0.0,0.0,0,0,0.0,0.0,0.0,0.0,0.0,0.0,2.0,1.0,0.05,0.8,0.0,0.0,1,0.0,0.2,1,0.0,0.2
380,2026-04-21T13:27:14.819Z,S20260421_142650,SC01,AUTO,,24.3743,0.0607,start,0,1500,VIDE,0.0,0.0,0.0,0.0,0.0,0.0,0,0,0.0,0.0,0.0,0.0,0.0,0.0,2.0,1.0,0.05,0.8,0.0,0.0,1,0.0,0.2,1,0.0,0.2
381,2026-04-21T13:27:14.883Z,S20260421_142650,SC01,AUTO,,24.438,0.0637,start,0,1500,VIDE,0.0,0.0,0.0,0.0,0.0,0.0,0,0,0.0,0.0,0.0,0.0,0.0,0.0,2.0,1.0,0.05,0.8,0.0,0.0,1,0.0,0.2,1,0.0,0.2
382,2026-04-21T13:27:14.944Z,S20260421_142650,SC01,AUTO,,24.4997,0.0617,start,0,1500,VIDE,0.0,0.0,0.0,0.0,0.0,0.0,0,0,0.0,0.0,0.0,0.0,0.0,0.0,2.0,1.0,0.05,0.8,0.0,0.0,1,0.0,0.2,1,0.0,0.2
383,2026-04-21T13:27:15.007Z,S20260421_142650,SC01,AUTO,,24.5625,0.0628,start,0,1500,VIDE,0.0,0.0,0.0,0.0,0.0,0.0,0,0,0.0,0.0,0.0,0.0,0.0,0.0,2.0,1.0,0.05,0.8,0.0,0.0,1,0.0,0.2,1,0.0,0.2
384,2026-04-21T13:27:15.069Z,S20260421_142650,SC01,AUTO,,24.6246,0.0621,start,0,1500,VIDE,0.0,0.0,0.0,0.0,0.0,0.0,0,0,0.0,0.0,0.0,0.0,0.0,0.0,2.0,1.0,0.05,0.8,0.0,0.0,1,0.0,0.2,1,0.0,0.2
385,2026-04-21T13:27:15.131Z,S20260421_142650,SC01,AUTO,,24.686,0.0614,start,0,1500,VIDE,0.0,0.0,0.0,0.0,0.0,0.0,0,0,0.0,0.0,0.0,0.0,0.0,0.0,2.0,1.0,0.05,0.8,0.0,0.0,1,0.0,0.2,1,0.0,0.2
386,2026-04-21T13:27:15.192Z,S20260421_142650,SC01,AUTO,,24.7475,0.0614,start,0,1500,VIDE,0.0,0.0,0.0,0.0,0.0,0.0,0,0,0.0,0.0,0.0,0.0,0.0,0.0,2.0,1.0,0.05,0.8,0.0,0.0,1,0.0,0.2,1,0.0,0.2
387,2026-04-21T13:27:15.255Z,S20260421_142650,SC01,AUTO,,24.8099,0.0624,start,0,1500,VIDE,0.0,0.0,0.0,0.0,0.0,0.0,0,0,0.0,0.0,0.0,0.0,0.0,0.0,2.0,1.0,0.05,0.8,0.0,0.0,1,0.0,0.2,1,0.0,0.2
388,2026-04-21T13:27:15.316Z,S20260421_142650,SC01,AUTO,,24.8718,0.0619,start,0,1500,VIDE,0.0,0.0,0.0,0.0,0.0,0.0,0,0,0.0,0.0,0.0,0.0,0.0,0.0,2.0,1.0,0.05,0.8,0.0,0.0,1,0.0,0.2,1,0.0,0.2
389,2026-04-21T13:27:15.379Z,S20260421_142650,SC01,AUTO,,24.9348,0.063,start,0,1500,VIDE,0.0,0.0,0.0,0.0,0.0,0.0,0,0,0.0,0.0,0.0,0.0,0.0,0.0,2.0,1.0,0.05,0.8,0.0,0.0,1,0.0,0.2,1,0.0,0.2
390,2026-04-21T13:27:15.442Z,S20260421_142650,SC01,AUTO,,24.9974,0.0626,start,0,1500,VIDE,0.0,0.0,0.0,0.0,0.0,0.0,0,0,0.0,0.0,0.0,0.0,0.0,0.0,2.0,1.0,0.05,0.8,0.0,0.0,1,0.0,0.2,1,0.0,0.2
391,2026-04-21T13:27:15.504Z,S20260421_142650,SC01,AUTO,,25.0596,0.0622,start,0,1500,VIDE,0.0,0.0,0.0,0.0,0.0,0.0,0,0,0.0,0.0,0.0,0.0,0.0,0.0,2.0,1.0,0.05,0.8,0.0,0.0,1,0.0,0.2,1,0.0,0.2
392,2026-04-21T13:27:15.566Z,S20260421_142650,SC01,AUTO,,25.1215,0.062,start,0,1500,VIDE,0.0,0.0,0.0,0.0,0.0,0.0,0,0,0.0,0.0,0.0,0.0,0.0,0.0,2.0,1.0,0.05,0.8,0.0,0.0,1,0.0,0.2,1,0.0,0.2
393,2026-04-21T13:27:15.644Z,S20260421_142650,SC01,AUTO,,25.1994,0.0779,start,0,1500,VIDE,0.0,0.0,0.0,0.0,0.0,0.0,0,0,0.0,0.0,0.0,0.0,0.0,0.0,2.0,1.0,0.05,0.8,0.0,0.0,1,0.0,0.2,1,0.0,0.2
394,2026-04-21T13:27:15.706Z,S20260421_142650,SC01,AUTO,,25.2611,0.0616,start,0,1500,VIDE,0.0,0.0,0.0,0.0,0.0,0.0,0,0,0.0,0.0,0.0,0.0,0.0,0.0,2.0,1.0,0.05,0.8,0.0,0.0,1,0.0,0.2,1,0.0,0.2
395,2026-04-21T13:27:15.769Z,S20260421_142650,SC01,AUTO,,25.3243,0.0633,start,0,1500,VIDE,0.0,0.0,0.0,0.0,0.0,0.0,0,0,0.0,0.0,0.0,0.0,0.0,0.0,2.0,1.0,0.05,0.8,0.0,0.0,1,0.0,0.2,1,0.0,0.2
396,2026-04-21T13:27:15.832Z,S20260421_142650,SC01,AUTO,,25.3873,0.0629,start,0,1500,VIDE,0.0,0.0,0.0,0.0,0.0,0.0,0,0,0.0,0.0,0.0,0.0,0.0,0.0,2.0,1.0,0.05,0.8,0.0,0.0,1,0.0,0.2,1,0.0,0.2
397,2026-04-21T13:27:15.895Z,S20260421_142650,SC01,AUTO,,25.4505,0.0632,start,0,1500,VIDE,0.0,0.0,0.0,0.0,0.0,0.0,0,0,0.0,0.0,0.0,0.0,0.0,0.0,2.0,1.0,0.05,0.8,0.0,0.0,1,0.0,0.2,1,0.0,0.2
398,2026-04-21T13:27:15.957Z,S20260421_142650,SC01,AUTO,,25.5124,0.0619,start,0,1500,VIDE,0.0,0.0,0.0,0.0,0.0,0.0,0,0,0.0,0.0,0.0,0.0,0.0,0.0,2.0,1.0,0.05,0.8,0.0,0.0,1,0.0,0.2,1,0.0,0.2
399,2026-04-21T13:27:16.035Z,S20260421_142650,SC01,AUTO,,25.59,0.0776,start,0,1500,VIDE,0.0,0.0,0.0,0.0,0.0,0.0,0,0,0.0,0.0,0.0,0.0,0.0,0.0,2.0,1.0,0.05,0.8,0.0,0.0,1,0.0,0.2,1,0.0,0.2
400,2026-04-21T13:27:16.097Z,S20260421_142650,SC01,AUTO,,25.6521,0.0621,start,0,1500,VIDE,0.0,0.0,0.0,0.0,0.0,0.0,0,0,0.0,0.0,0.0,0.0,0.0,0.0,2.0,1.0,0.05,0.8,0.0,0.0,1,0.0,0.2,1,0.0,0.2
401,2026-04-21T13:27:16.158Z,S20260421_142650,SC01,AUTO,,25.7135,0.0615,start,0,1500,VIDE,0.0,0.0,0.0,0.0,0.0,0.0,0,0,0.0,0.0,0.0,0.0,0.0,0.0,2.0,1.0,0.05,0.8,0.0,0.0,1,0.0,0.2,1,0.0,0.2
402,2026-04-21T13:27:16.220Z,S20260421_142650,SC01,AUTO,,25.7755,0.0619,start,0,1500,VIDE,0.0,0.0,0.0,0.0,0.0,0.0,0,0,0.0,0.0,0.0,0.0,0.0,0.0,2.0,1.0,0.05,0.8,0.0,0.0,1,0.0,0.2,1,0.0,0.2
403,2026-04-21T13:27:16.283Z,S20260421_142650,SC01,AUTO,,25.8387,0.0633,start,0,1500,VIDE,0.0,0.0,0.0,0.0,0.0,0.0,0,0,0.0,0.0,0.0,0.0,0.0,0.0,2.0,1.0,0.05,0.8,0.0,0.0,1,0.0,0.2,1,0.0,0.2
404,2026-04-21T13:27:16.346Z,S20260421_142650,SC01,AUTO,,25.9011,0.0623,start,0,1500,VIDE,0.0,0.0,0.0,0.0,0.0,0.0,0,0,0.0,0.0,0.0,0.0,0.0,0.0,2.0,1.0,0.05,0.8,0.0,0.0,1,0.0,0.2,1,0.0,0.2
405,2026-04-21T13:27:16.407Z,S20260421_142650,SC01,AUTO,,25.9628,0.0618,start,0,1500,VIDE,0.0,0.0,0.0,0.0,0.0,0.0,0,0,0.0,0.0,0.0,0.0,0.0,0.0,2.0,1.0,0.05,0.8,0.0,0.0,1,0.0,0.2,1,0.0,0.2
406,2026-04-21T13:27:16.470Z,S20260421_142650,SC01,AUTO,,26.025,0.0621,start,0,1500,VIDE,0.0,0.0,0.0,0.0,0.0,0.0,0,0,0.0,0.0,0.0,0.0,0.0,0.0,2.0,1.0,0.05,0.8,0.0,0.0,1,0.0,0.2,1,0.0,0.2
407,2026-04-21T13:27:16.531Z,S20260421_142650,SC01,AUTO,,26.0868,0.0618,start,0,1500,VIDE,0.0,0.0,0.0,0.0,0.0,0.0,0,0,0.0,0.0,0.0,0.0,0.0,0.0,2.0,1.0,0.05,0.8,0.0,0.0,1,0.0,0.2,1,0.0,0.2
408,2026-04-21T13:27:16.593Z,S20260421_142650,SC01,AUTO,,26.1485,0.0617,start,0,1500,VIDE,0.0,0.0,0.0,0.0,0.0,0.0,0,0,0.0,0.0,0.0,0.0,0.0,0.0,2.0,1.0,0.05,0.8,0.0,0.0,1,0.0,0.2,1,0.0,0.2
409,2026-04-21T13:27:16.655Z,S20260421_142650,SC01,AUTO,,26.2105,0.062,start,0,1500,VIDE,0.0,0.0,0.0,0.0,0.0,0.0,0,0,0.0,0.0,0.0,0.0,0.0,0.0,2.0,1.0,0.05,0.8,0.0,0.0,1,0.0,0.2,1,0.0,0.2
410,2026-04-21T13:27:16.710Z,S20260421_142650,SC01,AUTO,,26.2652,0.0547,start,0,1500,VIDE,0.0,0.0,0.0,0.0,0.0,0.0,0,0,0.0,0.0,0.0,0.0,0.0,0.0,2.0,1.0,0.05,0.8,0.0,0.0,1,0.0,0.2,1,0.0,0.2
411,2026-04-21T13:27:16.779Z,S20260421_142650,SC01,AUTO,,26.3347,0.0694,start,0,1500,VIDE,0.0,0.0,0.0,0.0,0.0,0.0,0,0,0.0,0.0,0.0,0.0,0.0,0.0,2.0,1.0,0.05,0.8,0.0,0.0,1,0.0,0.2,1,0.0,0.2
412,2026-04-21T13:27:16.840Z,S20260421_142650,SC01,AUTO,,26.3958,0.0611,start,0,1500,VIDE,0.0,0.0,0.0,0.0,0.0,0.0,0,0,0.0,0.0,0.0,0.0,0.0,0.0,2.0,1.0,0.05,0.8,0.0,0.0,1,0.0,0.2,1,0.0,0.2
413,2026-04-21T13:27:16.904Z,S20260421_142650,SC01,AUTO,,26.459,0.0632,start,0,1500,VIDE,0.0,0.0,0.0,0.0,0.0,0.0,0,0,0.0,0.0,0.0,0.0,0.0,0.0,2.0,1.0,0.05,0.8,0.0,0.0,1,0.0,0.2,1,0.0,0.2
414,2026-04-21T13:27:16.966Z,S20260421_142650,SC01,AUTO,,26.5216,0.0626,start,0,1500,VIDE,0.0,0.0,0.0,0.0,0.0,0.0,0,0,0.0,0.0,0.0,0.0,0.0,0.0,2.0,1.0,0.05,0.8,0.0,0.0,1,0.0,0.2,1,0.0,0.2
415,2026-04-21T13:27:17.028Z,S20260421_142650,SC01,AUTO,,26.5834,0.0618,start,0,1500,VIDE,0.0,0.0,0.0,0.0,0.0,0.0,0,0,0.0,0.0,0.0,0.0,0.0,0.0,2.0,1.0,0.05,0.8,0.0,0.0,1,0.0,0.2,1,0.0,0.2
416,2026-04-21T13:27:17.091Z,S20260421_142650,SC01,AUTO,,26.6461,0.0627,start,0,1500,VIDE,0.0,0.0,0.0,0.0,0.0,0.0,0,0,0.0,0.0,0.0,0.0,0.0,0.0,2.0,1.0,0.05,0.8,0.0,0.0,1,0.0,0.2,1,0.0,0.2
417,2026-04-21T13:27:17.152Z,S20260421_142650,SC01,AUTO,,26.7076,0.0615,start,0,1500,VIDE,0.0,0.0,0.0,0.0,0.0,0.0,0,0,0.0,0.0,0.0,0.0,0.0,0.0,2.0,1.0,0.05,0.8,0.0,0.0,1,0.0,0.2,1,0.0,0.2
418,2026-04-21T13:27:17.214Z,S20260421_142650,SC01,AUTO,,26.7697,0.062,start,0,1500,VIDE,0.0,0.0,0.0,0.0,0.0,0.0,0,0,0.0,0.0,0.0,0.0,0.0,0.0,2.0,1.0,0.05,0.8,0.0,0.0,1,0.0,0.2,1,0.0,0.2
419,2026-04-21T13:27:17.277Z,S20260421_142650,SC01,AUTO,,26.8321,0.0624,start,0,1500,VIDE,0.0,0.0,0.0,0.0,0.0,0.0,0,0,0.0,0.0,0.0,0.0,0.0,0.0,2.0,1.0,0.05,0.8,0.0,0.0,1,0.0,0.2,1,0.0,0.2
420,2026-04-21T13:27:17.340Z,S20260421_142650,SC01,AUTO,,26.895,0.0628,start,0,1500,VIDE,0.0,0.0,0.0,0.0,0.0,0.0,0,0,0.0,0.0,0.0,0.0,0.0,0.0,2.0,1.0,0.05,0.8,0.0,0.0,1,0.0,0.2,1,0.0,0.2
421,2026-04-21T13:27:17.403Z,S20260421_142650,SC01,AUTO,,26.958,0.0631,start,0,1500,VIDE,0.0,0.0,0.0,0.0,0.0,0.0,0,0,0.0,0.0,0.0,0.0,0.0,0.0,2.0,1.0,0.05,0.8,0.0,0.0,1,0.0,0.2,1,0.0,0.2
422,2026-04-21T13:27:17.460Z,S20260421_142650,SC01,AUTO,,27.015,0.057,start,0,1500,VIDE,0.0,0.0,0.0,0.0,0.0,0.0,0,0,0.0,0.0,0.0,0.0,0.0,0.0,2.0,1.0,0.05,0.8,0.0,0.0,1,0.0,0.2,1,0.0,0.2
423,2026-04-21T13:27:17.526Z,S20260421_142650,SC01,AUTO,,27.0814,0.0664,start,0,1500,VIDE,0.0,0.0,0.0,0.0,0.0,0.0,0,0,0.0,0.0,0.0,0.0,0.0,0.0,2.0,1.0,0.05,0.8,0.0,0.0,1,0.0,0.2,1,0.0,0.2
424,2026-04-21T13:27:17.583Z,S20260421_142650,SC01,AUTO,,27.1383,0.0569,start,0,1500,VIDE,0.0,0.0,0.0,0.0,0.0,0.0,0,0,0.0,0.0,0.0,0.0,0.0,0.0,2.0,1.0,0.05,0.8,0.0,0.0,1,0.0,0.2,1,0.0,0.2
425,2026-04-21T13:27:17.653Z,S20260421_142650,SC01,AUTO,,27.2085,0.0702,start,0,1500,VIDE,0.0,0.0,0.0,0.0,0.0,0.0,0,0,0.0,0.0,0.0,0.0,0.0,0.0,2.0,1.0,0.05,0.8,0.0,0.0,1,0.0,0.2,1,0.0,0.2
426,2026-04-21T13:27:17.710Z,S20260421_142650,SC01,AUTO,,27.2651,0.0566,start,0,1500,VIDE,0.0,0.0,0.0,0.0,0.0,0.0,0,0,0.0,0.0,0.0,0.0,0.0,0.0,2.0,1.0,0.05,0.8,0.0,0.0,1,0.0,0.2,1,0.0,0.2
427,2026-04-21T13:27:17.769Z,S20260421_142650,SC01,AUTO,,27.3247,0.0597,start,0,1500,VIDE,0.0,0.0,0.0,0.0,0.0,0.0,0,0,0.0,0.0,0.0,0.0,0.0,0.0,2.0,1.0,0.05,0.8,0.0,0.0,1,0.0,0.2,1,0.0,0.2
428,2026-04-21T13:27:17.835Z,S20260421_142650,SC01,AUTO,,27.3906,0.0658,start,0,1500,VIDE,0.0,0.0,0.0,0.0,0.0,0.0,0,0,0.0,0.0,0.0,0.0,0.0,0.0,2.0,1.0,0.05,0.8,0.0,0.0,1,0.0,0.2,1,0.0,0.2
429,2026-04-21T13:27:17.900Z,S20260421_142650,SC01,AUTO,,27.455,0.0645,start,0,1500,VIDE,0.0,0.0,0.0,0.0,0.0,0.0,0,0,0.0,0.0,0.0,0.0,0.0,0.0,2.0,1.0,0.05,0.8,0.0,0.0,1,0.0,0.2,1,0.0,0.2
430,2026-04-21T13:27:17.963Z,S20260421_142650,SC01,AUTO,,27.5186,0.0636,start,0,1500,VIDE,0.0,0.0,0.0,0.0,0.0,0.0,0,0,0.0,0.0,0.0,0.0,0.0,0.0,2.0,1.0,0.05,0.8,0.0,0.0,1,0.0,0.2,1,0.0,0.2
431,2026-04-21T13:27:18.019Z,S20260421_142650,SC01,AUTO,,27.5747,0.0561,start,0,1500,VIDE,0.0,0.0,0.0,0.0,0.0,0.0,0,0,0.0,0.0,0.0,0.0,0.0,0.0,2.0,1.0,0.05,0.8,0.0,0.0,1,0.0,0.2,1,0.0,0.2
432,2026-04-21T13:27:18.084Z,S20260421_142650,SC01,AUTO,,27.639,0.0643,start,0,1500,VIDE,0.0,0.0,0.0,0.0,0.0,0.0,0,0,0.0,0.0,0.0,0.0,0.0,0.0,2.0,1.0,0.05,0.8,0.0,0.0,1,0.0,0.2,1,0.0,0.2
433,2026-04-21T13:27:18.147Z,S20260421_142650,SC01,AUTO,,27.7026,0.0636,start,0,1500,VIDE,0.0,0.0,0.0,0.0,0.0,0.0,0,0,0.0,0.0,0.0,0.0,0.0,0.0,2.0,1.0,0.05,0.8,0.0,0.0,1,0.0,0.2,1,0.0,0.2
434,2026-04-21T13:27:18.210Z,S20260421_142650,SC01,AUTO,,27.7657,0.0631,start,0,1500,VIDE,0.0,0.0,0.0,0.0,0.0,0.0,0,0,0.0,0.0,0.0,0.0,0.0,0.0,2.0,1.0,0.05,0.8,0.0,0.0,1,0.0,0.2,1,0.0,0.2
435,2026-04-21T13:27:18.270Z,S20260421_142650,SC01,AUTO,,27.8253,0.0596,start,0,1500,VIDE,0.0,0.0,0.0,0.0,0.0,0.0,0,0,0.0,0.0,0.0,0.0,0.0,0.0,2.0,1.0,0.05,0.8,0.0,0.0,1,0.0,0.2,1,0.0,0.2
436,2026-04-21T13:27:18.339Z,S20260421_142650,SC01,AUTO,,27.8948,0.0695,start,0,1500,VIDE,0.0,0.0,0.0,0.0,0.0,0.0,0,0,0.0,0.0,0.0,0.0,0.0,0.0,2.0,1.0,0.05,0.8,0.0,0.0,1,0.0,0.2,1,0.0,0.2
437,2026-04-21T13:27:18.402Z,S20260421_142650,SC01,AUTO,,27.9573,0.0625,start,0,1500,VIDE,0.0,0.0,0.0,0.0,0.0,0.0,0,0,0.0,0.0,0.0,0.0,0.0,0.0,2.0,1.0,0.05,0.8,0.0,0.0,1,0.0,0.2,1,0.0,0.2
438,2026-04-21T13:27:18.460Z,S20260421_142650,SC01,AUTO,,28.015,0.0577,start,0,1500,VIDE,0.0,0.0,0.0,0.0,0.0,0.0,0,0,0.0,0.0,0.0,0.0,0.0,0.0,2.0,1.0,0.05,0.8,0.0,0.0,1,0.0,0.2,1,0.0,0.2
439,2026-04-21T13:27:18.524Z,S20260421_142650,SC01,AUTO,,28.0794,0.0644,start,0,1500,VIDE,0.0,0.0,0.0,0.0,0.0,0.0,0,0,0.0,0.0,0.0,0.0,0.0,0.0,2.0,1.0,0.05,0.8,0.0,0.0,1,0.0,0.2,1,0.0,0.2
440,2026-04-21T13:27:18.587Z,S20260421_142650,SC01,AUTO,,28.1428,0.0634,start,0,1500,VIDE,0.0,0.0,0.0,0.0,0.0,0.0,0,0,0.0,0.0,0.0,0.0,0.0,0.0,2.0,1.0,0.05,0.8,0.0,0.0,1,0.0,0.2,1,0.0,0.2
441,2026-04-21T13:27:18.650Z,S20260421_142650,SC01,AUTO,,28.2055,0.0627,start,0,1500,VIDE,0.0,0.0,0.0,0.0,0.0,0.0,0,0,0.0,0.0,0.0,0.0,0.0,0.0,2.0,1.0,0.05,0.8,0.0,0.0,1,0.0,0.2,1,0.0,0.2
442,2026-04-21T13:27:18.748Z,S20260421_142650,SC01,AUTO,,28.3035,0.098,start,0,1500,VIDE,0.0,0.0,0.0,0.0,0.0,0.0,0,0,0.0,0.0,0.0,0.0,0.0,0.0,2.0,1.0,0.05,0.8,0.0,0.0,1,0.0,0.2,1,0.0,0.2
